33581
4886
17067
4812
34102
11962
18012
3448
17339
6108
1593
20261
10239
16246
17503
20352
31031
36621
17197
15788
1061
25842
30563
27419
31403
13363
3039
29204
10598
16032
3084
15360
2481
5038
13774
16913
14361
10156
30536
37114
18661
23132
35324
32388
26696
11255
23543
28460
17202
4203
28706
38131
4567
28911
15874
37715
4004
22377
19009
6488
23550
18732
1115
39005
18004
26140
31199
24246
21872
33966
29390
10123
39212
29269
23038
21471
16884
34469
34710
21330
14760
5308
8355
20284
26976
37019
30761
88
37467
32976
9912
33546
30839
1510
27287
6774
463
10590
23610
6050
7238
39455
9393
34716
13175
28987
16001
14007
25377
29063
30999
25174
113
37188
19021
39197
23056
31487
37247
1568
7346
34380
2906
4298
20730
2813
24961
21194
19087
643
1695
6691
13614
25330
37516
22279
37912
10020
32145
19053
9895
6128
8636
23561
24774
30276
18170
12965
4666
23324
11455
31694
27794
39255
26227
21312
13847
11398
2807
36090
33401
22948
31343
37608
35037
38267
39293
1496
19506
26577
7840
11541
26714
634
14820
3717
36209
10535
34261
8172
21047
4954
30836
15143
23008
14096
1747
35871
16446
39985
13529
17001
10026
7249
21942
35947
31149
27185
28708
10323
28217
13000
16364
19431
36765
34163
32434
12678
2431
12808
17725
34222
32121
18651
27195
36366
11589
20402
34897
37053
1978
21716
20062
39065
29231
35337
22784
29702
39657
29808
21952
9808
28419
18968
28595
37736
11454
20972
1922
18876
26936
7251
35127
5493
37422
6491
20940
14692
5444
13658
37154
15928
29146
36229
37235
36443
26492
20360
39647
37629
15543
13216
26275
12637
3228
36503
4628
1688
30293
34088
33826
30363
12080
16177
20015
27982
8488
6695
30465
37634
33814
22720
10695
10317
285
32693
38243
15999
36717
38959
16906
21842
10243
26409
18746
17077
16365
10025
29329
5232
29524
9362
13667
2262
14545
22296
27797
2292
9975
14110
9354
16744
4633
20165
33511
26298
23902
24808
17476
11076
15282
4071
19193
25838
17198
5563
35867
24828
13091
7422
6456
35603
2892
34789
9082
16593
27199
18466
29053
3898
23095
14540
35836
25504
2954
38414
8457
7823
39088
23031
33465
35820
20764
10120
19750
5030
34170
27116
11883
39928
16069
7303
3474
11032
35839
4351
31653
5392
16540
13779
9297
18626
8468
3601
8233
33692
28797
38789
38552
10320
6470
19342
33234
4750
21486
33051
4426
8206
19900
14259
3778
11670
38444
29070
20503
19073
391
20151
5913
17266
11358
25400
12818
3695
37301
5752
29785
14222
4855
31426
12014
28961
34484
10130
25293
21602
18
18183
14719
21322
28209
825
25985
732
23852
38289
6427
20109
4017
9778
35265
18436
24610
13850
20811
25513
35333
4826
39550
17776
18589
39092
21448
1144
11986
29503
5821
18076
28632
19620
27561
17101
10817
39872
30433
456
32620
476
33011
8409
34192
19894
24923
7632
31271
29844
29555
11478
35170
20771
17486
37458
2566
22889
32547
15981
4819
2666
37808
4065
22344
27842
39292
33871
30397
23987
8781
28736
20655
16908
4303
32760
12132
28792
36177
35505
25428
37037
36687
11820
20571
38912
22862
32549
4451
31562
11270
14660
30511
16434
18639
20812
28223
5833
38123
33256
1609
36386
11903
31465
9342
21519
25320
16693
9260
940
33434
10119
22839
15961
17189
109
26901
15036
26907
189
537
26194
12453
20494
531
23859
16117
20748
6668
19600
18132
32240
32008
29387
8878
2875
20173
24814
21921
18938
23982
21949
1428
34206
561
9991
11453
17012
5603
7707
21331
1574
10258
4225
33273
8001
8289
34731
18099
15834
32469
23950
39314
10194
19725
24186
3339
8106
14863
29095
1875
39192
19462
21475
38154
1085
4288
18951
16676
19251
22992
18933
17394
1231
38227
23729
14816
39200
20611
30280
36437
29157
20861
26342
14194
17006
26978
26941
13376
23361
20064
6811
19691
39507
7573
15534
8525
37376
14387
24258
10790
12374
32685
5504
15886
29320
5989
31355
26256
24107
30473
29789
30844
19615
31125
319
39376
16978
5005
19773
2101
18678
37092
3422
26404
18669
39307
23448
20058
17551
30283
27506
21632
18124
13027
6523
5757
19304
32525
32651
20523
3304
9326
39649
21414
1571
673
18375
4129
29267
36554
36908
2125
38797
10145
38032
10938
33783
30779
18772
24674
32866
39977
36745
24853
31172
38147
25935
20382
1425
30303
13109
19000
14028
701
23390
33052
38109
32967
19639
15496
17417
5763
6970
1355
1167
31117
3015
14898
2069
1551
930
10619
17401
16660
11328
35110
29721
38679
10675
19601
34042
26474
6273
15081
12306
20799
27021
35766
8213
34286
2438
6661
26351
2800
12194
13004
15254
18752
14113
7736
11720
2914
29888
29369
27891
36548
35021
22404
10715
32007
19993
21163
21477
33525
18888
26110
16003
11438
39233
382
3157
36084
21759
9347
23812
33655
31171
32343
17771
38778
9938
23764
2990
7150
14612
6845
20383
23531
13927
39989
28407
5742
16858
27060
12948
22732
21441
5278
31164
38749
11078
36213
3890
1075
25883
29929
30637
30965
33605
18149
13858
12527
32427
8258
15984
36574
10677
18775
29000
14573
38796
34443
9893
26538
13535
39299
3757
24639
34602
13506
14887
22562
10883
6353
38917
13974
6752
7151
15876
31386
37641
17607
14021
27068
15157
23006
26296
15433
23105
37852
36424
906
18489
10214
22292
20414
12526
36122
35829
22575
24295
32577
27866
26607
24713
27560
35596
21089
19456
39553
32303
30327
15987
21664
25876
18743
27348
33850
15063
14526
30989
22548
9169
21347
28006
7418
15111
22592
38181
14867
17838
1440
8707
12802
2133
24552
18998
13587
5832
15085
18756
246
26928
38061
31275
27919
25140
32165
2141
38024
26248
15314
37767
37546
10489
24244
39103
26457
26523
30684
10297
26039
10621
8211
10501
14715
1799
501
3409
27817
4857
17143
16332
38714
21946
22057
38653
30245
22028
1196
10663
20425
32443
22667
38240
4220
34435
8821
19856
12876
15297
3455
19584
11805
6088
39259
3557
34334
24962
32564
6033
14373
17210
31428
37503
21667
30358
34635
30242
21998
17577
34452
1969
30628
23313
39279
24596
5104
34021
12934
31145
19458
4389
13579
8936
29114
11769
8224
22082
3469
30510
34218
26
36235
34240
16900
553
1002
996
5710
25968
2956
20878
7926
16393
28824
1004
33452
35242
37882
35646
7447
37492
8107
21033
12594
10800
12664
24453
5956
10540
32003
3214
3772
30553
15866
13001
36163
35006
2805
17492
11596
5411
21249
15508
17316
2338
20829
7469
19185
39182
541
16980
12341
26308
23813
29794
38570
18264
32637
10304
11875
5999
30870
36830
10914
12315
30243
5384
891
5629
7385
4431
32086
10112
16086
29889
39978
3107
3620
14742
19518
34792
13473
23273
19122
19120
32821
4070
6455
10711
31984
32493
23262
18650
8835
13104
26703
1070
18088
12900
19688
26037
16425
11907
22146
7513
13688
21321
18292
4757
8337
14637
31467
21299
12294
38127
35992
37683
31030
37569
15410
6566
33668
22892
27775
15464
26619
32075
3962
21114
17463
5227
25495
12464
6316
31566
27201
35438
5524
36101
22947
20695
37170
24520
1133
39505
25214
5095
2082
32653
7534
10924
3333
24707
4771
39451
9782
30847
6820
28087
38208
8051
35164
6426
15460
16730
36843
25152
2332
32610
18697
15817
27045
37922
34644
5992
30551
34906
26295
22745
928
14845
7233
16695
8741
11849
10472
27655
7189
36977
28768
28463
34425
37420
30460
12986
14876
10944
38649
15014
18728
31875
37048
8593
10415
3543
25830
1874
21097
37295
17287
5805
24736
24566
23662
32811
6987
18075
17750
10975
1280
21458
19084
28815
19248
19216
14789
33827
39118
9043
4278
2320
3126
38956
30372
26213
19447
28602
2929
35707
14083
33696
6181
17904
5306
10628
29087
7372
5220
8580
36042
24478
20019
31018
4815
1968
12042
23501
12406
22170
36076
4398
7554
39230
8882
15713
18306
26325
14455
11923
6886
14053
38362
22236
27567
34282
28270
5016
26413
8663
4146
7045
1194
12449
30442
680
22577
4711
9047
7874
22180
22306
12882
17761
27219
22710
19186
1286
11902
27056
2869
13640
11039
12376
14746
101
28312
18230
33008
8758
29561
28380
36465
2943
4676
12745
6593
35681
33997
33538
8546
13946
30456
30986
36517
9030
15151
22477
31376
4346
11308
13456
6250
38309
30895
23180
321
13797
16045
33323
8552
25353
27532
6223
8654
5173
37859
15114
3988
28112
10479
38857
5056
15694
35224
11712
1345
26580
26309
4317
33352
32023
30139
3577
13563
10395
11123
18390
18496
3067
18351
27611
30153
5985
9417
8302
5995
20430
28983
6171
36579
27777
8569
6890
4497
30638
35250
15274
25886
37703
21175
36206
25378
31277
34748
19426
21011
4911
7781
8657
18909
19061
23939
15809
14600
1872
17840
19249
14099
9288
15402
1351
21968
9510
32291
39909
23199
19883
33653
15037
204
14548
35903
31894
20712
6052
6467
17377
1028
588
22696
37364
31456
24502
25334
8183
12031
8881
32519
10802
13085
13939
37973
1681
28728
2629
37427
1436
515
7865
36776
30513
39291
7731
2750
38730
10284
22569
31555
5879
6404
33929
35629
39779
1191
35243
22112
20407
2626
35414
15180
22748
37757
8100
13829
27223
28221
31515
34879
7821
11771
475
39730
1792
1339
31947
26187
29335
2701
5894
25790
37213
23075
23953
35875
36794
19243
13641
34326
37403
34354
6193
38144
35412
29861
20472
6379
13299
19302
17036
29449
35842
20171
37871
15286
30487
29458
32198
3971
5241
11684
25274
7092
34505
16015
18395
4856
28844
30614
7578
1860
17089
1995
23698
4266
39098
11247
21936
33533
22016
29179
36131
9109
7098
29293
6137
28346
11568
9608
1131
22768
1084
26044
22442
26232
17047
24846
16381
16679
8653
30671
30402
32394
5083
36879
22182
22329
38794
11356
21909
37971
13545
3261
5053
35403
37766
36242
9915
29576
37558
30261
5526
29666
27369
12212
24245
17114
29565
16831
10953
27654
39378
27052
18494
29620
1829
37131
35190
14713
35043
36339
27953
375
32195
22291
39885
10717
23922
39485
3222
33607
36461
23333
26310
18067
23166
33376
29384
1215
35865
37008
16282
38311
38335
30554
15450
35737
33528
16850
3882
37581
1696
21884
35974
38189
38514
20199
17211
12171
30616
37997
23055
36647
19096
21918
11739
32649
12744
1372
13981
14610
29749
14004
14859
22647
34344
18326
6230
17839
9943
18071
10600
12215
32672
1078
39417
15020
8437
31084
22172
34704
16651
2834
2368
1894
23299
25164
4325
28631
28588
37494
22788
2888
37605
24663
38970
396
32570
16637
11729
36441
17742
10946
23835
26467
10929
6948
16051
15677
20239
580
336
18298
9304
25746
23672
22115
9518
21246
1698
34752
392
28648
3924
36080
512
26865
18269
15197
36665
37303
13664
34646
13415
11183
8939
11570
3082
32666
11585
11241
15726
1100
12327
30161
30525
24641
7846
33726
23656
6019
38279
33980
30775
5523
15089
2036
36863
26488
132
21395
6272
18177
29615
14585
35520
35434
7599
28336
30695
1518
1691
10978
13997
16702
28294
21628
24699
7495
31509
10442
18110
35608
31977
2111
36736
39692
35197
34910
35048
33253
34317
5272
22613
20211
4046
22111
36251
35200
36584
38989
19199
5644
8941
21997
10017
36210
36815
25914
26777
17387
1450
32946
22495
14127
24763
28946
13721
10705
693
38573
35813
1083
29743
31539
38244
2593
3303
8283
30309
20203
15375
6524
12179
6305
15862
14747
33520
34632
8733
5488
20991
13020
35873
16191
20563
24848
35693
8396
1356
2331
38851
1260
36100
12104
4919
1222
18947
17898
33445
10319
10200
5449
13612
32711
1758
10296
29633
25817
22809
1849
35601
14056
23549
11224
14700
8534
7622
18263
22148
10645
12736
35101
1474
25029
12694
2043
14776
17858
34677
39169
9845
37507
30288
32289
20376
26329
36639
17053
25232
7826
35864
27277
24825
15953
22901
10485
28381
31046
28163
1889
6158
28607
27429
12861
7248
6048
26828
35558
6466
27381
28282
31639
4503
27851
5246
1537
26895
18394
36521
38051
2201
22382
17817
24408
33136
17129
7543
16076
9698
10774
23502
31194
18633
11666
25470
38668
1723
8050
4609
33119
18483
31821
22513
18389
9162
4002
24143
9445
12726
17592
1940
20325
18501
11562
10984
133
15732
21843
9106
29598
27362
15344
12626
22600
33931
15055
18052
4116
1373
28661
8483
18320
16748
36227
7001
2445
24129
31518
31488
1181
38211
36439
29976
10327
3647
24196
36876
37604
3839
3089
18497
26122
17011
20706
39910
23336
6411
390
27813
6783
37931
17593
33099
22240
37122
27760
11452
8898
23321
2795
13169
7818
7925
35214
13877
12761
12523
5886
30981
444
9222
3480
24813
15212
11367
27946
36140
14938
33757
4822
32736
29135
35027
23037
900
34247
20397
37801
16184
3459
368
22058
33172
37414
23887
25411
764
2174
7005
34513
4519
13337
9622
32754
29603
16885
16460
1074
34886
14706
30792
25475
14062
35453
7870
24592
12605
30686
26463
11748
33569
1603
29227
27857
33773
31069
22578
1759
6750
33928
34737
36674
8290
26981
35091
33771
5437
26470
29605
12024
37267
23353
8739
15178
31930
34659
14490
32823
25697
36811
8029
30294
4400
21379
2386
14695
18835
34983
3086
24747
14896
12942
12365
9361
28409
24207
10851
7033
1945
209
27197
2738
17852
14781
30254
33160
6066
28985
30488
4851
27719
30102
19203
35471
33281
9128
16909
8669
34294
20692
32574
15674
36558
28343
6929
14989
31420
218
31211
1096
36
32474
33183
30732
22961
5490
36223
24734
37913
22064
1806
10443
34061
27147
30037
24403
38869
15430
24209
20526
22990
35713
30807
3299
20130
32829
22706
33042
20186
4772
1246
21363
13724
28210
34795
13316
7676
516
23920
25265
12814
18451
9881
33698
33740
30664
10444
26050
2344
29414
17502
27586
36651
20434
2224
25158
11866
6446
36692
2197
14278
12325
34811
944
25889
26218
28080
33630
14400
25220
12728
25987
27346
36463
21143
29136
16225
31412
28885
23720
20634
31075
35470
4433
37262
17088
37419
34407
9642
17490
8344
17133
31664
14902
21954
4741
21188
36436
39906
2175
22167
37276
20717
28435
30146
27336
39621
6710
5077
4660
3523
7801
31142
14135
8875
32532
37867
28118
19864
26930
8442
29669
35621
9475
3331
25837
17366
2767
15885
31544
5101
26613
16811
36045
10680
43
36998
17834
31781
27041
9859
11813
10213
13239
34592
5486
15572
9560
16071
22798
4613
28330
8136
24900
2766
3679
33932
33905
3844
9599
35070
14251
3880
998
24189
1756
14978
9980
2264
25272
7746
28857
18542
35264
5397
6996
2413
16470
2318
25904
7261
9419
38574
15266
33647
2325
35790
25044
32173
9805
38425
31559
8504
9223
39749
4183
18645
24275
23977
18929
9795
226
14495
19941
15903
34709
15920
18953
30802
21739
38402
9241
2166
7692
9648
4769
12596
11892
9005
3213
2190
39630
24024
32171
39336
7744
9108
584
23693
628
8382
14277
13527
37452
1123
25143
4879
29336
21762
38625
26454
31622
39737
35133
32207
14386
16781
26681
21132
27319
31154
39360
4811
36582
15553
18871
38139
21722
6561
39729
28740
34555
30863
15181
18962
34410
25037
38448
30946
34957
33901
23100
5213
10939
28681
26119
14732
11056
32692
6235
28454
4678
15497
20020
2935
1165
22033
24135
31611
5626
3392
21747
27824
27626
25831
26748
29623
8367
4664
14827
34523
35113
26897
25583
36839
30971
9939
15502
24230
3954
4968
32704
7722
5544
18621
7029
3752
39320
16043
24656
26434
25541
13056
25984
20908
194
30229
470
9860
25682
3870
31494
17258
21877
12769
24569
35685
35816
20050
1576
32467
18576
33548
27628
4692
28635
139
22637
34963
34067
25251
20182
25638
35606
6641
8142
17807
1030
5374
30750
39575
22726
15425
36041
6164
32050
30026
21804
33242
908
36829
34661
12334
18798
2776
3621
21063
13907
33711
38304
32342
21150
32869
21920
20457
27215
11753
25459
11790
23997
1063
3268
29348
37955
5882
39600
21904
31389
8426
14593
28389
32771
18973
3876
2063
21450
6614
37478
23368
33652
10866
17974
7897
988
35357
37300
7665
37338
2915
10749
18248
26938
25687
20258
33959
16108
16714
13508
15575
20800
31725
7328
4956
20104
28764
18160
23391
24022
2034
20313
3709
18461
11278
12303
20497
20576
6837
28530
36537
37588
741
39932
4209
33999
25364
13233
13374
3408
27342
8218
28552
9754
1470
32324
14565
8452
15494
14334
15301
3975
9076
18249
26356
37540
3977
32944
38674
9003
29800
12654
24418
31120
17928
17876
9709
10459
35967
17929
18974
37472
20776
7548
5020
18082
6637
6201
28317
28685
35396
1336
6307
14653
24257
28984
3832
38998
9447
32844
39203
37656
12384
15689
6474
20789
27427
36288
12921
16005
23553
5212
17152
39517
13722
14116
32744
33175
10855
30959
5269
33594
14374
36602
38493
9542
8595
13354
19959
1067
2891
5064
28845
11070
13813
19758
33329
25826
21408
16180
38531
13151
17540
15053
26966
30739
21272
33432
5019
13727
2769
22810
5398
11963
2214
14591
21358
37602
39441
12190
6959
7602
23877
1697
30311
7507
33588
26153
5601
26503
3335
23068
12133
35647
15875
28899
8585
38698
6988
18448
14539
26870
29995
21961
34359
25313
32798
27799
37314
28937
30572
29853
38089
320
8698
10518
14248
10611
12662
18176
37306
2503
7354
14403
38765
23134
30024
11135
16281
5840
11889
38567
22666
12308
37632
28427
8570
23026
5039
28851
34521
34566
28243
30287
27417
31122
27394
17056
25543
10095
2608
23041
26072
36656
19877
13915
6345
35144
21696
38255
14171
20344
12708
12777
38028
22834
16075
12472
17824
3694
6906
2415
38295
13362
21262
13967
18912
33879
15094
20316
37759
26731
14420
5014
18019
7169
26336
4947
31240
12123
25553
26456
997
27615
9155
11331
28949
27465
14821
39150
22361
1528
9019
22012
10525
35327
5270
18720
16611
11949
9853
35847
23738
12815
14193
4181
35857
22823
35891
3083
37394
23972
12378
9535
15793
19377
25978
21967
15463
25599
32191
25348
30031
17816
27531
30781
21383
36427
23906
39695
24678
8509
30992
35812
35795
17474
37533
23043
32765
22342
8803
19002
35436
18716
34213
3813
10477
2433
11257
30583
9712
24451
31492
570
19213
3805
8341
32759
30566
15991
22593
30007
27521
22558
31196
30046
8257
35082
23218
38042
15516
35546
13424
31464
20967
10882
17295
22087
39691
29643
36309
6087
1128
25555
23143
4403
12939
27235
8365
34251
7076
24547
3921
38566
12661
11179
24948
2964
11225
17737
29440
3513
16284
35230
24632
37895
6828
30499
26306
24387
15621
37440
7619
16977
10160
33507
22207
36402
34262
24578
26874
4457
22274
35939
15155
18218
38795
15547
33752
29117
22976
26670
11433
7717
8362
8212
29846
25916
15484
2108
19532
7199
37666
39298
26228
5633
11093
29233
34777
16465
24821
36703
10514
16339
7432
26036
37906
33220
36027
21690
31939
21425
3030
33619
11832
37948
34745
28434
39547
21203
9513
14904
31186
12852
27494
11306
219
16711
30301
18016
39882
24968
34844
30977
28542
29822
38048
19918
4945
36586
30962
39244
3786
20256
37685
28787
8229
24055
6291
10760
22944
21352
21157
27085
3713
22435
18545
28612
13340
22109
29911
3553
39918
38608
15467
6681
33332
29780
19575
14048
22003
13475
20217
12737
26422
9802
31787
33280
38436
37206
26788
12944
17218
7788
20229
10161
36957
31472
13735
3432
3101
1989
18205
771
6995
39815
17057
30533
35860
24581
17623
12404
35542
17055
29700
1407
31959
5571
33780
21809
31001
21520
3063
8579
31584
32645
28671
26011
7451
32415
22320
12680
28013
32306
14484
11910
13555
34788
4279
19323
37115
29291
11086
34549
25073
36265
15103
21530
15943
38491
2716
34977
36875
28443
11467
15791
27574
3076
38907
15003
350
34570
16248
13431
38058
10515
10328
20998
25271
9656
26544
26063
27779
20368
35045
30776
16
24331
18498
39801
34972
12470
29479
29432
11500
16997
34034
35174
1221
37210
3125
314
3146
3658
26934
27028
8156
15685
22651
39783
16863
25718
8524
39712
37344
26058
2304
14975
15436
24868
27321
22783
20708
33978
857
7073
35831
30736
35933
22735
27151
10379
7757
28519
21609
3395
5963
39325
12029
38995
25772
33475
30542
12653
36494
12888
14336
38326
21903
31450
5675
14852
39409
24902
17513
27495
30720
32462
19618
38618
10934
38497
36796
1545
36920
33753
9593
31716
24117
4610
25784
11647
13591
10872
14999
24791
27164
36011
39166
36034
25828
16861
13459
24525
14948
22880
33516
5282
39333
36156
20641
26999
6891
35192
12945
34839
25629
16338
38090
32429
37234
32248
18458
10105
2263
6424
17759
23707
13686
34708
28978
950
8371
14205
7387
23478
16526
37277
30880
24912
31870
748
36289
39957
39337
15171
19806
34482
37680
31972
11742
3506
21803
10224
37863
35475
26081
19887
24545
12863
22908
36498
23343
29828
3003
32901
21270
15822
36561
14184
10203
1866
11995
27225
10559
39979
9875
3516
14139
18631
6440
19167
37640
19947
19621
26013
35552
28624
3336
18191
32863
2056
37399
29550
38620
22330
777
19328
9632
8749
31022
23503
34856
29236
34149
32144
26154
3172
29122
14891
1029
4591
18884
34529
24536
39780
28521
9332
4585
7528
20232
13629
26460
39699
32267
9869
9418
19608
9217
14423
30949
15790
21814
39818
6211
35123
3650
25614
35951
23745
27741
15395
16247
6246
13461
32220
26441
567
2678
34412
36026
38834
27598
26801
38168
5345
15742
21277
12650
34162
36059
3177
38159
2480
13284
30055
14466
16223
17793
28004
7260
28432
26245
15223
13887
27743
28568
29058
10471
30255
1317
31942
11381
32872
4285
17894
16921
9254
9352
38815
6070
7458
4893
36978
22934
30114
15437
3654
29376
20558
23636
10447
37764
29049
26461
3453
37212
39625
32930
27666
21438
32084
20260
5098
35094
18667
21369
2245
14822
4399
10009
27347
26963
14006
25047
65
36559
15743
14230
2180
37880
20951
37366
32568
37361
32734
24712
25363
37775
6153
5614
9027
8717
33227
32268
5568
35162
28286
12552
18388
17409
1101
21892
37524
28488
31187
15733
18196
23816
24672
18782
12345
22547
24174
9792
29805
7659
2590
10001
1717
35911
10618
18499
3265
20179
39032
14636
12443
19967
37243
27858
39820
39341
14241
12582
13874
5578
32135
26848
26483
20699
1559
38729
39504
34371
10221
4432
16363
15585
33553
30159
12782
3550
1204
19204
15090
34143
19504
9831
39484
33712
21931
11853
2506
34825
16733
3564
22597
34024
12994
13692
21128
3990
7218
9890
28003
8624
39213
36608
21939
31170
24870
7663
5357
32153
325
37222
26178
7138
26211
10186
9249
22089
24752
39942
29917
30567
2799
21791
21748
10955
27243
38641
19180
13258
37352
13493
33573
14138
3588
38119
29528
18102
30252
3460
7293
23286
37384
13295
32379
39119
19738
38473
5410
22293
18814
31482
28332
33260
39950
32907
38140
37761
6824
3450
12982
31441
2643
29273
33955
21141
32392
8760
39822
35725
21853
9604
18256
39084
17471
36218
20653
9549
23051
17221
23195
25429
12110
37900
39874
10155
6096
38134
3951
18407
37244
13470
36381
30248
11245
28778
29951
27288
7785
149
33521
12624
18089
37565
17182
14061
16059
20621
37078
13
5405
10576
27507
23116
3972
20610
5993
35514
4622
27627
38868
16762
14829
7544
39559
34299
33824
1050
10455
31105
37659
39839
4168
8416
28019
28195
22744
38750
29886
22683
18949
2822
16142
26574
4653
32349
20501
14341
17554
31941
17925
38558
3792
2871
21856
24708
30333
9596
22315
26019
25713
31772
8784
32341
17230
22795
1901
33034
2802
30337
21661
30160
9434
31600
1223
38817
18735
23569
13985
15741
16589
33108
16042
9959
27928
6142
16525
6793
1198
2031
3763
19363
21546
11844
27533
18783
18794
23978
24414
6407
28580
2356
37508
20691
33716
30607
33859
38501
12584
19480
32141
6775
18683
30204
7558
21423
33398
26333
20277
6471
12720
13420
36203
29399
23042
12408
11702
23919
12077
20562
35574
26586
12147
31708
20850
26446
37348
5552
14749
24322
10808
32538
35047
18179
27446
17964
31811
31267
11161
23376
23826
9376
8691
14392
23181
124
23564
3830
3231
32768
21691
34398
26498
10131
4062
13681
19138
39998
18784
30457
22668
21937
15107
32842
23228
13940
23930
35226
38450
33518
4299
35834
15813
12621
24476
23449
11209
14644
30298
11148
27796
22490
35266
13315
3578
39063
2512
30470
30340
3932
31303
19911
8521
5624
19450
39393
30697
37526
6709
35763
17567
18148
18073
36200
22678
5045
225
37937
11605
3653
1431
39828
33333
25086
29305
16828
4329
12676
34538
3558
13644
30788
36449
13743
15302
3113
31644
11373
20114
208
21054
19549
6073
10523
5529
39332
11162
2358
27051
21812
34873
15399
29498
34855
36275
39678
32049
8313
13968
9281
3167
37936
37907
3936
19320
16670
13621
6667
19793
38083
6781
17430
4720
23367
27137
23265
5679
20687
28670
759
22787
26025
16031
7278
1936
10847
32301
34280
38188
8807
1457
33490
29981
18332
38596
36159
8101
32490
1947
12144
13599
22138
15848
25463
20259
31770
29141
949
25727
38973
34640
31375
16628
24615
32033
2035
28692
37040
7889
27837
19076
26343
25753
16149
17545
38052
18692
37960
11142
6571
17549
31665
28599
30181
4007
14010
29429
23728
23127
18474
14118
13853
911
25648
36585
17976
25241
26854
15894
1900
10150
36996
25050
5040
1539
1619
4029
3599
19671
38187
1923
1011
572
26276
25116
19063
4197
34674
21314
24564
3156
28361
1983
34936
19746
20927
25080
21638
7333
23123
26618
6674
10724
19123
4057
33092
5887
28387
410
7434
22077
27310
5816
11051
35935
25768
33484
24265
21828
6895
9266
39300
11480
29436
30169
18022
14507
31408
5918
9772
28410
10032
8391
24151
2950
961
38014
17722
8489
7993
31443
30176
20137
2855
18182
16740
23272
14496
10640
36650
11945
28393
39775
11622
38662
3537
10450
25224
10503
7291
2339
38850
19176
28400
681
20709
1291
27686
4201
8227
12830
25135
16343
889
23341
21101
36073
33744
30393
2159
3967
21882
4930
29954
327
5508
14182
22225
8463
26366
31405
7609
5264
16251
21323
34151
31915
38252
32606
3540
17113
37625
27684
16677
26269
32826
25595
14515
33122
7217
25546
36205
10735
39580
4656
21973
29019
22587
10970
8984
17850
2949
8137
27182
15532
14107
17757
39465
19930
34101
2058
39159
19056
19301
35863
17332
38766
30820
25699
21239
18120
17890
39661
4383
31958
10794
1819
8541
9652
28575
23130
34841
3504
3714
31553
14009
15911
32587
31409
17514
12984
38593
39374
25700
36993
20328
39250
21482
12113
11669
1768
27766
31175
38520
34527
10622
28893
5175
14851
4327
2852
30162
31137
6068
24313
11266
4357
9551
12716
1714
29960
26632
15786
33240
24507
10057
19821
24253
33338
7398
14446
39345
21643
3877
3847
29004
7661
39875
23089
22157
19315
9825
32988
6009
19826
11163
582
1751
7966
1399
11877
25393
36931
942
25212
19457
31445
6503
1595
9773
32954
6227
28799
29056
19179
10030
13129
656
16824
10574
29107
571
28944
15683
14252
35547
26817
21525
36917
13943
28913
25028
24283
3700
23509
35631
33407
37800
2665
34785
16817
24979
38899
14080
39653
20622
24404
35297
164
10255
4244
3681
35056
18820
10305
38906
5517
29105
39091
2485
39715
16523
23512
5011
14199
13140
22339
22336
15583
7521
19090
33322
33176
26933
38069
11016
18042
76
26157
16793
30331
34774
4950
11189
20918
20247
23211
35274
30179
21192
16479
27631
3505
31007
15134
35013
23800
34004
33091
30611
26188
31059
7301
16786
13955
39194
31728
26756
34847
9339
1108
12710
10679
38354
20777
33560
23721
19807
3619
30380
36840
32837
5827
29281
30759
24194
6687
279
13423
4158
34422
37386
14001
5661
8511
24878
20100
29119
6521
33410
6367
17245
5786
27040
3106
19592
20002
8086
6101
32583
34100
26667
27786
25646
5223
8545
8716
3963
14514
15680
5872
36407
14837
20126
33651
22841
27920
38696
10881
4781
28090
33032
24314
25279
37855
39589
35424
23525
11571
18598
152
14805
34257
19528
2269
26210
29192
31433
5260
4920
30561
22303
33877
18290
6543
37004
18891
31585
30238
29756
38840
8648
36964
24652
20662
26641
38687
5866
21760
17906
10292
25065
10045
18883
17673
7561
21612
2203
37496
16300
22348
26948
29350
24423
24442
1919
14238
12629
21069
7650
38646
9337
27926
356
23612
18826
25013
38408
12488
28723
17104
36654
16912
8306
24918
27491
8666
39810
19289
6141
24116
26128
7939
26430
24761
33807
13796
17131
12842
6940
36304
36052
10197
28025
34005
22819
6127
33152
5356
25966
26923
38209
35673
2737
23969
38798
15522
560
33308
13568
31305
25822
21558
35814
7433
24670
11351
38374
9606
2198
39364
18817
15261
4434
15756
38000
30810
37954
30215
24706
26610
15936
17943
36107
11053
13028
15300
11521
8431
25430
19288
11536
171
34581
5025
29540
9921
22564
37491
33479
29010
23206
31828
35654
28566
9584
38303
12252
18203
3328
32721
38881
36986
2087
37802
1451
39832
7769
12799
2285
38020
28898
31065
27084
16847
22311
2957
2046
27057
38822
29451
37725
36867
39361
9258
15237
15118
14074
7316
27642
24796
15317
39355
21788
12564
26957
35148
28383
9013
25011
26664
3982
27674
15159
12429
36010
6791
21676
6515
35195
1175
34348
28888
7862
30382
29428
19427
25524
19681
15755
5321
18027
25846
37849
970
13689
14941
18890
12264
18681
2050
23691
30617
15647
19045
19308
7963
35977
26290
22162
15638
26858
39687
16208
33606
19961
13297
8485
29927
29264
16402
27934
24109
20102
39548
31851
15152
17431
2040
10483
11699
1459
3464
23364
29845
7159
22830
23150
39893
39812
34849
17808
8022
9198
28196
36912
29488
9234
39142
18193
32015
37951
19382
32725
28838
23243
22194
24366
9199
29349
20034
34784
7523
7043
11648
1310
6505
36810
20304
11125
4743
26160
36619
35169
21202
13856
15383
27406
20378
548
25310
16834
7910
4756
3888
37560
4759
10132
20763
27227
445
15566
14642
28881
29589
22242
6930
7307
2946
18427
9649
27927
21402
39552
11388
17724
4779
25352
36858
21476
30338
12763
12868
27951
14189
35205
25396
38466
12741
39346
15307
8886
15161
18754
10655
34489
19594
6279
11145
28731
16505
39698
22021
24063
28486
18788
35856
32237
16022
17710
19881
30806
3720
6858
11981
317
3745
30526
24044
39741
3401
24370
12460
10492
36821
24933
20993
33222
4530
5784
16769
4697
148
28839
6655
8155
26073
14405
23430
28378
1953
193
12367
21880
6296
6465
31006
1390
19551
6251
23825
20970
30887
26127
29030
36267
24994
31283
9930
1153
21951
23418
9539
16892
30064
15051
20490
7957
9786
1262
12581
1601
35439
7829
8591
15579
6669
25922
15272
2435
34105
27253
8693
15462
10935
35696
34123
35005
35595
34874
23763
4385
4444
18665
32591
18352
709
19441
36023
23642
23714
14491
3600
28814
29913
31565
14508
26117
11040
34803
26772
14421
31410
393
13898
19106
1938
34862
35275
36102
35338
10519
21699
16239
27078
34530
26717
3719
17436
18531
7461
16985
19635
3054
18920
26395
32147
16890
10383
9368
28513
34426
10418
3837
24475
36447
22528
28205
20921
14318
30852
14831
31280
14677
17032
10981
10478
11075
36282
23851
19931
28504
38167
22357
2833
4361
29581
13852
31845
4673
22616
25294
12398
29694
31181
34260
36874
2416
3611
35313
3362
22591
25045
922
28058
27218
946
18216
22117
31284
36518
33739
29166
29358
39149
20682
28224
26001
25069
3586
1524
4420
23644
20867
17678
32385
34259
4026
13217
15086
229
15443
22985
22254
15829
13038
15630
16729
29792
21855
12054
16821
21422
7039
21403
1898
38419
7305
1715
33774
32450
17734
12465
2440
39201
14973
5738
30227
20937
12954
2522
2472
12228
24529
28149
5812
3355
5436
15768
4978
9325
4370
32318
5994
934
27749
8714
17797
10762
28441
1589
39733
28822
35798
39043
23844
32625
13002
28640
4859
7192
14683
17428
38478
30993
25244
25456
28423
35988
37416
25034
6786
20473
14197
15567
5154
23999
4553
37105
19398
38318
5099
32831
28633
30096
3938
31176
14777
14315
10385
4180
9523
7627
35077
26163
38356
14738
21991
19339
29170
8668
23678
2817
4405
16144
3826
11403
18266
27872
26499
39353
8448
33142
4901
28472
12051
31724
24877
30668
2027
4784
30796
10698
7120
15891
3943
39303
23651
8582
23082
34070
31413
10046
18307
26109
15929
22219
5150
19047
18556
22714
27828
11281
38235
16700
6477
20608
19602
16404
10690
765
24540
21264
18029
27508
4850
20666
15492
610
3604
31331
30939
4798
1918
18423
11217
26377
4663
23145
2901
24725
25854
17868
20614
3431
9036
18097
22338
1710
33129
38972
2671
31707
32154
4861
36164
25000
39423
4860
38164
21862
19470
34763
24683
13123
13870
16687
31512
29875
14555
8957
21489
3239
10228
20899
35386
9294
432
17206
30307
13822
4806
7075
19567
38650
26876
23235
32753
18151
13312
29255
30570
13298
21897
28356
18005
14091
3187
28337
11293
29285
5386
30649
24041
37623
39186
38636
30205
34934
5252
18241
4459
37140
15319
1684
26885
14250
27717
33048
20106
28953
30262
21549
28673
29630
14081
22406
6299
18713
5310
1854
11777
17350
33244
24130
9018
3377
25871
24067
13970
12052
11124
9204
1476
38534
22761
15252
13961
2335
19980
4529
9334
30794
17529
30428
29446
844
2644
8577
678
26201
19715
30001
30652
38320
13543
9621
6293
10171
30015
2223
24565
33709
33679
14152
11751
11803
15381
24650
21861
3266
39021
3439
30348
3004
11566
19525
5330
35644
21404
33020
3816
16140
12175
32553
10117
25896
4979
35782
26162
32508
22845
12317
36040
36936
33310
3292
6622
37355
7948
11556
24187
29638
13023
29835
9620
17499
25018
8487
4032
39884
13402
12022
13861
34623
25601
18141
25787
15065
6167
9761
31436
2754
34773
4404
8031
24176
35668
4626
4204
2848
30165
29812
780
14744
20889
26710
14871
37684
8626
27154
29996
15435
27853
38217
14489
27178
37700
17805
15024
18030
15724
35225
28526
1447
8078
25356
18410
4416
2967
8660
11527
33568
34751
31291
5162
12035
5746
10892
2916
7054
24879
4347
17379
12701
13387
35724
18043
11377
11826
6626
13330
7589
31074
1623
32520
10973
39902
37624
2573
37064
26362
20759
27662
38249
2574
6163
19749
27338
38242
21311
34308
8260
24940
32785
24471
550
39873
660
16871
6850
10733
24767
26608
20243
36502
5627
23066
1174
18573
2403
18265
29340
18312
20586
35219
25040
33466
31949
33460
9763
34760
39526
28370
16509
24843
15423
8798
32328
20347
39306
31869
8961
8039
13386
7527
33224
21580
25286
19925
6357
35329
2307
36953
26003
31884
1616
36799
9330
953
19387
884
9846
14595
26183
14044
21646
31214
21713
38712
3171
17127
5546
17697
21104
15471
1014
13057
27773
19026
18007
21258
20089
1720
27011
20455
9607
603
5431
30657
5559
31326
36020
19797
15712
31039
27902
21484
26651
12169
38236
20958
11138
24339
24074
14435
3468
2080
34112
18861
30818
19830
39126
27818
24567
15972
29161
228
22930
6366
2691
26026
18758
2185
12790
8659
15660
3544
6032
25307
23490
9729
15658
25221
17465
448
34168
4307
5591
31795
20955
39404
8520
1179
28338
38557
14123
30518
23631
650
6240
8779
2981
15524
21504
33868
23330
18943
18664
1455
13011
17961
34701
6224
20389
38400
31507
30423
2038
6597
31873
1801
6013
26524
35738
8267
39846
10495
5259
34666
38107
6802
8130
24762
23291
8851
6204
35159
15525
31274
35907
29696
20965
7714
37579
25367
8209
1553
2400
32461
9495
26106
547
20222
13250
32985
13668
15682
17028
33421
28865
7808
21813
3423
17042
31348
11861
38287
24859
9473
27374
17455
33945
37410
27375
32366
10151
7142
60
31466
19839
19788
19510
32502
21792
29017
32021
12816
15846
7919
4149
17505
34019
21674
6359
4145
19139
5445
28590
12502
10240
20405
10803
35364
9409
24386
22773
30240
38784
5851
38701
8063
2570
35306
883
33700
38066
22512
34126
29123
9265
1728
12391
14444
35906
20234
39784
36360
26054
30185
16098
36085
31634
30209
8479
465
24836
23589
12574
33735
20290
17510
13893
12598
22693
4834
15880
37538
8754
6520
14994
37959
10428
31573
15393
34242
2236
10280
4131
25136
9083
11736
33561
17264
2577
9511
11444
18287
30351
20950
5148
23077
3794
38496
19294
28295
32600
6333
17016
17335
13583
21732
29990
19400
33499
5788
21805
9818
3866
34671
34629
14696
6438
8415
11545
31364
7629
6941
36395
18064
33272
39786
28260
10718
421
36820
30431
35098
28310
38960
451
483
13026
24148
26145
303
13524
14942
4590
9660
21251
10347
36067
266
2235
30808
11073
21990
6604
24380
16375
14501
13704
5656
11459
3528
15074
39377
24781
7319
35892
33494
31754
16019
1558
26307
23948
31152
25851
10493
19486
7959
10755
5906
1628
4696
25910
11510
32998
5647
14974
35103
28652
34456
23231
39757
20387
15608
4192
10040
18434
10836
20597
34404
32686
24669
16520
16494
14180
18964
13163
19717
24053
919
22716
4043
177
9481
2808
21665
9149
8126
29461
24809
31545
35808
29878
26410
11950
23620
28821
30713
13049
25264
23637
12298
25653
3184
20715
2774
22966
636
7764
13486
4118
4596
28963
14703
33713
28972
28128
8600
36108
25762
11137
3635
25574
1360
22796
8953
30841
14473
28056
19129
14060
6547
1102
18534
25315
28997
29333
10750
11391
19036
15804
34542
25845
29026
16217
5952
3925
2021
24455
9563
22502
13458
26506
24009
23810
5896
35548
15045
23573
18793
26654
12911
18355
22371
33523
35467
7063
28761
395
23596
16638
57
19943
3952
19430
14864
2898
9323
15233
6183
30632
34377
30692
27400
33512
35525
7386
13422
23162
13748
21648
15860
25781
39596
25670
14296
17138
16721
6207
14641
25801
32034
22849
13491
20354
29050
9413
6014
29101
14748
12487
33657
10018
10741
4703
8951
31161
18999
18580
34703
22006
10913
23817
36660
11745
10726
19345
26734
15649
8983
32728
1911
13351
27810
25859
36016
37834
15027
28366
19724
35296
36916
8568
3110
15993
27870
30658
30279
9168
1180
2123
28273
8353
2571
20500
23094
23790
13201
30651
37287
20287
5036
30934
22283
21199
3634
25343
38445
11659
10532
964
37227
62
32652
20032
27332
17651
33392
22017
37562
14588
2893
20162
9687
6897
32417
16841
2161
39493
31610
3246
30663
4922
11446
38325
15325
16535
34009
19088
25354
32683
33254
27063
12699
39825
6539
29600
21796
32763
14064
31244
29684
16016
28796
3332
39433
4469
12750
17169
25243
36959
13488
36158
12046
39850
2124
34937
1658
32355
24495
11867
19832
2452
25484
31822
5456
19275
18225
18764
17340
2055
869
31327
13095
14198
28035
27816
11097
5049
39222
33182
37182
6564
9640
17244
23992
7901
36566
4107
33271
4054
39007
39976
36980
21155
6172
19842
28672
6860
23708
23212
30412
15006
31167
26636
18655
23833
18963
28066
19077
33658
21220
26691
11274
29522
33592
32079
11286
4931
3204
17136
15185
31614
25246
9208
39805
5537
20438
6205
35046
1057
36741
5897
16047
15025
26114
23122
23600
696
33059
22763
14619
25757
21337
17599
27917
26177
38218
5417
33939
31270
5642
18815
675
12004
26513
35285
11610
15448
10737
34559
11856
28726
30922
15342
4537
22239
3452
38535
35030
31684
23464
6398
32106
23500
11474
23524
20644
22276
15693
1183
34690
7202
15083
35130
24724
15709
21252
27516
15368
21439
18841
11207
2414
34846
12687
21679
10067
35921
13177
39826
1617
32528
32515
32767
22536
30857
6284
14237
8383
38909
9947
6692
4040
2216
38757
32297
3628
38321
19929
36154
5403
12432
22246
2427
18468
13672
13047
37038
15708
21799
5073
13511
13819
26285
4179
7280
36429
11353
3800
2010
25628
6567
36380
3151
23434
10088
19428
12550
33835
8682
39765
39152
19820
19833
5739
12633
21578
31836
34651
4022
23301
14167
16971
33610
36391
39937
14215
27812
34689
14428
23584
14440
10077
34188
34502
6001
11882
16789
10456
22786
12096
7011
15459
29790
1821
12766
35993
18644
38634
25165
13665
23319
25215
31239
15686
33761
15555
13030
2732
39829
12988
15765
16265
39601
3220
10341
24376
3495
18350
19091
33863
39728
21044
3825
20892
18849
16688
17610
33831
13745
26548
136
37886
7593
32446
15380
25739
24676
37047
3625
33591
12267
30394
38522
13634
17145
8499
32282
27162
15675
22557
1706
11789
31103
26944
6504
1538
7908
8646
81
667
37980
7110
3659
6399
38477
9800
35500
28367
10567
30549
24232
31731
26857
34264
10125
10614
22890
28500
21415
35092
37332
30926
6448
32229
1322
30103
3914
30679
24241
14589
39574
15299
33274
16585
23860
36784
19119
7570
4212
32199
32673
39276
6248
7444
36590
34976
30743
26484
21895
20166
24845
36836
20373
2119
34876
39570
28490
16939
25911
2300
6452
28152
31827
13921
11119
4699
13117
39082
9032
10394
4597
32294
1635
27009
35298
838
5654
11515
13130
38922
6608
30273
33611
3728
22510
35741
34642
389
2274
37433
24351
8893
20574
25383
37076
6120
1867
21384
6954
12168
14333
20994
24750
32636
27878
3272
32702
25127
7318
38587
2905
12021
18213
37934
13647
8889
5911
22898
13554
17274
7365
37117
30889
12543
35913
14506
21725
21147
28679
13255
27944
1331
39104
24303
13951
7334
8929
23605
37773
37991
32
19626
30234
39534
3814
822
28007
20786
5160
10087
21062
12873
37809
18113
19840
28805
2052
20153
10827
8122
38228
24004
24787
6708
1013
28637
3300
28263
10440
33204
3334
34420
37616
39911
9024
12995
27608
25580
39236
36743
9291
17033
9662
37897
38080
33158
1855
25594
4708
32757
29852
15021
21275
34609
23260
33703
17783
14078
30557
28341
8601
21048
26997
10002
24026
6634
39038
32955
12732
31832
2908
39381
34953
14976
39725
34408
10756
36316
5196
5017
20560
25096
7406
39769
19946
10321
15654
21771
9143
21001
32311
7292
38182
30527
37749
6526
14077
11954
27638
26661
31344
12125
9686
5515
20702
30812
4280
8194
9830
8208
27352
38812
23613
26469
30039
36982
35234
36268
24842
12390
39167
8884
13637
31457
32185
28873
7171
18574
32656
5219
7752
19137
2976
19655
8299
19645
13999
31898
10241
4902
1754
18282
24971
34080
35380
23246
8274
9842
20458
5185
31528
2932
18702
23957
31098
5638
11283
39723
3576
34617
16188
16579
31837
29474
19964
1468
38921
21989
30374
37854
8351
14450
2910
11055
6869
22550
19892
32820
4946
3510
30814
9866
31651
39762
9745
29197
21841
2319
6413
17371
29171
34541
19101
10346
29839
31095
7139
15641
38981
38239
12855
21327
20697
14226
28228
33436
23544
10681
10682
33632
10313
39100
34815
25615
8599
33066
15334
27653
31136
9888
26040
37155
32160
9931
13487
22886
11567
18277
6103
6026
24919
32393
27874
30292
17788
10065
29021
19482
33953
20603
8615
33942
32157
28600
27865
354
4030
18327
13103
11457
34808
4340
27476
3218
28326
14253
24773
10062
2202
23645
8192
29307
16925
29416
17803
22879
19656
39087
10195
27744
27047
35223
17441
19291
3349
28360
11068
1475
1748
18987
23769
24043
13766
39421
37488
13633
12457
38270
3801
6111
14046
37542
8273
25844
23216
36383
1605
8147
39612
21386
14785
31756
34528
18184
25295
37028
9411
32593
4476
15781
2902
20914
21926
37160
31757
29592
14672
11352
27296
799
7979
36562
7122
30100
35499
29237
37611
32375
29710
7457
12425
6867
21416
9346
39102
24598
25950
35522
26433
25549
35115
16392
23650
2631
39226
25869
23830
23944
14686
2541
27367
23159
12419
10544
169
25142
22611
34921
37381
34335
12696
7490
31775
269
38699
17252
28603
15349
17632
22295
35541
4560
29487
32953
5138
37617
461
6968
9397
13622
20520
14263
16907
3080
13935
7500
6011
21355
23372
4268
13628
39093
37428
9974
6894
29539
28564
33225
2685
12093
11186
30208
39935
21230
5699
28160
21850
8311
6977
24312
1069
9683
3440
29006
23086
14134
10586
20690
19392
23904
30698
28015
16530
19484
26315
34558
30384
36663
6717
853
1507
9226
30930
30535
9216
2295
16708
34800
30520
4753
8320
8466
35375
28103
34624
39972
2968
20357
6445
22215
12036
24108
37585
20938
18339
31758
16427
956
10469
12583
1206
30757
35109
24823
8860
17467
8508
34068
7876
38194
11077
11294
12407
29279
28806
29883
31993
22349
23757
39938
31672
22864
35421
18021
11428
2336
21645
5674
22264
38578
23264
1804
34217
1642
13293
8461
30647
23080
26842
12030
39027
30909
17086
22358
3282
25887
16389
6383
36943
32251
21731
30067
18571
38387
776
7009
33492
18688
32658
38560
34686
8197
13118
29890
22897
16489
6402
6392
11537
20103
7099
21136
9324
19477
37102
17872
2524
24356
5836
14676
34234
28901
3486
1417
31617
12812
5794
27634
34313
691
20783
35722
14261
14265
3144
12302
19994
38683
15130
1213
32329
7130
31505
7132
22489
7772
2499
14784
16972
23664
29610
19258
36678
7730
14711
6268
6196
31002
8343
24029
25930
9940
36598
2812
23035
20051
29054
18763
17338
38176
25598
9519
23704
32209
39953
22579
4550
27489
11420
37207
31967
31703
17163
18518
35756
35096
4428
30192
16969
14581
11718
30016
28581
19105
37504
8866
24031
13131
1818
8614
4486
13513
7970
31825
29246
16601
5119
15422
15222
33828
5238
16241
6382
27499
262
17079
10377
13868
7841
3021
23618
8834
34667
27186
18457
7379
25841
31189
3502
24435
36149
10375
37009
1327
34392
8074
27393
10843
858
8745
9886
15882
7148
36356
17411
26975
9780
5126
36375
7670
1092
8288
14534
31219
23730
10683
22104
18178
25714
13926
38126
17754
28974
5480
16474
30884
33397
16430
14782
21442
1802
8750
1853
8108
7428
30677
8839
12299
2502
19771
32782
14861
2019
31698
20688
5618
18237
19019
23684
4237
28934
33461
13463
22932
21689
29034
31650
8540
14542
31677
36058
18254
31564
7427
16477
39982
14157
8628
17040
26700
25596
18714
33071
22439
38074
16143
23876
9740
24826
16224
32513
26406
9979
23824
3132
26265
3566
1173
29940
21464
172
8249
38707
11098
22996
21947
37576
29965
4148
11687
29733
35941
32077
27149
33729
9023
11695
8531
770
15691
1043
34503
17841
11504
28617
38328
22455
10041
1985
17586
11443
7227
27706
4473
11100
12606
18118
8196
18630
32712
39322
20063
7517
39782
29647
5082
983
37769
23257
19628
2687
9697
30124
7916
25275
4884
38606
37041
25675
7834
2393
2672
39389
31132
20333
20548
15558
7270
5940
28917
12304
35012
11798
36891
33497
13061
9235
18539
25939
10134
1868
12248
33061
1931
4736
34520
26024
14570
37163
31737
32156
6177
34
5165
18336
14772
115
32222
23555
1424
33454
19670
35310
37132
10943
8140
3817
2490
31857
38297
1324
17272
11735
38949
17975
2258
11194
22011
30655
28801
31687
16189
9737
835
21960
17158
34050
26605
25107
35314
39962
3776
7679
34385
39870
5764
18831
14285
35617
26555
20566
38472
32412
23546
23289
28872
14150
10222
25070
7378
25803
38741
2584
12739
8687
9633
31785
19640
4255
24436
11775
21521
27418
16137
32562
14848
17120
16715
14537
14055
15455
24223
31208
11114
5839
18549
31268
4079
299
15762
28840
39974
5670
5153
14933
5908
15287
34787
31968
3787
31606
16412
29955
7106
2790
1506
7571
14026
4494
5729
1837
18128
29253
7194
1112
7719
23226
26597
29475
14620
8443
28075
9880
25581
3158
33433
25834
25389
37658
38358
39405
13837
29288
17910
35529
16569
23590
13576
30047
19776
28820
28162
27172
38025
2846
28642
1170
8909
10786
2975
21017
32288
22533
3626
19468
20645
1058
11099
11389
23771
27143
9661
11565
12542
4518
29016
2688
27326
27913
15454
34288
25848
28287
1423
23255
21459
22256
21637
25010
26264
7105
8956
30936
31895
31056
2098
2009
21411
29469
10396
26244
2788
31906
21634
16853
6311
18583
26398
38039
22803
28462
7977
33833
1434
14691
2537
31060
6690
26674
36093
14667
2463
33875
22644
28697
6036
7200
33544
13945
27637
1051
38234
27469
11475
33799
9090
7329
9993
20038
20189
20538
6961
24355
32320
32722
12199
27496
19240
27209
20255
5646
20869
17822
10575
29115
22356
9564
27931
36676
37637
3708
31765
28329
21529
29547
39311
9382
28614
24913
6956
11563
36088
37572
27737
36490
13208
14281
37636
39973
20738
26312
20168
24133
34532
25322
23526
39895
28742
39121
3536
29148
15982
23520
8055
6656
12602
17866
18843
4258
33830
28884
36740
39709
9575
18889
13036
9091
1340
35168
39936
10971
26111
34901
9682
3893
105
35031
13153
28758
17519
23033
32456
24590
10516
36631
10165
5454
31746
4160
18240
37085
35920
31649
33355
27651
7471
12263
15491
14304
5853
2868
30232
35883
18278
35340
29426
26175
22013
26027
8132
37606
574
26292
22173
8069
5716
10460
11244
16705
20086
16621
7899
34339
21218
9389
30173
15717
11006
34235
25444
36486
24368
27648
2535
3860
5141
28288
27139
36254
19782
24112
16456
10564
14283
36169
9010
3636
380
15806
20190
17072
18619
183
25788
13254
7289
28889
1687
11320
12318
13017
7800
37011
10158
640
13189
10942
20076
17495
34919
22405
11158
36934
31998
17668
27892
18844
25418
5015
2475
10708
1823
23602
3255
37805
33760
20048
29401
4135
10136
39584
8170
9435
32080
35761
23582
32639
18517
23626
25526
21122
14085
6570
23458
22654
9327
24364
3244
247
37193
24073
2689
20640
4208
7853
18431
25118
24780
20727
28172
38580
2764
16722
14623
26892
11406
4654
13356
37599
17643
10689
3386
22534
21165
15489
26644
394
15128
13489
15734
9105
33745
4971
19511
29096
20711
19024
21692
22313
24728
9320
28094
9751
26493
7032
22210
36311
10169
19348
22608
39334
7900
1885
8403
35650
28788
37288
28826
15354
17178
35962
21059
35633
4086
38022
7914
1000
9638
86
28891
9446
4229
31808
22673
18857
10013
10751
7861
3445
10049
32402
16563
5286
20522
34650
8077
37289
7936
11382
27513
25907
329
1079
17318
7943
28097
15088
4933
7877
38302
19582
37025
2731
39515
36522
7595
38898
12290
987
29131
8451
25085
10069
18242
18106
25836
5859
606
28077
14095
26497
2105
5981
10349
17902
32052
2829
6031
29632
1597
38165
32628
3741
36002
9924
1887
35660
22131
14291
30147
25604
1952
23351
23690
2670
36415
26843
2309
31206
32805
23998
2138
15836
1779
10427
6838
13838
29719
14090
25090
36109
4344
39476
33805
29366
33919
7180
11199
13758
10684
13746
9240
33922
21510
38174
17402
36609
39362
15026
2999
17506
26101
34092
8018
8125
25191
35137
20718
8060
35840
38713
35472
35481
29543
5835
38456
4569
19603
14262
30693
34994
37215
2980
5796
18615
25677
5561
7085
13274
31041
33596
27677
37726
23868
18168
39877
30795
29313
39209
32572
165
27104
38651
13556
18592
5637
39836
1359
10739
37133
38954
4923
18439
18609
37690
9318
28384
13696
27176
18417
34673
32740
12292
29506
10930
933
23842
18036
26230
33326
1515
24996
33839
22695
35825
31388
32791
5434
29607
19556
6029
4858
18450
12020
34322
28165
37103
23348
15728
10951
39883
18276
16443
9062
22554
39545
7000
29234
27120
36628
786
26205
29527
18978
31779
21522
16273
38146
37035
19341
37885
24452
5550
36049
32708
15133
27609
25921
26017
18970
19271
6012
33431
3077
25867
23114
34200
36842
5875
34696
25301
25466
34675
36778
3105
29064
8165
29328
29549
22067
7214
4475
29354
28290
37754
9502
38416
38503
12668
4526
10651
19078
13426
27881
13067
12534
28247
22615
5404
33934
8189
20719
8846
19767
1592
13823
32694
10252
12148
25633
32215
10102
25540
16360
26657
24889
17390
19003
30464
34806
14862
16062
19557
3711
29028
7603
20888
9724
9788
5284
15507
28368
22661
11463
13068
9056
27912
34500
5487
25862
7754
36390
18607
23585
15992
37842
14305
21000
8471
24372
8239
7569
3671
8242
14196
33235
37281
31907
5293
13716
21197
2759
38968
3002
13155
2317
4682
8748
34653
12459
26260
14865
22337
27819
21134
11768
1
2298
6767
1035
33489
27557
8271
1420
3035
39068
8138
8742
7459
6728
22204
18161
17746
28345
10494
28926
35576
25452
38247
3520
7810
38452
27165
8959
16353
25662
2519
25119
39819
39137
32566
35116
38418
20987
28012
30976
23604
26448
14408
26021
39841
27316
32143
1166
24032
14131
4058
20750
9986
12097
37783
4216
25576
14411
8168
23172
1778
16440
7677
14710
7468
23386
4555
6195
25764
22832
20464
35142
15277
28582
26428
32224
487
31595
8775
24377
9390
20534
10520
22091
19262
14905
27571
8921
21242
23828
10620
25329
7837
28991
17391
10781
1980
990
21568
36401
7089
30441
3079
13058
723
9677
8671
24864
39176
23110
20963
30142
28916
38471
8757
38305
38082
36540
5472
13828
30110
7581
19010
28842
31950
17380
14067
4842
13477
8872
9811
5315
8397
1521
36014
16570
25423
12481
17973
32980
25169
35446
16035
11156
22671
27163
24010
12257
8413
19319
12509
11785
3645
13416
1462
9904
28414
34485
33039
11344
11898
6386
21339
13723
10352
6190
33889
5186
12903
23556
30434
8436
39296
4829
27327
36693
29897
25121
14275
36569
33312
30522
38205
28906
25872
22679
6822
38856
8453
10175
21577
3726
10216
6302
1808
10805
13006
3791
880
22176
32511
6233
5485
590
35131
6757
6469
21497
11252
15919
7700
1052
27340
7341
23221
15316
28886
8744
3135
23673
5783
14918
15112
798
37987
30773
25743
37543
20448
27576
23163
25548
20678
1432
752
579
3918
35485
30392
2376
20761
5668
21263
39980
30003
22789
38485
36144
9115
20185
7283
24457
28131
29683
24105
7381
31399
20201
15568
33628
25225
22556
22
27722
25537
38278
12015
26034
25933
12809
34386
13536
24497
5616
1847
28438
26514
3235
22230
20080
12479
24759
37460
30524
31767
14510
27844
1168
35661
5247
38122
23801
29909
34001
14962
2241
16487
28808
5916
7467
30195
12884
34989
19814
30786
1703
27135
13353
2748
8058
26765
24340
13756
21822
18682
20230
11631
39903
2029
27285
26124
31986
20298
24040
34496
21590
16050
9442
16411
15370
24485
1516
1649
4384
18014
3399
10936
28222
2856
39313
36057
29
13800
24185
30822
39802
24991
20852
31273
1828
36901
18504
32164
26809
23421
2083
20540
10728
22598
27358
19745
6924
21052
32735
22835
25382
9315
7703
24326
27366
37396
5608
37735
22133
27554
960
1388
30085
13818
30116
21518
24810
7455
6552
2978
28271
2622
25866
32101
35625
4716
38405
26634
32594
37290
25824
31955
33876
25478
22546
9329
55
30897
11408
39297
17946
22218
26704
19312
24866
10295
591
32881
29242
16036
20078
32795
29218
24027
38429
22447
35498
5744
32781
29855
3165
2961
15515
5442
4974
3425
3835
359
3226
37926
18227
36453
17238
29402
31432
3737
22767
15385
36078
19714
9319
36819
15271
30666
6138
35474
24210
34916
1228
28912
383
17930
27046
29534
16049
11250
15861
28499
34427
7601
6104
31322
15820
29405
18346
14768
17239
24120
22005
15725
16121
25725
15964
10895
28237
2076
35336
14833
4895
38821
1341
18354
10367
6453
18365
11947
27117
29574
31297
17070
34796
26814
26628
36157
31741
10050
26684
11955
37821
10016
4845
32006
3903
32162
26086
21848
37409
26079
4685
24017
10665
39717
37447
36216
13222
16598
4314
14764
28696
31256
16542
9207
35843
23497
10992
23529
36217
10647
34821
16006
17799
24794
12182
34978
30560
25659
17957
3278
12867
25901
11007
3863
12312
31790
3985
30304
21506
773
39593
21834
38529
20098
22855
16401
31226
27847
31511
32919
39756
3251
21176
15757
16557
39184
21836
22341
23271
28375
9383
32142
35287
11800
16809
22751
16256
14556
34395
31799
7946
22641
21241
24204
4749
3535
20834
31510
7065
22078
34908
9237
34832
6136
4488
2426
33050
34373
39379
2711
5652
20949
6360
28036
20143
30507
6380
30391
34336
16937
24201
3531
2985
30070
30219
36505
19097
26808
17489
30143
27228
22019
9215
22018
28818
8655
30122
17832
28453
1140
27762
11479
17528
33002
13767
31309
324
24138
11704
3352
26935
9312
6982
13540
3065
14960
17166
38864
31193
37812
17972
4441
32893
16250
23741
38876
25647
33327
34519
31538
27266
17694
2407
12393
18865
26931
6378
3166
8297
39766
19162
35483
14986
26665
21561
31782
36183
19146
29091
36277
37933
24685
7594
28339
25969
21709
20011
23806
39454
29899
23661
685
35180
13605
22493
35850
6069
28762
36274
9644
25039
19988
19070
9053
24236
20815
3281
28716
30635
19816
4137
12242
12115
29754
13517
14493
24307
26790
36237
3315
18528
30918
33038
20035
29604
14276
13226
32777
14650
32476
7748
16987
25148
22699
26702
23308
13677
21517
22224
36610
13625
31081
9271
30345
535
8220
39281
29813
39359
20396
34136
38213
10043
27483
13635
32236
6314
9305
23899
16658
3078
10463
1081
38903
3998
5899
13281
34252
37583
1740
7747
29081
5475
14069
34782
35943
35651
30260
29935
4659
10512
18323
30729
17945
33437
6313
704
29270
24466
14756
30300
26330
9033
9868
28045
7854
36161
28759
18217
27692
24417
248
27911
31094
13742
30862
5334
23908
17676
8528
27388
30770
19695
19333
17667
1087
26749
29969
11440
13706
7046
3416
11644
35773
14375
18411
39905
38045
25321
8532
22160
15033
35980
28189
34287
28841
26673
33163
28598
26384
32929
20486
36013
27523
8434
9113
33451
15994
39610
26927
34579
10324
21922
4202
36430
282
29601
21662
27187
27880
5920
13751
21169
16190
14709
1411
16766
3854
18163
17214
24513
24493
11869
12516
37068
1245
18599
6874
35833
22588
17132
6631
15615
6160
13879
18647
9302
35494
6454
14966
11905
14924
11031
26758
31204
33770
11000
31266
33501
37353
15416
17205
22854
16860
34770
1435
10188
20790
21586
13867
10796
20810
3037
39420
22188
30403
34741
13230
17552
21551
32047
27789
34603
13920
36755
6203
1285
2315
36178
10256
15687
1419
24088
8761
34178
8641
35052
35354
39328
19160
29904
8938
29933
20905
38064
4837
35187
1920
5681
20525
11413
9274
28139
5006
20816
14664
37799
32855
31238
24095
13139
25874
33720
29422
18304
36984
7377
20047
15009
22387
22680
11591
8493
14349
14739
37198
26062
28707
10801
29220
3227
23072
3456
33803
8477
13760
13886
2487
17713
29072
11532
39366
1210
34210
30477
19843
35677
21763
36633
36804
9268
15646
12570
23169
5094
18338
3503
9865
37067
16964
5722
13412
17256
31581
36969
29430
31807
18309
4136
14492
17688
17346
36704
25020
21669
26911
13639
1892
6592
39642
35233
1207
1406
19132
12202
8995
10500
4031
440
29867
24305
20999
39391
29793
19327
23338
25586
18425
14604
25183
31395
23354
19766
3191
21547
13889
33505
32313
25009
28918
30501
32852
185
38542
32213
36520
4514
10126
7984
34627
12770
3092
14103
22354
31086
16736
22221
17126
27101
4744
21038
7445
488
16759
32290
28022
1630
22529
20615
38332
28416
16822
39525
32512
33369
16038
4085
36337
16944
121
22396
34835
16671
3096
35312
30222
35545
10778
25643
30723
7761
17851
27566
6999
18181
34458
11707
37760
38079
5328
4263
23285
12557
24990
25496
31892
7213
26066
15414
11944
21633
32411
23184
26056
3168
34187
31205
13173
18990
12549
29007
21985
22829
36198
35149
8232
4170
29424
21675
20371
31691
25704
1186
26371
23007
1143
11503
22374
36197
19885
26487
3497
23274
34952
25178
4480
8210
30075
23191
2637
23189
34755
36308
24740
34932
15198
20202
37192
9892
39768
10723
35022
30905
19908
2992
11466
12383
10650
26174
855
20663
3587
31249
3725
2265
37189
556
5645
21784
32874
29397
27279
29750
1308
18299
16467
11529
2467
31451
9477
4493
31357
32363
36583
1746
25091
3201
32020
17905
12140
27119
37161
29150
28136
31294
35930
25800
26220
6773
28183
24363
18342
31481
35073
32042
24304
33184
28507
25262
32876
5276
21790
34759
32989
3931
20444
31290
11865
18725
8916
20577
18442
5569
9935
3298
2341
14128
14788
37618
6457
11113
11198
24333
21548
22964
10435
2430
13251
5628
7674
9538
21507
27730
39880
29500
39228
32360
1321
3889
38847
31066
26294
3991
7715
6688
10980
30113
24550
2348
7107
22378
24103
32269
21075
2374
18790
6599
13702
33990
12369
15239
37723
31701
10388
29326
16916
24920
14413
12111
33303
7450
446
9069
1265
24617
19124
33965
6963
8971
25276
19574
26010
27772
26005
30662
5895
15047
32752
12078
36542
39996
7798
32677
20941
203
39959
33112
12349
39412
20351
22298
22080
611
24905
31184
1242
1042
30689
9616
27275
22072
36038
16070
32968
26786
35760
11554
12987
15571
18627
2351
37162
33781
15509
24206
36221
15303
9308
711
3812
37595
11703
25952
37177
35488
9643
25505
39566
35527
32457
32465
30595
31223
29579
10825
13098
33165
3999
23113
19849
35742
11231
27452
20873
25758
11043
19306
31301
15255
26732
26421
11870
13329
3902
19424
24555
35361
17300
38842
21424
32082
18328
16895
21461
19442
8191
7352
27373
39231
33624
34756
3454
19580
4516
16484
18745
14755
16175
35183
37861
3885
7795
7990
10384
1711
14522
24562
22459
17454
15022
21838
1151
1881
7425
23936
36642
11277
13705
35924
39028
13009
18870
9489
19237
14680
29716
3306
31159
3910
38582
37380
15058
16600
6923
1750
36956
10276
31247
12964
23378
19736
5823
24225
21644
16963
37454
15699
51
1277
35700
20842
19899
36990
7272
39444
11878
30275
12009
3138
7811
6249
38120
30071
30150
25285
22391
3434
19979
2213
21292
7484
22322
26724
9067
21031
6071
29321
19721
11976
14469
27130
19579
19419
5772
1068
34656
34379
27461
14724
23302
665
8414
21103
59
34958
10537
26221
25095
7510
1625
20636
24281
7486
1816
13669
27245
4808
28340
33500
10122
19813
20596
6591
17683
14303
9784
14033
3692
8535
19492
36280
25465
11814
2576
27649
15710
32129
12913
34111
26407
26107
8087
36547
26591
26358
24522
12833
11154
757
18632
37830
9102
4447
9841
18367
38310
7575
37194
35938
1059
9343
3804
14654
29002
34323
18540
35492
7835
2792
23335
25192
37286
32654
15605
33664
27229
6636
2744
29084
8486
22872
3424
10886
18393
20625
11404
15322
20375
36269
29724
25281
36728
4924
11888
17176
26827
401
21963
5070
12754
24375
39034
18812
31221
37347
39397
29896
31468
5598
16313
24748
13213
12832
4430
36048
27464
26282
37309
34607
8329
36792
8817
9078
31762
24873
17181
3845
19533
3471
35277
10874
14882
11430
13430
12412
13916
34315
8322
27126
14292
5921
33851
10047
21562
35507
9720
35114
22722
39594
5096
15921
3652
11685
20588
29640
20334
6336
28466
16238
34278
11637
21948
8828
29925
17778
11935
2686
19792
38975
21444
27854
7787
33930
20903
13505
26502
14094
36019
5369
37006
6051
32867
2667
38585
847
16717
3715
8856
23907
3323
32070
11783
17095
13204
27751
11624
34409
10348
31419
30381
4735
557
5474
8526
4536
17342
6294
14382
35750
24483
7426
24504
34451
7524
3802
5630
13112
23884
13229
14971
16573
6680
29781
18037
9135
11693
26080
12337
37408
577
13594
17026
14457
16565
8047
29112
713
4233
34107
38386
30621
16879
25600
18616
32960
26559
32612
32152
7031
9787
39760
26877
25317
34587
25531
4748
13398
37676
39115
24472
1203
8419
21474
34924
26431
2057
22092
13460
32697
35065
2218
24045
3922
36188
21910
17418
30091
23278
28096
9486
26241
26437
25591
17920
14359
19110
27251
715
11588
35362
21815
16226
3345
34302
27701
29679
11195
3970
7514
36031
37810
8046
24420
22905
14681
36315
482
19394
14438
14379
30136
8718
4304
27915
13598
10106
31905
33179
21829
28812
15189
23552
25545
6734
28399
20400
19299
33866
22126
25664
20729
30120
33021
2033
31743
2234
4838
7690
34943
39923
22506
19812
34148
7441
11144
35222
24198
34917
10338
481
28995
30228
14376
37534
33580
39946
14462
39054
34499
16399
6910
30115
36592
10316
21870
35427
29859
35796
32793
32131
6807
24521
4607
39889
11141
4588
35672
39452
39127
39160
17242
13379
1247
10082
24205
13531
3555
33715
33710
1661
22323
35476
3894
17038
10182
21261
11172
21572
38672
24410
35292
749
15412
32127
36878
18771
7647
25401
14714
28823
5709
7052
18045
17461
12820
3655
18911
13923
39658
4059
14075
12593
4035
16336
10212
9494
35731
18281
35925
19956
9666
16482
15878
9525
13287
11082
18577
19838
3090
28331
1705
19703
4967
6843
12469
9298
5424
38422
39078
28029
6289
3324
9932
6143
19985
11940
31470
25761
23709
22602
32883
7580
33666
20956
22484
18940
34861
15751
29895
30440
2820
6594
33286
6716
38642
11564
3038
11956
10795
7259
28836
23004
30315
1782
35171
33198
17944
2890
20252
32701
11859
31418
26354
38678
34776
8240
4915
7239
646
24050
21133
1397
32948
24440
28124
25287
30674
18853
16979
31497
35102
26563
12980
12372
31748
38738
25891
32803
37968
1958
6260
15639
22571
4662
30953
4797
30914
729
5189
16148
7698
31800
20637
35973
14367
25102
24168
5708
27963
5951
25450
25482
8608
30579
10332
24858
13694
2836
20945
402
1054
160
22196
39086
1485
71
35147
10345
8887
34892
14164
23438
23413
38626
21367
28956
17045
8724
21429
26832
72
29542
8368
37501
11673
26345
35528
13294
4442
22325
20629
35803
27421
4507
2366
4421
35723
24123
8118
33232
23964
8631
2017
42
21563
39462
8625
19370
38043
17473
30347
4241
540
19844
34104
29257
8988
26159
34343
38759
352
10006
8816
10738
10826
30747
7824
35551
29044
23634
33245
3896
1452
19183
35780
10413
31803
6495
12836
35785
7491
9533
26759
13288
30864
13400
11726
3862
9806
5549
25015
38275
5775
3945
10432
36635
16934
8869
29182
38312
37639
12016
6607
39151
32812
13266
16301
9710
12559
23152
4354
17278
34564
32361
3
34887
1755
22919
3438
18804
38844
12316
2039
31448
34941
39855
31339
10414
21341
31025
37071
2148
36802
4391
3463
32045
36132
18907
20323
33572
31846
39615
1189
37398
21685
24113
16028
39048
4767
16068
578
29456
10490
30816
28267
8652
19206
37296
34612
36142
27396
581
7487
18200
30772
33550
27709
17753
9922
34742
32397
34043
33694
16317
17661
6056
25606
119
13395
9129
34619
39866
12722
15229
23534
9634
24692
6007
10060
25024
32186
13597
19552
20731
29759
12813
1363
18488
14743
7370
1323
30797
33717
24718
6907
18921
35934
34351
872
16798
11676
12645
8537
26835
26419
27823
26082
21479
6049
25248
7967
7710
38933
12287
16321
16007
12232
25054
5621
30920
31311
31085
142
8732
18803
30324
26331
22963
13759
17356
3567
5335
38508
36831
39079
6796
25341
36066
35332
38837
36231
38951
7015
12421
31645
30500
11333
12100
22956
11136
13325
34514
14093
13917
8964
25741
3288
8960
14458
35641
9021
28749
39703
21287
23870
24039
3337
917
21335
27361
25497
17494
27536
15348
35762
32459
3878
20957
26278
12525
25088
39136
19576
19845
29410
4495
6517
39371
11799
31082
33159
26504
32370
34683
2642
9961
37706
22491
5869
26723
5885
15243
2492
9812
29266
20992
23716
9247
5224
35559
19611
35982
26440
5957
36748
24654
35368
9228
36698
21703
36909
37544
38296
36685
23369
29494
20285
33491
15451
23614
24208
2604
16344
28130
12827
13596
7718
2770
29943
3359
17144
16044
2330
15998
3511
35900
19674
20158
17314
26826
20922
8605
37259
38986
4627
33378
30771
8327
26444
16567
27855
20283
5854
20026
38667
15417
12087
12323
32244
16461
27414
31824
8294
9657
38110
6893
13111
888
17736
459
33907
19494
33320
20242
30541
15924
13792
25289
8065
13947
15434
20549
20170
39335
22470
19395
35841
16115
36906
14270
10386
17243
17820
22780
16307
12332
15812
10162
21581
37020
114
36752
1505
6534
11970
24758
20959
16893
23883
10172
2402
26658
7598
22833
11059
11922
6094
11112
6573
21180
35456
26261
518
20310
18235
31500
15925
36597
37548
32895
4382
4151
23697
10891
12231
12064
21744
26994
6666
32674
9667
33311
15937
6927
35687
24397
39120
25471
18475
33636
33765
13045
17027
29191
10812
36789
8097
31261
4205
39050
7136
35570
28867
17320
24459
17984
9722
26838
6018
12957
36098
19654
29351
29199
23305
7733
38265
36286
35378
3436
14309
34120
35302
10841
8613
5928
17584
1192
38826
39245
27755
26196
10693
16501
3649
16880
27458
26769
38415
29211
16777
10337
30359
24280
11412
4807
23252
39809
21755
35927
35709
29546
32622
29916
28627
2168
6560
36325
23938
10468
24005
27613
33206
5205
39513
6278
38314
28116
35640
39206
16073
39701
21468
35086
27703
23898
14327
1467
15550
35691
1040
7144
34909
39013
22566
10788
2329
2196
916
6459
11033
36708
12794
17162
20014
38983
35042
30062
39734
3274
23483
18136
17282
38657
29207
26268
27987
26046
39613
39399
2965
6896
9166
10658
25059
17359
4166
37424
18960
22980
29612
17844
35549
17874
37365
6492
1671
26131
26873
22977
4897
2106
24880
28969
17427
21508
15356
6098
17663
34243
38177
31547
14569
16778
11346
35134
17660
19443
12452
36406
36549
17046
30961
10178
2899
36166
8380
8182
6208
39772
5501
1643
21917
24484
37695
24049
36593
31699
9450
22719
10988
85
1007
23144
21823
21539
17879
674
22843
20133
36578
29873
11318
37535
27929
19523
35227
9348
36620
4305
32036
26712
16768
5669
15469
8913
14161
33681
15104
441
24373
12121
20157
14536
30302
16994
39546
25578
4997
1490
32817
9907
10860
39830
24400
26291
27492
7229
25981
36293
12551
1909
9000
37864
30269
16234
32660
22479
12923
34375
34730
32286
12270
33221
33899
3199
6805
5696
17194
39915
8234
14947
19837
14216
538
3968
24888
15105
10308
13515
8827
37622
34842
13113
35100
33294
4721
22741
37981
23098
18080
5793
5678
24447
9038
34118
16672
12684
33277
4429
11319
15720
27420
39619
30593
3784
16480
3760
8992
915
11575
21698
2085
27519
37315
37024
29217
1988
33191
14398
17595
23699
14419
21130
1572
2299
15668
24426
11857
22199
2996
21105
2464
13290
6117
30186
25971
36068
11394
31155
21938
27048
25311
23685
12386
2482
24231
15949
24916
14791
22982
11303
30080
16529
7256
24097
8903
13276
38804
38756
6740
34533
17986
1646
3749
17199
21875
25498
6724
7143
4652
18325
19142
39659
30386
7297
36945
35637
36856
29832
10370
29202
32167
23680
18400
23411
23345
26156
8877
32714
18253
35330
9771
28560
8303
18712
21833
29764
28455
17951
13928
15544
17234
36907
10603
215
23989
34358
28491
19244
24413
32504
1010
437
10404
23882
28915
16198
8044
11672
1773
10612
14456
26432
38380
35565
3669
33334
38615
31190
20390
6778
374
28794
16468
37489
8384
16314
21982
10524
16993
4293
20794
29346
35
29209
15080
14260
38807
19954
13144
33640
9099
220
37837
6905
33173
19677
31735
15956
12811
12618
15200
35818
11295
38046
36165
29040
13514
26547
26820
1775
28789
35068
11262
10793
11264
21879
18748
33384
29776
29887
36056
14410
11678
9906
8616
2441
30623
20296
31459
18584
13610
892
8425
25277
34020
29807
8092
35489
7083
7917
31647
18819
37927
26768
7384
37694
28837
36727
14673
33723
18508
9431
15528
11435
28775
19760
2167
12222
33161
22308
3048
22492
12076
27474
39721
808
39811
25535
11698
943
15671
11930
37840
36623
15332
22936
38288
22497
15777
28048
22004
20620
29355
22129
35239
39440
36738
26719
15897
29713
5898
34834
4765
13434
34929
23926
6216
26173
30375
294
31964
12164
2388
6645
22319
28031
18887
11788
39735
18856
39143
20451
29871
4602
38200
26415
17363
18315
38056
39278
16636
6259
19529
30879
12797
26792
5215
23615
5341
9503
27303
19629
22523
3729
37442
26623
24974
13673
22177
14705
8030
38104
29676
7708
29799
197
24647
5902
37362
11582
32498
5194
15041
23444
20075
35862
23717
33402
7741
34046
18495
15156
32961
31191
466
28724
24892
18910
140
14698
32994
13990
23622
17523
2845
26511
16992
36545
37732
24415
36514
30274
5492
22938
6115
19534
1464
39618
15597
625
37000
8572
27183
1107
33816
16507
5091
20547
24587
36398
11450
30171
18334
32228
20911
3207
28947
29235
36318
1838
22464
2311
27042
13319
12639
138
26542
15346
755
4155
34155
29970
15441
39919
980
37698
31861
16904
22552
3891
15759
17319
3733
37110
24251
12273
38280
20648
11101
596
6911
23359
12651
30589
35714
4178
37697
7537
17446
11149
24158
15331
33137
7282
22083
14934
6795
17115
38441
9899
11171
6042
4715
35849
29898
5391
23005
11569
1077
21730
25210
24254
22267
28601
17587
37675
16738
33067
15867
494
17882
36942
23203
27038
34956
25338
131
9114
34744
1380
12112
13682
20757
22811
7646
19437
16160
3024
6745
16801
13223
24145
12748
16602
34546
13649
28533
29798
27549
10994
3897
29099
29575
19514
7414
35248
19012
38173
4113
14337
8491
27544
31209
36015
34743
15716
10382
32854
20582
15872
1813
29894
36888
27090
18522
15466
19282
34739
38760
12415
7560
5200
31484
5140
8114
11290
35236
15446
29531
15278
12742
21871
14088
38012
13024
37510
16280
18133
34473
4154
16151
28386
11612
18695
32597
12943
12047
17786
11618
32169
29526
13996
31526
13228
26219
14231
31079
13582
17544
37119
11302
36095
32346
22519
17293
32326
33194
20233
39343
30534
9138
13481
543
27451
36089
22703
28938
24775
9863
7852
16634
28458
5182
29787
34045
28993
7429
18166
25684
4665
39917
12949
14384
8203
17049
10616
14544
12906
30762
10552
30144
5151
10569
7443
36220
32424
16680
6696
28451
15054
13492
20144
290
13643
1736
528
26812
2286
6559
2142
28954
17576
17764
32889
2735
27767
1612
20679
30724
13551
13304
35093
15869
15345
30838
6493
18296
15955
1924
12281
34350
5346
13588
23791
13115
28880
18604
34810
9747
4064
39153
6861
2639
25305
31558
16441
18223
16333
7725
14553
4388
11464
1416
5192
39132
3923
16804
484
10376
3068
2789
7465
28791
14557
28908
20097
36940
26860
25479
5103
34531
14949
29699
15308
6723
4909
29347
20154
8164
10630
1523
23010
8978
30837
39161
20910
7273
28701
22873
13158
26810
18308
27856
11773
33180
27254
25902
31123
21603
29608
33685
14146
37779
27498
35084
21478
11254
10678
18408
16123
21724
24594
4025
10814
2513
35482
10742
21523
1469
38658
20647
9752
20374
7094
5888
1064
30068
11733
13924
26726
6755
4844
6146
17111
21693
19713
14936
30090
25932
31021
3375
19906
36861
819
21227
8703
28850
29651
36492
25414
37739
27541
15362
33236
4300
35771
26388
37828
24412
12034
3130
4331
4801
5116
8019
28093
25108
18620
11848
7572
3162
18440
39558
34711
33379
23839
32330
31365
29323
21733
33737
8427
10206
30763
6194
11750
1121
26225
21835
9231
15339
477
2939
6899
4977
145
30425
19647
9317
37061
26462
4992
18142
14979
17555
34616
24171
20305
20906
27066
1410
1258
4763
8794
27690
24131
26426
23778
35630
8762
24532
27269
8937
16810
20023
31713
5773
31151
28520
20674
22203
26937
587
24279
6627
18640
13421
35342
16678
19246
23521
19563
10251
3941
16097
34197
2825
6945
6395
27939
14567
39562
33128
7163
4328
16667
38854
7109
1647
38409
10606
36071
31820
22660
8221
39085
18868
21890
23894
5317
7397
29869
16215
25449
8325
27511
21419
17098
28862
9454
11960
33615
9066
38853
12462
38114
35579
8167
8574
21056
30706
39799
15116
18383
14020
36962
37744
7582
34032
31642
7416
20657
25016
20083
14558
22229
23772
16227
19079
6551
34648
34691
34196
25309
31486
20009
38539
31234
12435
20881
14063
17815
29639
16249
32659
5178
34761
10998
20183
14030
33843
37939
19729
16445
30168
8439
27712
38488
22392
14188
11410
27894
31329
9233
29931
21274
17337
3670
19359
30157
22271
14073
10798
16849
23732
5320
32460
30859
29477
38841
10127
20220
2675
4439
10906
18687
20461
24306
32995
31599
13932
8730
22565
6990
22155
13912
12951
15927
32119
32850
28333
35495
23394
16129
33014
14622
33617
38137
24890
18566
17570
28102
39706
36124
4964
5373
24957
12191
20077
18396
26120
32840
17249
5470
6544
430
6649
25936
28933
29664
12862
8845
1915
39215
36523
14389
37051
28073
965
977
29705
955
36987
26837
14407
5996
14
39598
22128
33565
15145
4296
2363
5615
16918
21445
4568
11200
8259
6749
18421
5299
34913
3886
768
4481
21702
16405
9834
13246
36718
33383
30362
16737
12916
17999
2783
31285
31499
16771
6301
37557
1613
29367
33552
10785
28191
24847
10064
7873
20483
19321
7343
27512
2588
32655
19851
8079
7263
27704
21193
1657
33971
17760
26787
11111
33495
4734
31769
39693
32908
33852
3256
11314
25386
23660
21883
16216
24149
14314
28957
37203
32906
10300
36097
37818
9766
30817
22106
28358
26508
22150
33275
1764
29950
16989
37184
2277
8127
21481
23263
29406
17769
16765
9462
35809
24360
25344
8275
13570
7689
38737
14997
11355
24753
34028
3017
27311
31638
20236
36350
7903
2284
27621
35655
30789
19633
9219
12368
712
28207
36357
28861
39592
6330
10267
12657
24371
22765
27763
24267
28406
26660
36640
21080
13174
34306
30058
16926
17940
25314
1229
33107
11937
32609
30906
23039
19255
33987
28306
25630
20567
6563
37813
2564
11713
22759
30199
35759
12844
2002
9568
10740
25263
34434
35678
33916
8342
7813
7390
36191
4849
17616
16134
30601
32305
6825
2081
33796
38545
6236
17934
12120
4024
23727
14675
11871
31195
22428
12918
19903
9452
38703
17
9253
22646
38125
15121
10765
14511
36971
13063
26064
16812
17343
29082
27468
22949
35284
12467
29687
1111
31380
8751
6107
22174
22302
12207
7933
1254
20504
26368
22812
35028
17361
8538
12336
27070
15971
13734
29658
4862
1614
35628
4206
22627
32818
38905
1825
21565
28246
32225
10804
7557
12354
29448
32206
12357
8551
19198
37822
224
7013
24299
7860
36527
22206
21957
12679
8285
29517
9769
36801
3771
35124
39324
16306
29802
569
22920
23665
19936
38072
21211
544
28445
39495
19706
8217
34065
29251
27569
32966
12747
18776
8286
8049
17590
1814
19399
27594
30089
20672
33146
14818
32063
4496
31438
8966
26682
6261
4390
23821
39033
22801
4551
12992
2603
30730
12079
914
32551
14582
2473
2053
3517
28935
26206
19499
35345
18353
7704
14914
24392
27691
33151
15482
2498
18164
34898
39587
24115
13632
20872
9635
9086
14246
27426
11833
30673
18187
271
17420
13547
17735
13134
18946
15667
20885
3959
38736
26633
24369
11845
921
17280
24473
19577
12225
16620
19541
18726
52
19375
6700
38929
9045
12477
15295
1912
14447
7126
8064
31729
27983
39948
6834
33316
30057
21944
24243
28687
7869
8328
33453
19701
20146
4175
21999
23465
14084
9527
22776
9453
10285
27395
15627
10303
22280
11719
3139
34518
6005
18086
12847
30458
17990
22910
38033
4073
20385
28017
5289
18739
21650
2443
11989
821
5581
9781
16199
8997
36618
24141
39608
8163
13390
5495
25832
17571
26102
3696
4053
38985
14442
30602
31935
39813
13195
34973
22086
27323
37153
37324
20827
35721
10434
36474
8505
23382
1276
37970
37657
9146
38621
5266
9658
22822
17123
2843
32218
27607
33682
18551
26401
22402
37935
8517
8876
15892
31469
10180
35334
8797
35112
28625
9678
32741
11047
4988
37614
11324
9776
11343
22718
33276
35121
9336
7654
19280
27329
1780
33764
4614
33075
24098
1472
3290
16087
4309
29138
25490
32189
1937
12614
19015
12577
1157
6243
10727
19739
4310
30505
11581
31887
4675
7611
6400
10563
27505
29984
19754
19085
39037
37612
31911
14543
31174
25926
8513
2546
8352
1722
1021
9180
11936
26741
8791
6808
8186
36662
4448
23787
36036
35289
20263
30545
29866
12521
33400
24277
25561
22707
33279
16852
84
32737
11285
6147
25426
19612
15643
22772
27974
12674
12675
28319
36992
28782
26861
21053
33150
24486
26881
22952
26350
36450
30877
33455
26896
14866
4941
15778
34970
8003
38404
29602
24786
12978
33487
22500
18414
33170
29324
8952
21769
34606
25777
23872
14659
21313
24367
12712
17044
9918
24717
19870
12717
15773
25394
63
33789
22340
32483
6389
35779
35705
21158
11794
504
6476
35407
18379
16568
36516
22984
13807
22622
3953
1299
6877
20399
22676
21746
23315
3672
16027
3356
30975
38783
18840
39510
34189
33367
11476
25895
21115
151
13613
22657
28730
32973
15537
6603
4082
14796
18601
38664
24840
28694
11948
7006
2635
5390
30712
26807
19676
2122
33413
26609
8789
583
30908
2267
8346
1663
16754
23519
1812
19238
3663
34720
38965
12010
29842
30564
13937
6513
7350
5904
7338
12041
20784
23540
19910
6043
5418
7081
1313
156
5776
1243
1772
30590
10830
28095
21111
14451
29193
26536
11629
24438
9212
28229
39892
32442
24059
15216
32054
13264
16656
28461
12208
25359
17977
13546
28371
7891
22923
25395
21400
8503
29373
34423
15087
28377
2806
10522
7958
1125
38412
18008
36413
38141
13326
31974
35557
8456
17522
29937
21453
1066
12136
36271
1902
6023
28793
39349
25516
29761
15043
16640
32695
2594
24046
39681
10439
1930
30700
29201
17849
27265
24952
11804
22504
2874
23974
18433
12224
14964
5234
13684
15907
17810
33196
17481
21993
19115
3388
31523
17967
12062
7179
8996
34645
12501
20476
26964
25399
31931
34922
24104
12198
14617
25999
3913
36388
3907
26540
18603
4141
21463
22316
37183
5079
3929
2550
35016
27900
26249
25957
9156
9256
7057
17892
9963
14472
12193
13523
11242
1725
6889
15711
8133
12394
2598
8381
21712
33442
18965
2911
4896
26071
21020
35490
21613
19402
16881
22251
24211
5965
30117
28249
5033
12288
37952
24766
23318
4594
12269
22712
15005
20294
23030
8901
29259
8323
34647
26471
8630
28276
36060
16155
21575
35769
13425
38087
16096
8354
16302
157
15818
31747
15904
36915
12669
11757
19990
19389
17901
3123
2920
10649
13507
31673
17589
20856
16622
16323
18509
4672
18373
6175
15010
6644
24696
9609
15958
1421
22084
966
34545
36847
14574
39280
2260
39309
39387
28324
22121
9723
14578
23960
7931
13333
24324
30737
37587
39664
16663
39739
32661
10402
2699
11174
21041
32663
27964
13048
38690
32918
4948
38237
31197
13957
35415
35207
18638
12575
7666
29111
25151
29483
3229
34055
36737
26991
37323
28863
18578
22272
28113
31308
38361
24630
19055
23671
28975
16897
30793
7485
11143
38145
24361
32664
24876
11493
19950
33599
22721
30436
36367
31148
23792
32398
20295
3992
35282
1482
10754
30799
6483
34150
7084
31676
648
16657
31340
4957
4078
10311
24011
14529
28098
28626
23241
16476
26035
26297
14147
31752
2771
10517
2897
26103
23104
19976
16995
38389
25678
5530
21885
2042
25692
25467
27836
39835
12142
23705
27501
37743
29551
1739
16330
37964
8809
7279
17004
20609
29147
29994
12381
23242
7284
14224
14321
30475
13950
18239
12283
33840
12785
16118
37329
14257
21887
26803
10893
8635
38115
31948
27320
12149
30546
18101
35486
17573
24359
35179
19029
38739
39392
24172
28816
18828
24655
14165
14114
1105
12851
29508
21457
35620
1495
25685
25254
2558
11341
25416
5919
10174
7668
22184
5481
6799
33613
24090
33255
31398
4182
8694
23875
373
32261
7711
631
31243
1824
9874
25197
26486
37402
3412
1145
37007
26795
14330
15640
19627
29779
20882
19646
3527
16750
37336
20944
15084
22093
35014
27710
18544
30639
10244
20380
32273
13428
31034
32264
963
4133
7638
15333
1132
39310
36883
24833
39773
18486
24811
18231
14550
33857
16377
38977
3318
30020
17579
1729
20127
35036
30982
12335
15990
25106
30496
1599
24770
4713
18670
26047
24714
28514
35743
10772
5562
3041
32630
33145
36772
39705
4648
39199
34688
17034
1127
16141
4538
35418
21360
25610
32396
35140
32452
23499
33162
7070
22494
10725
10821
12103
15738
7337
35697
875
18559
29529
11933
23440
38785
1621
670
6729
8113
19464
7374
30954
2469
2940
26924
21688
39540
32959
9755
20208
16174
39265
22041
7201
7309
28114
18032
32216
14394
565
35231
3554
24887
29584
39711
22553
18096
6785
18023
37482
28044
423
25575
11961
13384
28853
16887
17424
35885
2501
12826
12490
12086
39671
16878
6039
32448
34307
16048
19044
12996
15008
16761
21233
6863
5280
12935
14312
20946
15881
33841
34578
39123
575
10703
37975
29567
18908
39821
2110
34791
39622
12371
9471
13958
27663
29060
4577
18112
39470
3674
1777
18429
13407
38260
20447
12153
30196
17091
12226
25469
22140
32554
34495
36171
11665
33295
1152
78
4996
18777
20979
24907
26878
887
13003
21209
24048
30947
527
37592
18337
21623
13534
39190
39641
7041
16055
12853
404
16008
27152
33082
14293
7590
8735
28505
21873
39539
4350
14100
24119
5296
9303
2353
30042
18875
32871
37688
9190
35747
1891
29008
16586
18091
39107
1655
1965
30699
36054
21958
33595
3420
3666
8331
25770
32766
21493
28474
8350
2013
32409
39834
33695
1466
20452
34942
26318
32181
21064
18931
36712
34911
31088
38787
36975
19818
29562
28418
3095
12825
28636
3098
14051
23078
27194
30509
24726
38201
20470
36296
34838
23204
35797
13755
2229
4608
26394
11516
13275
28643
24988
39605
12880
36376
24238
15744
39963
38215
4013
22063
23194
18094
16599
4542
29593
15215
25616
8036
23485
20215
15727
36859
29042
39188
34668
13372
19815
7885
28772
37651
36397
14897
35406
24431
15659
2986
13566
30322
3210
22462
36431
1342
11321
1019
14271
413
37421
32510
29997
30670
3606
18587
19791
6873
11265
3512
18913
23370
370
12344
14326
27803
14477
18245
24184
1319
18612
25492
29919
16882
9422
34822
12765
12356
7913
32884
10000
22840
12138
36393
38316
36428
31318
17310
27053
3242
32885
28385
21340
17784
21022
16965
5476
7529
32390
31368
32219
17625
19197
8333
1142
34389
4605
12025
28272
11414
20510
12431
38248
33625
19953
17831
21288
32719
2752
17259
23014
20105
36091
2345
18525
4646
39628
35989
35163
15039
28597
6376
38810
25585
20213
31715
7072
19350
25204
14011
16741
33241
36531
10652
17955
3997
35583
35537
20124
14066
27596
8820
39435
1289
36991
11932
39022
9898
29902
9059
28748
9701
20701
7501
12240
28201
9955
39823
21720
36538
26273
11862
5228
6516
20632
13181
23746
10108
37322
27055
3631
4369
21573
30594
12928
22815
3545
3908
31391
6222
39529
23625
1862
25571
36970
6831
39565
39390
22381
9251
15293
26926
14694
6304
20193
13726
17768
24950
6214
9
864
2419
33473
7267
11638
3458
11972
7034
3350
2510
15438
27322
20542
27702
17711
16488
14707
35553
20119
11315
31658
3446
23340
34194
17421
2459
29032
11063
33910
11342
17094
25076
13278
12910
8105
3613
19429
36001
31903
38010
12150
8747
6964
29338
4313
38136
31192
24249
5792
31061
29311
1987
5506
25767
29788
19819
17146
37066
33007
24938
34959
30180
17141
28693
2074
12902
29245
1962
8558
36291
2982
19383
4612
22524
31000
27398
37621
3137
859
15098
31646
28252
39949
26018
37894
728
1672
10233
36301
10626
19225
26033
28291
1427
24554
9369
39261
38708
13810
29142
19093
24219
7340
2811
6355
36497
20983
24456
14868
24003
37919
7383
14950
23160
12612
16100
39541
8369
24411
12280
28699
12475
18311
5881
20570
9441
34567
9681
5966
32439
8576
32681
29682
2677
1939
24345
239
31773
14299
19069
6926
4539
10777
16203
11749
11487
7805
28825
21505
17466
34805
2397
10288
33701
37891
16689
26482
2343
36899
13890
6496
6955
37477
26382
9820
32016
33005
26720
38084
32399
6091
18617
7660
19386
3346
23111
1897
33412
21595
19726
16543
23785
7868
30056
5066
11084
25724
7320
35801
1241
14670
23070
23507
12649
20988
19634
5972
11852
330
1184
35369
4975
28664
33053
21381
4754
15617
39588
6817
17083
32477
23863
7944
11157
15267
4962
33575
19092
19948
16063
35260
3904
18842
20696
3404
28403
23416
26041
13908
22417
38212
7618
932
19828
29947
33693
17729
5548
33954
37248
39751
7938
4639
21566
27725
20167
33646
18937
27585
10223
28251
4780
16187
35238
32700
3027
11701
244
33124
21021
13102
26250
31920
22989
14554
24296
13069
4574
22999
16757
27471
22943
27924
20723
30691
8506
23496
1670
6578
4008
2989
34071
3008
27315
17515
3147
35830
21116
39009
4828
10218
9092
19801
25042
33964
13012
593
199
24182
14969
2651
2695
38324
32362
23725
39582
10039
29511
10420
25982
5673
23062
12914
7331
5128
4864
14047
21300
8188
339
2782
9388
10052
28213
18002
23761
38453
35108
22993
31593
31483
17755
36563
2726
26635
11236
19102
28539
8602
34154
37057
8390
21655
38073
35502
15072
11357
36477
12779
21351
10667
1233
33890
38806
27718
14520
7552
28807
13601
35291
3417
2640
12755
28
37010
18251
21786
5967
9483
39518
7210
39958
24841
9950
7888
15960
16279
30805
39323
8805
13437
14112
24344
25110
34040
23281
26953
16387
27528
2151
12990
3573
10022
5379
22213
32565
1218
10779
11919
30052
20221
37787
13522
4472
36369
6188
20661
22228
7323
22154
5327
23548
29730
3633
34295
28981
7635
16261
21491
35011
7673
7049
16500
2065
4810
39077
21302
22645
14117
36000
15569
20330
460
33788
32221
734
17618
1542
8622
1106
22060
35739
27898
19831
18660
29183
30827
30286
22970
3116
32175
20860
5169
34474
36780
4256
32319
37310
9977
5191
27353
4668
4702
9213
23822
20096
38728
38293
34693
17512
2840
39506
24556
17560
27721
38694
19560
26367
22137
26855
29856
37552
8705
12952
7475
25079
10401
38487
11835
37803
4704
13203
10205
13301
23943
29256
8241
19687
26293
29243
3622
19421
24481
10129
10012
25856
28115
27106
10029
1972
32896
9184
11427
23186
91
16864
26065
15747
33419
645
14757
32433
21793
30991
14068
8553
34622
8417
21295
5666
25696
8864
2797
7614
29849
5466
35059
10286
30537
2294
6686
6067
23961
781
6852
5622
17689
22973
1333
4395
5945
14294
10291
12114
19778
21545
2621
24648
33037
3205
14467
11802
28777
5353
35822
29327
21604
15760
30694
30244
12192
23576
9316
35307
16435
32879
4402
15966
3724
5062
6225
7483
2257
27470
19232
22790
29956
25236
21099
29062
29708
24741
24166
35985
29726
23379
22380
17232
15199
16139
30482
14239
29858
4935
16348
39165
22802
28835
7012
34625
3034
24583
39677
26914
16649
39243
7410
8639
5856
14524
32345
17574
13806
10782
29160
21490
20591
30898
5648
155
2253
927
16684
27027
15942
12074
3496
24939
21074
6077
26762
1979
33747
17277
11630
30575
27972
24867
37387
16322
14729
18781
4438
37670
23667
12444
23141
13427
18318
9669
5512
4169
3707
1088
4634
8755
17836
29571
16168
1850
8098
3561
2936
20449
36324
25651
22107
24760
33297
848
32148
11810
23059
14168
10615
13344
8679
36892
1580
3946
26653
1177
24056
13185
30831
25362
26193
13718
8917
2645
2193
12692
4099
27645
16629
27368
38308
18948
7454
25071
252
35754
371
28611
30398
37992
21929
7960
20112
12185
38142
26373
38413
35279
9014
34863
39650
38816
25163
30565
34405
13345
17112
28715
36245
28923
5359
792
351
30257
4093
24298
12665
13516
20515
38021
26763
22465
7995
32943
10687
1581
3043
1250
13303
38180
25256
19446
21472
16080
5142
13609
8345
17880
28436
37513
36929
34996
21349
36335
2742
5893
18463
2437
9597
12084
37586
6231
30134
21708
12571
16326
18274
32414
21552
11212
28347
6920
21896
27191
31917
10078
34765
11931
30984
10676
9889
19270
30036
25603
4738
9154
10461
31377
8662
12643
16747
36705
24169
16503
35632
5766
11193
27522
26954
3102
11533
23488
10491
8248
18500
27017
34433
29690
5465
11651
26650
14287
38351
5075
38298
25440
38290
29290
8719
4195
8158
21433
31574
16753
639
27843
1535
19638
4991
29277
238
37090
31346
17175
21010
1914
12017
35085
8230
35449
29116
3389
2337
9852
7940
20724
39436
15706
17195
14464
8185
28510
1650
19559
23270
15766
11501
32949
25547
30746
6598
14608
22023
27145
21368
21555
23266
34195
15913
2384
5478
18293
35341
6192
8204
13037
35946
34199
31236
37383
26626
37341
11881
7842
18198
13170
30343
39275
25564
22216
37601
10931
30618
6432
11561
1851
28831
2649
3691
32939
18927
35652
19035
30017
20689
39288
31138
30578
38343
3305
3665
11793
33070
23753
32018
5801
28659
17497
29284
7114
9044
25002
7026
20996
36937
6568
20442
24136
5112
12933
13092
20266
38878
35272
39795
29296
38656
17949
14041
37819
5248
9803
26856
18406
24779
4573
2653
15783
16150
12126
3688
13075
7702
431
35963
26520
4584
27434
36504
32560
26535
1895
19384
32405
37052
7531
14824
16308
28964
28167
26743
20428
7812
14233
18863
37781
39109
11635
14725
5799
7236
23109
29282
16552
34284
6038
21375
28236
24799
36297
533
35539
26149
24266
158
11580
6943
11592
24769
36812
30515
16406
12889
8962
38764
16312
10235
29765
24802
19354
1957
38479
14814
33083
1796
7436
38681
7639
39357
4224
22606
16147
23493
17297
17341
1188
31897
23197
21845
22324
4513
29621
30028
2176
33154
13261
7048
26656
19202
2728
2458
14771
15398
39896
3518
8214
31072
32905
17268
15184
524
9026
10366
708
7086
2526
3000
38946
27156
28433
35683
10138
37785
22259
30544
3181
34324
7240
35689
30281
8782
38555
13496
2130
27782
6263
21378
26091
26475
34670
21933
24782
32713
1045
8161
986
19630
9245
27788
14836
11429
377
37142
26796
9553
27032
19222
26950
23891
36432
20198
37584
37904
27914
30636
11219
661
15588
20741
12924
31111
13018
4259
1282
17005
2743
32631
33109
5257
9614
32764
24784
3280
31732
38460
10885
29662
23855
8033
34524
35271
35753
39475
3526
15883
30945
30368
5107
1253
32925
33233
3164
18822
27343
25942
28365
24882
15594
29973
24921
2071
26150
2102
2656
12817
12870
11621
17609
9046
9645
2207
35870
27680
34074
11481
15139
10761
31224
27459
9804
24405
30502
28562
22432
14098
29035
36806
5471
24014
6161
34600
25266
15242
12339
26645
3964
19032
38923
33925
12307
37013
21214
20071
27437
39868
20804
39635
27240
8801
9001
24489
21900
11178
25569
18295
16359
32463
17267
9576
6610
10890
26060
24956
9121
35181
17117
34872
39139
14995
33903
20453
18915
29653
14037
4583
26629
15415
34337
7047
18302
10714
35117
14597
474
22540
31876
10331
8053
33177
22171
15246
5378
11140
3973
38347
24601
4928
18553
29824
8091
37718
9491
5035
24216
34372
21524
26002
6660
15031
25131
36400
23476
18917
19708
15729
38991
29466
28903
30956
23468
1602
25291
13355
27359
34986
18797
16590
10306
13404
21868
38341
29838
21013
21307
26353
4764
6589
3689
19353
37082
29380
30130
16835
1760
30023
24164
36869
34402
38669
38155
17543
39180
4694
10731
8692
37993
32915
19401
4138
787
37946
14614
38476
36467
5968
23628
35339
37874
10325
6387
18922
37768
33972
11578
23611
31856
35653
13207
38676
21695
26718
25239
10634
33360
38849
25961
7446
7203
21077
24739
3810
5047
10342
36866
19134
23959
8116
3247
36805
25979
22158
7250
19215
30418
2183
19604
12904
16245
35680
4333
14425
14802
6315
4533
24288
3466
36421
26043
34274
14445
13182
18721
32201
19410
17939
18397
37015
15782
19409
37031
15127
7101
536
20044
34013
31394
9738
2702
4793
9485
18493
11646
12331
9206
17167
30264
5971
23044
38801
15957
3178
24250
21065
33299
37733
36070
20493
31455
15315
20654
36894
14889
34455
12714
6025
33139
21135
27884
37302
7847
30084
30826
4223
35119
7332
27257
29975
29341
19300
39468
11776
28785
21678
34903
18349
34209
20345
32137
38486
39066
11538
8725
1795
80
34883
34236
10784
11611
31749
3848
35397
21607
5489
31578
33127
38639
20123
22353
14306
10033
10820
19869
3519
5560
3219
24989
31414
24516
27962
22260
8102
15218
4891
19992
20896
27889
15101
21265
10225
32001
16037
10257
8723
12451
10937
27410
9004
12274
37795
12069
5762
33426
15552
34914
8255
30349
6283
32634
12463
4471
9160
23046
6151
15250
16233
25544
907
31062
38832
9913
29168
12092
21601
12409
8326
15933
2261
30461
21374
490
8219
9700
13417
2733
8763
24297
2505
28666
28388
23808
6981
11426
23176
18405
22827
8011
12261
27705
11839
23841
2177
3405
18066
17717
19253
5336
37845
6434
34692
5012
7375
13765
13783
18629
34594
250
27957
6312
29918
32159
13776
35957
17770
34728
19034
9629
26144
15864
14460
32283
12375
28718
31051
1477
31733
12636
26083
5704
36072
27294
16698
24503
16521
18976
24083
26473
33813
16922
32970
6582
37811
14426
34138
3981
9759
31631
37815
19789
13119
22858
26254
7964
539
11132
28057
4312
31222
38746
29254
9467
29532
25804
15289
1637
5672
38799
11180
5254
8833
1690
21173
23658
26655
28939
33754
13544
20835
6174
58
14024
14787
5969
15975
12973
32386
13322
19089
2326
38640
33411
16192
21899
22794
10322
958
16681
20419
9873
1769
4172
1566
20073
12932
7856
28700
1970
4125
29066
23213
21653
7010
20462
14516
21131
17919
26794
4143
33130
24817
28200
8281
32044
605
27439
35344
37435
12066
27309
24492
10071
23097
34444
7587
7112
16164
23840
20966
31496
3307
28484
3762
35998
11689
30612
13780
20778
24797
32858
33283
9073
15208
25980
31771
27515
33046
38829
4319
8422
7774
8986
30704
26915
8859
25720
38350
23377
15596
310
17469
3341
25326
15078
26185
34472
10260
19317
39912
23267
37169
23586
30444
9713
2736
30043
513
17833
4490
3109
14731
11957
26108
19616
14268
15707
11740
26379
28359
37088
2521
4276
6784
16776
21085
27115
29364
23025
16154
20118
30745
1645
23456
27876
12541
9946
16012
21301
32233
24966
11917
791
25379
14050
11004
15079
11939
27391
32089
4251
11458
23256
38246
9867
12266
26659
6565
15142
33551
9936
37653
6384
18401
5760
5922
11251
24824
26921
32783
22362
23279
17308
1904
27500
338
22828
36328
37459
9158
34665
8099
15559
38695
35435
37229
25472
1791
3428
21851
14970
8393
20643
39035
4381
17669
7153
39586
34446
37797
33697
28485
7872
20117
11985
29319
26993
33786
24735
10397
14998
217
22168
20276
9407
33304
15916
4261
16497
35017
25491
37273
17215
3046
35363
17276
25227
22851
28121
8272
6450
17893
11880
38924
19800
34207
17971
2991
21410
3465
750
25732
36577
37274
15440
14629
566
16159
22136
20041
5977
22734
8080
29652
5032
491
38734
31557
18114
26687
19025
10387
15377
28412
34483
15688
1500
32926
27723
9731
19547
31162
17891
17193
39519
2297
26246
2301
28952
39081
22403
25613
37553
17327
11525
27072
3467
8223
20506
12137
13324
22430
9363
35703
20053
17052
12491
26451
6347
31982
29657
2962
25962
24282
16959
26360
9760
15801
31783
37077
18115
32029
17542
34830
10846
11860
24100
32941
6135
6882
7515
18684
30740
29250
35578
20841
10722
23888
8637
35041
38076
4462
14459
16666
9515
6003
27724
9976
36594
26070
36713
16270
2580
17536
3058
3170
19476
30474
23687
15352
31400
23000
25346
3824
13652
14795
36162
17624
39913
23322
23140
27198
4737
20332
19368
11107
16111
19062
14684
29018
20245
14497
25474
24444
20960
15135
39058
21061
19314
35704
15754
4117
32454
10096
8025
19755
19461
5728
11927
27959
24332
26678
20593
14844
163
39668
21365
39528
10307
1744
6763
31751
32957
31038
30405
29863
24627
18111
31613
15996
25690
19753
26130
36534
31112
35695
13618
26916
35128
31345
20749
30994
11196
19347
5755
39340
37211
26481
3276
24973
2787
22397
7784
14682
7724
31597
8338
23208
19558
12941
35740
16694
16423
33319
5477
39302
38790
37826
29727
26721
24482
28927
13408
7315
7893
22212
23155
33672
20156
1631
6839
14811
24967
1846
29037
4993
18162
25590
29692
29864
32205
12129
37150
5863
8226
29617
32378
37438
1822
2186
24751
8460
36716
9125
13200
34008
25483
27935
27095
7545
31396
24800
6814
14140
39785
17527
37603
32696
2450
5124
5577
38780
32691
13076
19058
22824
18374
14708
9358
10685
4157
2231
4337
39425
11461
7078
24530
8975
14366
18025
16451
14721
1508
23739
14242
34584
28605
18258
16358
34663
35764
25593
4091
15311
32707
4520
20495
21317
13731
33918
32845
33961
1044
14345
35155
16182
2547
27895
27659
28027
26048
20192
31683
15602
37099
20369
288
14070
1549
27630
9487
3783
27864
36689
1393
1555
18707
32158
18026
12875
5948
19195
26243
26871
27713
25408
35832
38269
18981
7275
24153
6334
34106
616
1766
2654
25021
7506
2579
36851
39651
19415
19744
36182
28596
18413
33450
12718
30399
27423
34355
19423
16856
8280
19452
5262
8131
64
17885
30987
11485
15985
22881
35587
31254
25255
24058
24106
15172
29459
3483
27067
35201
14605
33926
2977
14082
14961
24749
24640
9887
17997
7223
11868
10925
28722
16394
30073
35072
35501
35455
9381
4067
5539
9273
39888
22255
16845
22030
33056
33464
16025
15404
21620
31090
31679
6546
30916
35184
31583
1692
16731
905
2254
3260
23253
33604
13620
2835
37972
20832
5771
10014
30141
19448
19779
34654
24065
33746
10277
814
5166
11185
32523
8915
37157
25304
17482
22935
13052
17853
27312
16513
4477
3605
27756
18344
14685
25833
26500
6819
32197
13256
25043
2756
1836
519
6501
24227
36312
33229
23349
4044
18465
15851
16089
21684
32475
32786
6139
20762
24315
38688
28989
196
32265
39223
316
36202
13350
33614
19649
4871
14838
28702
2281
24820
8181
28382
39246
23096
25508
11643
3955
38274
811
27345
26830
24746
18801
11497
7411
17165
15203
27125
8721
23744
11130
6409
36224
33268
33763
30220
8756
7928
20989
9716
37938
37582
17479
4710
6085
29908
12553
26125
2928
635
21715
24001
2372
10059
27428
6371
19865
27212
31720
28623
30548
31704
14917
559
5586
36634
4650
6080
34439
20519
27635
12214
29439
4322
7799
21738
36648
28780
32938
36342
19710
12088
38116
28781
11316
624
27800
35404
17547
23481
27965
8377
35949
38262
12363
11598
12729
38999
27547
17994
16903
37257
4210
13714
8862
15499
26572
20204
31245
29595
14717
39603
33779
2543
30869
6917
35513
9107
37372
11488
14418
13980
4903
37451
25150
10993
16125
9545
29944
6381
22050
38483
11151
18174
1481
11772
26397
5355
3236
28569
32242
23760
15001
29746
35377
10897
31383
23563
25975
25515
37166
25154
10566
19346
3150
30516
26846
15386
30451
22912
36313
25708
34636
17950
27636
20110
34961
17644
34413
18512
39770
13043
22327
21025
2857
33003
27003
22882
15273
4545
23120
18033
29958
7357
15000
20868
16385
35950
1547
38421
32797
35444
5778
29013
7883
38877
3874
21959
24622
37457
31185
16378
22132
29689
3705
37196
8228
26458
19795
5298
26736
19804
26138
16039
6258
5868
2233
38721
18595
10419
46
13678
7985
13959
16325
16126
20693
8176
15007
3175
5982
17862
34314
37228
13698
3394
35202
28268
35561
21305
9537
25124
21201
32278
29065
19296
13296
30851
11020
11282
200
38735
38075
33357
12545
32081
4980
5651
27221
25794
23933
26346
18159
19444
9610
38492
1726
10605
28665
16498
31710
22364
1709
10878
10513
1976
39294
23393
15408
7749
8868
13975
37493
36666
25462
34880
35107
29654
25756
37029
8799
27268
27955
40
20257
22521
13521
16612
6494
16967
36535
30066
34305
35767
3532
6238
19653
11005
21421
10452
29331
27930
15989
7577
5207
19817
39195
20386
38532
4144
1370
30903
36613
31763
1298
14463
10042
38865
17022
4799
19944
16244
9937
243
22800
15914
32843
39262
12418
20839
28158
503
2723
8842
22197
37835
19212
12838
14040
22367
14883
19898
14735
29302
17622
5929
37869
29083
31655
30326
29080
30878
35253
2630
20665
8811
24406
30506
16285
38434
39385
3780
27409
16560
35810
29783
36484
14752
37643
6508
18541
4804
29460
27351
4324
19697
291
27945
39342
34365
17704
16492
15431
1805
32917
8459
29606
22665
7161
35366
38185
8494
12647
3961
21328
2907
22486
17030
3061
6836
12703
27382
17809
1704
12837
16516
13655
37397
32732
32864
16495
36732
22694
21088
25240
16181
25132
5325
8103
38124
25203
19416
6569
34078
11959
39803
36928
13277
38544
6341
11539
33542
18194
9300
20099
17292
36903
30437
10869
37958
12796
18445
1986
332
39864
38930
23457
25407
15595
32057
13876
11663
33665
6040
38097
17762
14830
24161
2763
26699
8800
29031
28469
15418
21832
8787
3775
29614
25760
22737
22288
1033
22941
19909
12387
3016
1890
16101
30174
4039
16591
20477
12271
9558
5364
16773
38716
3687
7181
26364
37881
12807
29205
21177
2189
39148
12187
7215
7863
8287
117
28810
4264
19509
34164
22793
12510
37915
39304
7207
10875
39354
20302
13777
14144
30494
31957
8484
12689
2919
4847
27992
12828
30680
26850
18939
17740
8492
25447
10783
33847
25873
26198
18060
3624
36150
20735
20907
16490
35638
33768
17437
37471
35975
4240
36744
30597
35919
39591
7606
14170
2507
16791
16988
23832
22481
22791
23759
17749
7541
31991
21585
36882
13370
19823
31157
25631
11705
5497
5594
378
8366
13557
16054
33778
30996
3370
21608
26961
24885
6846
8082
30845
33673
5768
26016
35156
7253
38446
9408
17648
162
34610
36298
706
6152
16437
22711
28925
33541
20541
17358
28269
7168
14607
24125
27425
34818
8985
24127
30860
30919
18792
23991
7093
2064
5926
2173
18370
30983
28244
30448
10066
12049
21034
9619
26030
17065
10054
11974
39865
7828
7082
21974
9460
11296
6393
8017
27587
7389
13090
5542
12958
7504
19978
36478
6
8193
36457
18038
25171
17403
24943
36595
4951
27660
3131
36305
4343
1673
14745
18902
39516
33321
26647
34227
28211
31258
22164
26825
39632
35575
16783
30731
39581
3950
35000
21171
26517
26052
38507
30210
5
5912
4341
7766
6851
20138
31338
28325
948
2641
14108
9876
20084
34179
17207
21962
5730
2491
37509
2195
35081
21405
3009
1032
24137
24454
23858
19286
25159
25955
13021
30128
1091
16826
33627
14370
15217
12289
10107
7362
34894
33102
22411
16836
18859
28958
2484
15737
14223
22957
15241
21599
19904
31313
35308
39469
38502
21267
30849
18575
22253
8469
22933
19150
17718
10118
33536
25754
18741
37305
15257
29924
26023
36469
19501
34382
38550
16195
13498
9126
19720
6933
13960
29510
34575
38976
30011
5599
34888
26761
33417
2650
25943
36214
32420
24353
15863
23292
5055
7920
23085
6595
21015
16041
6847
31819
22223
26675
23407
24192
4339
36911
38726
27979
10177
1257
17043
16623
14826
24222
4211
7848
26811
33078
7617
32981
25783
8490
924
26087
2882
9341
7642
12439
15138
39971
3020
2
15978
16990
39944
8516
22214
38809
27716
4813
31063
22574
24616
38803
35008
11534
7234
28068
39533
2225
34253
14153
2895
36976
5458
260
20895
24167
19332
10653
37335
7671
20164
28426
35585
16124
10114
16595
14893
19751
25669
39964
11667
15048
21245
10403
2562
8190
27463
34087
38336
31444
16920
38588
4253
6186
15776
35964
3312
22321
3435
30633
20923
14307
11918
13703
26541
33795
7915
20968
15845
20594
2958
14943
25146
15792
39061
4870
5579
27909
16823
4286
27948
10868
3275
39662
25668
28798
33654
16426
8141
18470
37963
13187
33030
14229
24487
21992
28126
37221
20931
25919
281
3683
29403
6857
16376
13638
5324
38706
6928
6558
15653
7791
30005
176
30871
7066
15843
38294
19661
24318
7
18993
29766
10553
3217
30811
19257
1674
16491
21376
18622
22725
31921
23131
13110
9098
33612
10766
385
425
11368
8276
25173
38633
10688
9540
13436
2838
28628
35593
25441
7857
25986
21456
22079
3364
33540
16842
34017
25230
21174
4778
11543
37747
18610
15663
12236
4245
12458
3053
26317
15752
24559
17672
29244
20986
35701
22960
4484
29210
39052
3115
8567
2997
17557
32255
25587
25951
22282
26713
19165
30206
3732
12238
14092
26069
5692
7878
29525
13998
37682
24002
19479
23395
32750
36950
16692
24052
651
4658
12360
671
35648
29240
19790
37466
6109
5130
6319
23648
19587
31490
36999
15468
22520
38329
1546
31440
24644
14258
22633
14214
39008
17665
17847
7999
12578
3759
17675
19693
34109
36675
35211
9562
34304
31446
9432
35880
25747
31278
4571
17848
38830
25663
20916
17399
35196
15577
12305
9179
8796
13107
23766
38513
17382
32481
34993
10904
33667
27599
26980
33209
24804
21236
1863
33342
18624
11953
30653
13662
34618
23294
32039
18108
35758
6642
4985
19128
11155
26989
32400
12757
23135
30592
11401
6871
15540
23309
37395
21501
34397
369
37796
36321
1026
7115
31844
11819
6913
8919
7266
10543
4816
13954
25533
37824
29059
22516
37121
34930
18896
10853
8389
11021
8081
21774
8070
35075
1971
5817
36742
9267
21409
30237
15826
7555
6662
9279
25525
6189
13808
27207
21642
25769
10588
1668
30948
16775
39447
30127
7987
16837
29945
29195
34979
1114
10470
3934
9714
15795
31323
4832
4541
28615
4890
35781
26512
2749
31936
32258
8462
2228
25417
21212
27746
7243
15389
29431
11081
16067
37374
20191
33293
28122
6441
22179
32067
21167
3530
39758
11683
5611
36134
797
16960
6823
21092
13450
16082
12506
32453
21454
37023
11187
26979
23900
5570
11237
730
36194
30937
28307
2306
14873
28544
14027
4047
27665
3916
11851
11253
31495
11072
1502
22451
37280
29435
32548
14797
9484
29757
36473
5865
7188
18392
34931
29588
22453
6372
4698
15044
23339
1563
10436
10481
27466
8727
25927
1197
26529
15723
35221
4546
11014
35784
5010
37609
35597
5514
33040
19147
23425
9333
37888
35768
34381
27873
39467
9472
32359
37721
22010
5202
8955
35078
15268
36658
10730
16901
15067
1201
34506
6017
14895
4959
772
37677
14422
12416
23410
9665
25730
10865
14930
18221
12411
36482
37180
31740
35969
17662
31864
20278
23541
10371
17478
5557
11913
32125
34441
29829
38777
4207
32875
22861
15447
17447
36493
21068
36793
39316
9015
34281
24094
7104
23106
32116
1353
22656
8470
35229
11763
33556
3718
6116
17220
32590
20898
4407
10863
22437
7369
8672
34889
6267
26686
8115
16172
25242
26284
1185
36346
9838
9496
16210
18077
18581
10712
16726
2613
17491
19623
8711
17375
23506
21035
38216
19863
26393
39960
5190
32804
39134
25283
8444
253
6285
30856
27089
9847
21611
31896
31607
35958
37456
5595
9186
5790
32971
35861
15493
16499
17029
25566
39623
15902
24553
38317
4575
32979
1950
2941
19505
30568
26804
20281
2018
38602
27308
3302
37870
20639
33207
33095
37742
35392
30138
28202
32964
27739
18961
17408
10636
23896
12484
32800
15097
18579
7509
4887
28518
33616
11122
38937
32090
8301
22704
25432
29645
8746
34419
1461
3321
29882
26680
20714
3796
4788
12499
24159
25473
287
9164
35686
31242
29892
14609
31334
7568
8235
25608
14759
22124
6487
30530
7462
37278
20667
36017
9220
25026
30538
31615
25306
7880
9425
15017
16564
19632
3398
15780
4248
11349
13183
24061
22398
28448
31183
7371
26038
34052
5818
24262
26266
31415
36460
14881
12445
23064
9227
31212
20521
9583
19360
22263
38360
36881
19174
5701
32149
26516
28551
14288
12122
33063
34522
21807
3846
36926
21058
35530
8991
18738
25406
13606
17532
39968
16596
21596
4227
37181
34747
18680
38609
11105
10999
18980
33637
3234
23137
5180
25738
22640
4080
25625
38911
32616
37555
39502
23498
35454
19295
30853
7404
18850
39108
23268
30454
23893
37873
4511
5425
24445
22876
38700
38355
33314
15240
29854
10335
36723
100
14740
21229
12872
16917
10271
35451
11239
28391
16309
21443
26347
32546
35904
32128
35088
38537
16478
13752
19605
18705
8028
26595
32857
32126
3353
20818
29230
21413
22185
36113
34504
18744
6449
2455
21966
10498
32014
506
22233
13827
25650
21978
21488
19481
22690
9426
4938
11517
33093
742
28769
24089
28313
32993
6063
37850
22032
7892
2068
212
12771
36458
9706
7546
20831
5409
3309
13302
26679
9097
39842
18412
11470
38129
33808
3852
24789
37330
33503
22535
19524
7935
10770
8544
37633
1382
13311
5361
24582
24301
27988
33909
3366
17061
15060
28698
24931
21071
13558
4982
10828
3314
276
39402
12586
22073
13445
14640
28104
9011
28515
38670
25350
20720
13697
8094
37484
10279
39634
16486
10411
13271
34244
26879
11821
39743
32972
23675
29825
30966
25349
10699
26161
34374
28009
37928
1784
4939
17439
20040
38023
8699
5407
17825
37704
18959
15678
36344
8151
31640
6623
21544
3498
19471
26075
24623
2272
30882
31552
17023
32667
34114
15769
29826
24964
13347
18706
14439
6581
37312
27356
5828
30002
7844
10627
11636
36392
17037
27907
24926
39214
3250
24588
13825
17048
32825
37620
677
18219
4105
34293
10558
28737
34115
10340
2468
26557
28940
4998
19610
19977
1541
213
32114
2568
438
17621
29213
18916
26061
9124
33962
14485
12173
27114
11577
32792
14013
13086
33178
12313
14944
19283
3286
14225
17453
16222
1811
26199
13405
813
11795
26104
11946
11988
35217
23016
39569
11469
23124
6590
7140
34186
28065
7728
17948
32882
9530
29226
31786
5510
14662
7237
32516
15580
24335
6370
6095
3385
32109
17861
13802
34698
19859
9916
32019
8495
22305
27863
28919
22376
11460
20279
18321
23433
35060
19958
2212
3693
18123
17983
27177
23947
3589
10426
37251
10983
19133
15231
7160
4818
12546
20865
33291
951
14922
6369
7991
33388
39090
8689
27905
14587
2086
27313
8753
39071
23198
2096
36257
39396
16982
24200
39370
30627
29299
2660
22202
672
26596
31705
31797
37172
35853
19164
35002
15589
31922
13093
13397
103
25805
37710
7678
33427
1525
30125
6339
30107
33471
13815
35778
32441
14393
318
39745
38166
8879
26959
32758
13252
6720
18055
32647
15429
9479
10302
11548
30413
24575
34740
15259
17304
36803
23609
2585
32623
39708
16635
7641
19022
6548
17923
28976
29900
11008
19170
35009
8407
22729
18791
5258
17751
31668
25022
17290
873
7511
9103
11656
28241
1195
2853
13165
33691
37042
4552
9927
14566
23676
11550
14363
9386
852
19544
12473
5564
9659
24818
7342
25686
38381
3224
31429
30072
13409
12819
8989
38427
7246
15340
22248
20031
27438
23554
23063
11996
28869
31776
35995
25355
23819
27998
26095
1615
14038
29977
843
19234
12760
1820
11337
11126
34211
36448
25751
2819
18767
17246
12776
35624
19690
25260
37147
23820
5736
10219
1116
29536
27449
11280
11925
25297
36528
5479
22467
8406
11855
7584
17912
18874
18153
20432
30241
20145
16072
21753
2290
12172
22141
37406
5837
27791
1097
19527
21253
35715
10607
31890
35151
25977
7887
36219
8575
5230
19516
36272
5725
32005
37556
613
18204
4374
36758
32534
28314
554
38327
7839
18212
37730
18262
13737
38745
9016
37753
36661
27355
2952
21112
12067
19987
36445
22062
7206
17485
9195
9987
31812
1501
22922
14875
14355
22420
37059
15815
16352
33317
362
13227
4598
3641
14991
12174
7117
5363
3258
19463
31358
15035
6792
18901
36323
1809
33496
8096
37393
36564
27994
33024
2114
7793
39551
23295
34224
22799
8737
13410
14945
8145
31591
36363
31963
15304
3348
12413
26411
6468
19040
36047
13282
37722
26423
39666
36264
11405
11552
25052
38692
36348
20301
15091
37033
1503
23126
12834
2945
10962
18562
36077
26147
25908
22817
34864
31387
12912
34007
36963
39498
16683
30702
5265
4038
14926
21726
19316
14325
19245
33025
6984
13787
14012
26585
11901
24428
32406
7836
1349
20934
23022
22444
20734
32391
25802
38549
10776
37876
3100
11249
27976
17782
19569
9996
28494
28994
33217
21090
3233
34121
9995
31262
23314
16713
19728
34134
14227
16647
7327
3677
33446
5235
33022
38225
35717
19586
3957
18369
20309
20485
38285
28176
307
6697
23695
16537
12733
37426
21286
30267
10780
5261
37644
18824
19182
25635
22603
26242
19741
3462
26226
38384
37961
26887
3806
17285
27036
30377
16458
14716
35252
18636
1446
16962
28178
11041
28379
36941
36129
22896
37833
18480
12753
3449
36096
8349
18418
23355
29482
29774
26612
7470
34406
5655
39401
5867
32151
28308
31265
8379
9822
32544
5057
4072
27097
28587
27416
37607
17066
11066
3758
32501
14571
31359
24146
6443
14870
8932
22369
37763
33216
37230
4165
13712
11022
21189
38443
39271
11791
17116
30531
14819
16527
32847
33570
10405
4929
30182
16369
25970
30758
13948
21893
2623
21556
34086
2436
1264
34230
34332
29462
10816
22346
14143
397
6902
19355
5420
8207
26823
23995
14937
16655
18813
14244
1020
19960
23229
7539
3160
1870
27234
19780
12239
10528
5462
35643
8907
37349
33887
14953
9367
13073
36438
1713
22135
17498
11850
36701
16324
3032
618
6218
21795
3782
15488
38391
32717
9448
23652
6397
31792
20551
8112
13265
22585
14031
4273
7274
3706
22738
26898
27216
10880
17078
29768
35954
7147
13906
24511
32253
6099
13654
23786
28477
6458
38551
24744
36679
30755
7643
5294
10422
21183
13210
5533
25641
16545
35858
11613
7739
7435
3457
21757
25081
6253
13619
24793
26767
37687
3145
24803
14602
34652
12735
31077
27970
28882
25129
22457
14954
21280
25881
26447
21659
1309
21494
14430
37089
12507
26617
192
35301
32969
25905
32249
35136
10811
32680
14154
5360
18028
37772
6991
21797
13466
13872
16320
6830
38919
24705
25996
27153
6862
7344
5765
39738
8291
26642
1834
4075
26996
36123
1954
29841
5102
5660
29665
21144
841
4003
37231
6112
30559
35447
16981
26560
18139
549
23923
38322
21512
21559
33250
8034
22281
35609
1888
15983
7225
18125
10861
16898
22114
1315
32749
28422
15472
19408
34682
15700
3865
39051
35908
6090
34904
21554
12531
10507
38040
34509
12230
10969
37570
23568
39041
19542
25716
1883
10848
7756
9595
146
278
26505
31286
39833
8943
33886
36719
34565
17432
7649
3347
7116
38003
38161
4336
507
10085
13550
7623
8067
34540
9543
1719
8441
26754
1932
31218
37647
25403
17875
20813
38862
3447
3221
12197
32482
20188
10832
1129
11091
29519
22974
28141
3400
31798
20216
33300
34517
22781
2854
2867
32009
21145
8357
32787
11489
496
4435
31324
34990
28525
20268
23217
7464
26695
33555
33633
28572
7686
23011
19787
13359
8062
7312
18119
4683
20320
39014
6912
21315
32138
9815
4321
39135
29447
7123
1279
31702
7453
21526
14734
21119
19001
25953
12719
27526
27435
28320
3142
37415
3638
39796
21600
13087
31979
11894
12854
28678
11298
14858
11079
24416
36139
8450
39683
1509
31014
20046
604
18932
37528
6632
2411
20331
6525
13066
21028
13953
11116
22517
10581
6730
15918
11514
33535
11445
34829
16956
3807
21208
32809
8536
31843
37893
5312
18658
17726
20512
29535
623
6848
22025
3609
20395
32642
25217
22370
20573
13360
14434
29541
37994
9458
34512
5585
32644
13079
12205
32978
37696
17942
788
33192
37839
8880
38196
25865
28752
31987
18886
25431
39478
39388
33246
32605
7610
19233
13148
11392
10003
2077
5498
10438
2896
3637
28457
5767
21986
30078
13913
2658
684
573
36273
33817
6908
7522
29538
32234
27838
36764
35493
33444
14504
9872
5891
14616
23542
33264
4260
21635
8563
5446
1003
32506
36471
13094
9911
8844
4412
39878
11617
34814
20700
14579
10329
23756
24949
27956
13700
19882
12947
31078
7709
9263
12787
27224
22345
37930
38038
35783
31978
23227
22567
13220
25175
18718
8950
37831
37953
2625
35971
6979
38980
3319
25572
34296
10410
14208
38802
12158
23115
5707
4308
31281
77
22909
27966
17168
32650
18691
9641
15799
31121
14151
8823
21694
9387
37130
2881
9331
22456
34159
16788
19974
34401
23397
5122
7294
31568
28528
34649
27644
22169
14817
29041
22782
10389
18317
8863
28682
8855
18704
19107
19555
28897
2595
20746
34394
28289
21324
18098
24460
24999
23366
19942
37940
15136
18839
758
17602
29221
5558
20531
33404
14310
7930
38232
22427
11271
2951
23558
9440
10833
11887
32789
34572
22436
19770
39871
25421
19046
12038
34944
14718
23230
19268
6787
9147
33288
5961
2005
28335
38065
37326
37635
21117
7827
21003
31944
31003
34685
32403
35480
32241
10333
10475
38009
32575
21509
34590
35577
14842
16472
31200
4485
27341
1763
31881
3059
28894
31842
30133
14580
22205
8926
38628
10947
22232
11235
7165
20887
9856
23914
11067
30552
13539
37664
38505
25995
34550
10902
20307
39794
37902
13446
11203
24944
17916
38222
31
30094
30356
31017
25963
39491
313
1554
4618
7135
14368
16872
6519
11513
37018
24576
12162
31178
14525
33440
17877
10008
27564
16418
434
9117
23147
1056
35146
34875
32698
3310
32756
14762
27568
21040
4604
19704
37106
39056
37825
24342
16690
16855
23249
6125
29870
20113
6620
10326
24830
35126
26677
3415
12417
16064
34231
27960
20107
20773
33519
27387
31489
27868
16659
22998
30305
19573
473
37120
31356
14996
33948
38530
33973
37807
19999
39216
39720
37049
15912
37149
21455
37470
28392
18127
36270
14693
33554
16310
32182
34819
39164
4534
34798
17787
39499
35035
21750
16267
9144
245
10810
12244
16696
18988
1272
29304
36604
23027
6542
19226
19761
13211
19075
21783
39999
2474
5531
28088
13202
34595
5756
20619
17008
10362
5203
25468
13905
5249
30197
9711
22038
11036
14125
26977
5740
32458
19418
8722
7265
35442
31872
34987
38019
4277
27503
22638
20974
32028
30480
6298
15353
27478
29378
25667
1214
39831
17878
9355
38604
30888
32776
5819
38272
30641
29278
27814
2746
15655
16009
33344
19287
32947
37724
19143
12186
20150
13388
36425
33707
22454
24419
26320
17790
19221
1745
15606
6349
4221
9522
13530
14054
33019
39602
10248
11890
15164
13900
5545
36614
15821
16029
35817
36051
38392
25384
621
36187
26420
10623
19860
17745
39145
24535
15644
13573
6290
35719
25488
14912
32822
18852
28523
3937
34436
28334
5682
20646
26625
39793
21271
35143
6665
6168
23084
32769
32358
26745
29857
2548
8104
26464
16024
39419
24538
34750
19016
16074
7956
34954
21014
11727
22031
27577
34615
15841
1305
10593
6612
13101
3585
23845
1935
16240
5413
37879
10664
23643
13865
27952
26676
18747
4745
1149
20214
17087
24062
13471
10922
1316
26217
30123
36362
9862
33088
20459
21764
492
39424
12859
30137
9412
39010
28155
18646
2518
14417
6020
37851
10613
3316
12295
1788
4074
11967
18129
30821
5573
12969
39221
3241
37429
11620
22659
10585
19765
23238
24925
2531
24694
6736
1018
468
39862
7053
10538
21247
14753
16785
39690
31366
7896
2227
33722
251
33001
17423
11977
17192
25257
28645
18686
29154
12018
16524
12843
12831
1996
26324
36673
27825
32796
27037
28394
16485
17296
17535
14014
1718
30478
31411
35613
33441
14086
9749
14547
12253
10840
21060
31524
11934
33081
8037
27563
9967
6748
26141
15915
5256
2804
23562
1975
37506
24122
19500
1445
36464
36033
29314
8514
14176
39571
39939
15357
28168
31493
19539
38945
25228
32531
37549
32687
22048
7252
28475
3190
10901
3815
36624
2302
3444
37910
39308
23157
4651
6531
12925
30450
11505
17927
2794
17642
35437
10582
31076
30466
4965
14538
9277
3766
11309
13965
24958
34900
36600
5139
25149
7652
29552
568
19155
23682
25453
12218
5860
5804
11876
23487
36720
38934
30109
38342
207
25640
32012
36753
30379
36028
5583
33101
29472
16395
39655
20819
27841
24700
14907
15013
26277
7672
21624
3559
15977
25534
18234
26909
34705
9587
37202
13469
7955
34129
16668
26133
184
28783
36079
38709
198
33117
25617
6008
17137
9065
21589
25974
34766
28089
24160
4161
36399
36193
24851
1598
3584
26258
31430
8696
15292
32099
2533
23784
29418
5538
5121
30952
14689
35496
20308
33708
3616
8348
15057
11477
13645
32743
34223
20069
24664
30355
25715
34338
26490
17355
1375
27433
2923
25427
783
17155
3583
14148
39369
7336
598
8647
37116
36519
10963
2596
19852
13982
16295
19669
33305
2354
12130
12625
15291
13586
34029
11233
16132
37686
21049
34051
16624
32243
4147
32004
1396
20980
13925
18201
4544
33482
19033
36524
21345
17766
7027
20739
1781
7550
5871
29501
33106
20612
13235
14437
16559
23805
28171
23807
18453
27761
35061
403
29330
10080
29005
32962
33635
25763
21785
34525
19361
18364
27284
32489
36249
28349
34820
300
31561
26962
11608
36763
19310
30727
15365
38257
28285
7768
1409
7035
12783
32094
31530
17748
20225
15173
23795
36877
24978
6507
33330
18310
25078
15622
16342
38913
31913
27402
18570
376
20025
14733
12285
10555
17520
8045
28363
9299
9499
34146
12389
37914
10421
4056
1675
18491
22894
21866
29391
29591
22314
19772
35848
36848
38050
11313
19169
29303
17156
1226
18899
25698
11240
16961
22448
12611
24642
20377
11992
4012
32104
38861
30744
29492
11531
5984
1413
10884
23823
22498
29144
15548
517
34601
32279
7277
15481
19391
22539
36550
33979
39753
17921
19825
26327
38753
2153
17666
23917
2796
19888
27629
20394
32124
4863
28315
36012
19351
28856
33292
30624
6840
16555
1430
34605
6693
13179
14177
35819
5002
20359
7817
11289
14356
39497
5243
26055
19407
6658
801
11273
24085
3768
12773
23758
2456
11383
25958
1453
3081
5658
37868
4193
23547
14206
38775
6034
27371
29185
5350
24424
22027
37327
8594
32521
7789
26746
13285
21325
6176
39445
9406
4752
9743
28281
20528
12256
22015
24081
20675
6295
265
33543
36155
529
25536
32669
17637
39263
36470
29457
19220
3966
12515
6479
32699
12950
26229
11671
17021
11801
10230
30834
35244
37551
6277
2134
10310
35869
24425
28658
26300
3297
36823
20725
27002
11046
34895
2636
33618
11924
10877
35416
4958
3237
31153
21426
4852
33983
29057
12937
31794
6437
16276
9278
19951
28440
25530
6606
28846
29966
9379
12001
33354
19172
7994
4973
9072
16799
37786
12804
39017
27890
3570
29434
486
12641
23551
18345
25945
18547
25688
689
7498
6721
38896
3515
10245
11553
22139
9175
9646
9664
27168
1486
38947
35828
29720
38463
35391
18827
4599
2937
37242
39411
32377
39198
19412
7004
11530
12592
6226
21630
31630
14899
35331
18561
27589
29308
20027
32571
20469
4271
10511
4063
24071
22384
34140
16319
7974
4092
32495
24720
12286
24584
31632
37532
25222
32276
17867
5813
15324
5340
9516
30140
3731
39789
27805
25512
649
14155
7119
26274
7621
7975
22927
4641
22002
38130
417
14498
5318
30012
8247
30029
32245
3750
17789
36468
33318
20862
31877
9885
4932
15906
25791
1022
5499
19475
38731
1827
29843
17330
18377
6423
17261
33992
22551
20875
39665
102
305
27681
23689
25559
22090
36294
38866
26085
15452
141
13878
34416
38964
18140
30718
21976
31973
11083
28105
31417
38846
16839
28855
31024
1348
13741
6588
29809
19981
8244
31363
9971
5890
11551
19393
20770
23986
35465
19997
7978
25759
21839
34183
9581
35670
34370
29941
9705
17263
21649
16462
10673
2423
5950
27169
8675
70
5195
24960
3189
39326
17373
710
29276
36466
10484
30748
37571
45
18107
32799
15359
35132
36377
9636
21631
18260
28110
38095
28647
36588
34824
16719
30014
23405
3808
18291
18701
37858
38828
24101
3200
31976
39338
10281
12170
13286
3357
35066
11071
7613
972
10646
25138
13162
3437
39147
7767
36798
38744
23670
31068
27539
31965
10806
9500
3203
20975
15831
27190
33730
18455
19217
18040
18172
15221
9670
5302
35711
36119
35556
28342
22766
28452
18834
7431
4501
29015
5088
33527
9900
37947
13307
26148
13518
20238
33006
17835
5332
18322
36711
31232
32596
29880
11035
37311
10019
9079
3475
11471
3055
15517
32536
31550
11709
28616
6373
35791
39929
23320
29442
27809
3419
8412
20267
34430
13708
34881
26477
14856
9626
15163
8430
6247
17286
11520
231
1752
26465
2684
12127
6915
36731
7040
36135
39679
6331
24731
19970
34184
1402
38423
36414
9953
21532
31369
92
2276
25509
32705
33975
39099
33862
35728
4900
9283
2323
22235
406
30968
31160
30619
15629
35352
29703
27030
6742
15868
39075
21129
6624
38808
1520
27559
32332
4199
3136
39443
36279
25190
30997
5686
32065
26372
13659
22245
16252
27133
34772
27092
9120
30833
2561
30489
7482
18585
20507
2583
25645
19636
10769
7645
14959
35690
22514
23793
39024
8934
16597
5419
15926
32027
33147
5013
34173
12822
37755
6022
12044
19307
18167
1376
26816
18035
8942
11700
5593
35261
1608
1330
9286
34985
166
24539
24278
16986
5043
19662
25661
34390
10363
32056
4770
3856
27150
32316
22352
24398
22589
29796
6256
32300
36454
36307
4505
5326
28751
19379
15093
19372
19927
5037
11825
14005
30427
4453
13817
4894
25458
28902
19777
24638
21802
17348
25477
233
22449
20947
11928
12759
20433
30289
33429
17619
4638
8948
20327
33936
23422
38171
25123
22850
34113
10236
28231
39114
33563
14906
22208
30438
19538
26798
32720
24822
11305
38041
33077
25626
38762
20042
17054
28354
7051
32935
21779
874
20339
17288
22389
30330
35355
11830
38752
26988
23237
7415
7867
10617
4576
2310
9403
12883
13132
3121
32312
2091
16813
19932
38751
4768
3777
16396
10889
5732
15995
13141
36338
17007
13313
16975
38093
36246
1267
19371
1917
17159
29239
10229
4342
29027
24732
1401
2698
5795
22888
20544
19683
24142
30149
13880
14596
24501
32339
10997
14212
9338
30643
12619
24995
9717
20533
38859
39073
13443
10888
29318
5502
6790
9637
35688
12082
29481
24276
9385
34362
10215
24716
6089
34893
38988
4644
31736
4969
9721
17598
23428
29425
39089
16582
15853
25722
37539
16311
28999
39179
32327
39742
21427
30184
37567
130
11654
28150
968
12131
37014
38940
3521
8187
455
13367
16626
34153
35663
24580
23528
521
30373
493
2296
2045
6114
19247
30950
23627
6084
13520
3974
26852
34454
4680
5880
37884
37917
14952
30804
33149
12399
2061
9828
34515
23768
30942
3572
2924
37568
15944
35896
2131
1288
10560
26396
14803
20241
1036
20628
12392
25196
13781
23809
6803
18443
32487
34309
10202
19810
2661
6715
36587
13120
25303
37298
25120
21710
13757
8979
25433
20650
17727
25657
38743
14280
25101
24929
15787
22130
26905
33171
14499
24975
9218
2107
9703
17531
24427
33811
23789
16652
2497
16770
13205
36787
30468
17228
27509
19734
32533
18634
14236
11737
952
21819
20879
15681
5187
38541
5432
6215
2998
35062
21817
34786
16760
32437
38128
18150
1200
14486
3029
26821
9063
28187
29625
11129
27261
2694
29777
39629
237
29392
16212
25940
5841
32266
35837
39670
12278
803
24579
30573
10454
21027
19763
33802
8266
29297
37890
5695
14120
30156
35457
27985
154
5602
4479
33810
28413
14647
35607
9101
18454
13247
16643
28554
31853
2758
39617
19949
9250
10758
31778
11104
17000
10273
9177
11090
15666
30951
36266
9507
1660
17907
16065
35015
37597
33994
21139
8006
36601
4372
3533
4226
38088
18760
34347
28619
1449
34949
15797
38118
9524
9456
8596
34421
15613
34026
23459
13552
9923
14137
30785
5848
29374
19343
6074
16891
24609
17477
39301
2392
6433
18778
7080
1137
19254
22285
10289
1639
28322
38638
29068
11045
9807
6144
30426
36988
10201
7235
21224
18872
25162
13541
10227
31020
26424
25621
10956
37500
31975
30917
38323
31841
22509
29238
34174
30809
26583
12839
26247
32774
9244
39254
32068
38524
2279
36290
21886
6364
5676
8861
38186
18659
4036
5209
15763
18757
35990
1618
29093
6618
23827
39480
31144
21166
14513
35955
27094
18024
27908
7790
26579
15449
9546
16627
12219
19218
7648
904
4104
39859
36462
860
15382
39514
24226
11269
21682
14916
18261
33381
6332
12823
8990
3949
28674
26593
19052
39044
12631
26335
36341
20864
29707
8890
5935
3365
25419
20454
33574
22071
39763
1624
4311
39869
39237
18049
3984
6045
33864
20408
9882
26773
37745
15750
32389
38307
236
23450
13060
32778
13231
32172
34718
3418
15177
17068
37774
32046
5975
8709
29688
458
1967
24704
32376
29125
33047
6255
2551
30710
28101
28064
21084
11583
11089
20337
27005
20617
20545
4409
39133
26960
38603
36190
16795
1169
5491
3803
4094
1082
32073
25049
35347
33478
33035
39252
27689
13831
11998
26374
25182
14002
15012
12975
23138
29569
14256
35206
33210
21553
22675
28264
31310
27291
26715
32334
29942
36884
35191
30233
9901
11586
8246
22360
4283
3071
22792
35770
26361
20601
5439
33215
15149
8358
35956
24165
33228
609
28238
962
7018
25188
38586
35729
21178
12402
39700
12083
8432
35645
30645
37575
32816
30896
18698
23461
31146
32026
14097
8764
20556
622
12297
12157
21758
15561
18280
2342
7838
13221
5939
25539
16341
31351
4805
7607
23193
22294
13833
24069
17185
16090
7042
37925
31529
13600
4077
20969
24509
31057
25894
18847
36174
21076
27255
15520
26305
20008
13859
666
12591
21681
3702
6076
16201
29452
7088
11574
1689
38100
6092
9360
24629
28971
14414
3173
1511
23298
20737
15816
1384
10164
38900
25455
2132
9171
6727
21370
16178
31879
34945
39952
17433
14479
29043
564
8009
13197
6952
17818
24477
23280
6865
2860
20269
16780
717
17888
21928
15962
17110
25261
33861
25554
13793
23802
11218
5632
21485
24070
21970
10193
31742
28540
25442
25900
4262
6123
14039
17389
21281
36771
39225
20658
3754
12098
9444
21160
107
22583
13343
15011
3062
16081
17488
24247
26370
7942
1134
22769
25145
28193
13196
35441
10550
7220
125
9093
11192
11994
6350
23326
34858
29176
21864
8891
37598
14720
17860
5976
23
1913
7209
31207
27578
6973
39365
23889
23205
36008
18750
8559
23125
31141
34845
23133
25658
14255
17534
35916
29815
5923
12970
17597
19031
31609
1730
7542
23679
4740
1992
28960
12007
8681
30021
6229
4908
4586
26982
14072
39422
9732
17435
26588
21569
16929
9541
8598
4913
33529
26135
23183
23258
25634
39984
9849
15064
7658
32914
39437
6678
24526
38836
17864
18602
24806
27349
28847
16682
32936
30341
20403
20244
766
30957
13440
7921
6113
19081
38824
1150
1190
3351
22631
2679
35544
31667
10315
21773
2139
23934
21127
18398
33349
37292
27484
12002
25199
4364
17959
12603
5482
32010
30904
36365
19235
37358
39781
35387
32755
29445
17670
4440
21342
34352
13352
36302
14220
36007
10028
30223
17980
5884
903
27305
5930
11061
10166
6002
14338
22220
7734
144
18972
25868
6562
29360
31863
27208
38564
11175
1928
23088
14923
18719
38509
7172
32246
10007
6888
34868
38616
20929
31693
26728
32813
2601
25202
18869
26357
29957
17801
37191
13978
5071
4963
25387
6079
21994
32838
15225
11730
2886
37441
13830
34655
10903
27166
39702
20840
9424
20275
14857
16952
703
17404
16259
17018
26255
4112
5958
38684
15030
28555
9292
1567
4349
21390
36262
35401
10529
7216
7408
23925
28725
20524
32168
25460
15735
13381
20642
6368
6134
12695
5706
29368
13675
39257
33898
20054
9470
13656
17187
21627
14174
13660
5641
8980
9306
4413
8592
28120
36544
30447
1394
7360
35410
22153
11688
25161
8634
21161
31302
20668
23404
19127
27214
31761
8586
17223
5769
6206
37417
7762
4348
37224
6072
19148
18944
20877
837
36616
18538
11173
2690
20463
7600
21460
34851
37168
5042
30571
24214
11115
27273
5721
7472
7640
7797
12845
10580
1458
17855
15623
2885
20499
14190
24932
23332
11494
17639
27806
15603
26797
24519
7184
26836
33522
31750
254
23921
5687
2931
20598
31009
27906
13339
2909
10073
38132
2418
707
5623
5617
802
6685
31453
29999
20311
15424
33801
26134
38569
12504
26824
585
16833
15810
19554
6719
24835
36120
36053
8895
2380
27802
11655
5551
29819
29568
37713
878
4246
4103
33080
33424
23300
26068
23774
31628
36396
22307
38770
4291
5198
21024
118
21550
27286
6410
6919
23225
297
26132
23779
7825
8388
18051
17924
24874
28154
38197
985
8150
10991
9767
19261
25046
30596
11027
5412
35580
19330
27344
462
22755
6244
29738
31298
35374
8680
3254
37086
11026
13984
39125
5171
30769
21911
27380
25925
25745
979
19495
4489
26287
36669
35851
38306
18053
2379
5309
37245
31643
7480
33577
22975
35702
2155
1908
33403

24321
19748
35466
11223
13154
32703
11731
1295
11409
32059
14232
37195
38393
9864
25211
25731
21826
6759
13474
6938
20423
5811
18833
33944
1530
39764
17613
27206
34064
14563
30074
10604
1767
7423
26571
10365
7191
17702
20474
4274
28227
4392
12627
35398
15485
36895
5003
8972
353
25814
14541
31519
16782
12731
39232
11721
18169
178
24221
4691
4825
32178
26378
6149
3685
28711
37145
20487
7286
3073
21480
26489
35293
26698
39347
26766
22054
23207
39076
24665
12677
17153
32555
20147
16432
10207
15753
9335
7125
19194
38461
3701
18359
26251
3070
19923
89
24242
227
33537
12361
34511
38018
24458
22463
14008
26883
29865
4034
17709
20420
30828
3592
10072
9200
38627
15789
22937
7133
14185
10713
28357
14874
9490
19507
18699
793
26280
19568
13504
35618
19607
25612
25815
24038
10035
36783
39097
34303
21184
3960
26093
5065
9625
12524
7688
28951
29879
18923
20248
31337
34713
3051
18386
27675
23254
8899
19989
5400
39644
12039
34608
2028
28262
24237
16734
9052
36617
8252
22122
2514
34318
30323
25990
36835
2240
18992
5953
15034
21745
10191
16704
36287
31320
18648
1047
1234
37681
39790
27069
4914
33821
39146
15263
4231
17388
22466
34899
32096
29631
14354
32916
31293
12663
12554
3790
14441
34501
23931
23032
21462
31287
23603
21768
19364
24816
21800
27624
13977
2259
21587
135
20511
31370
33365
31556
33364
24930
23029
9049
33775
3822
8405
14645
12057
25489
20801
21256
7025
22438
18761
36896
37400
38013
6718
13099
8005
31988
21863
29362
1512
15150
30009
12635
16266
20984
34982
1594
29868
32061
2798
29012
19066
34715
39224
11311
19689
39449
3097
33197
20837
33648
20580
12216
12291
38624
11165
36918
31952
38096
18832
35286
7417
21898
14765
14704
39536
18477
21007
14646
23854
3868
37901
31471
6337
26097
35399
33072
14202
37044
20518
20001
36933
31093
14347
29518
25909
4981
12255
23437
34794
38720
38
28489
39848
22284
7904
36121
36664
30357
37615
9794
16562
29140
34321
35303
36064
37080
37627
7716
17744
26386
18046
23535
5143
19381
20740
17406
23215
36671
24157
22723
30334
37866
14032
1159
34432
22626
14071
36790
23749
37780
37328
9359
38957
28559
36965
32238
22991
5156
331
5331
39268
6414
7526
23881
38153
37369
29771
3338
21004
17119
21237
29248
39181
31711
3698
7067
11248
5964
34393
28860
688
13881
14963
16367
1724
31801
34508
31230
17241
23935
2398
15840
8449
23773
16829
36003
16383
5914
11625
20635
2557
26643
11584
29088
4649
30364
37689
17362
24517
16970
34177
11741
16619
12565
13772
20088
3614
37463
35590
19344
24527
11593
6518
17731
21447
5348
37039
39442
23591
7269
19260
24316
20341
8296
34589
2926
29650
18785
26240
24633
31596
10945
39585
38873
30387
19013
25771
26974
520
3942
32890
24764
20116
13768
3421
4292
6354
15811
13849
28608
17459
2606
18903
24869
1306
21232
22147
4802
1404
9855
15631
13771
29077
20564
11052
39466
5132
3547
22095
19508
8865
26652
9531
5292
15601
31336
24893
6747
20952
36176
12159
38871
19030
24385
32689
14770
35445
17200
21794
2020
29478
9034
32997
38467
33530
33188
2462
16218
19893
23666
24064
29215
23963
24228
10380
24895
32422
34657
4019
31953
14320
15388
22630
30585
29413
11049
35567
31755
6538
36037
39620
29306
23583
5554
28779
31721
27333
13448
3926
16475
39016
26184
12683
27282
13574
28522
268
26238
14245
735
15784
36330
16818
3259
14172
9150
36483
36255
31961
16946
7007
4422
5877
14951
17041
849
3112
35429
33337
24992
899
34041
14029
12775
2249
24034
10839
37174
19581
31995
29286
23767
12180
2554
4466
386
18514
9145
36336
16116
19487
11576
37846
18330
13918
35669
22265
8035
6506
10247
7187
11127
428
33991
9415
3001
33009
19284
21138
26316
33267
6679
10819
24163
34793
25003
17758
13564
36923
18837
10661
29823
31971
1437
29968
2217
14130
26849
8924
27407
8056
14635
9264
2849
35898
34367
18180
28817
38648
20924
21036
7605
28843
655
22878
10416
14648
11310
29175
18554
4722
7413
28107
22270
17917
12058
24162
37275
11177
19545
16237
17685
36700
28998
29177
14925
17414
22385
12580
35267
17302
14929
31477
36645
19018
20703
38715
34414
31478
22407
15628
19144
9508
10716
2288
27527
26690
30584
16107
36050
1504
31102
27968
10103
38102
23306
36767
35811
8578
4657
2211
25710
5830
12511
29078
31150
23653
28362
26425
17415
36670
27617
22594
38238
29974
2191
31367
9461
37218
16942
5610
28512
31575
28684
29353
29370
30514
29627
4406
1721
4140
6510
10625
2668
1564
3743
30081
36696
37423
35417
21721
19696
32140
32480
28473
5100
8621
35069
24229
11431
15501
2243
15160
28900
24772
6060
19945
22217
23598
39611
9430
26270
32635
36951
30050
16213
21925
39900
25898
23916
25557
33750
28233
28311
3686
17846
36320
27949
6184
12160
20795
25412
12628
9307
24389
31107
38198
6832
19546
30065
30868
26209
29132
34918
37966
33488
17224
23601
10989
25238
38375
28395
20569
37878
34557
25818
28864
14474
12547
3481
16130
21775
30626
3858
15632
11653
989
33064
15536
2470
15175
36759
37098
3651
30455
37432
9756
12183
24068
7729
12632
33659
8968
21975
19588
22452
30738
17372
31838
26121
38897
13259
29275
17856
15545
6106
16930
27707
6061
21354
24379
16414
11375
19686
18510
21777
39554
5452
2048
35251
17317
9070
1803
29570
31745
21079
36774
36459
38259
35405
13133
5123
8153
5362
26701
2532
24807
8556
19082
9879
22664
7954
16053
17996
18010
38078
19709
13604
25331
37929
8173
13457
18900
21483
24679
6969
27334
3248
22893
10745
36261
11118
23880
10499
2739
17823
17677
13237
35395
36495
31867
1536
10920
20195
31697
22979
18523
7890
21616
34135
30098
6670
38914
39778
8184
39914
13369
39568
22545
19140
38426
25523
39277
29742
32256
33164
31932
20677
37737
4926
34369
6701
32911
33510
25030
17376
27997
16334
16349
35023
21190
16686
38885
19103
16948
32619
8896
32585
2721
27768
3948
14786
33590
14843
25223
24300
13413
38990
2120
21902
3243
1473
26142
9914
18044
31252
9839
12324
20880
16297
7782
24984
1785
38992
18818
24512
27103
14042
17947
15721
21228
20121
29712
34459
3383
24430
27849
27918
13159
12968
21542
5683
19130
1483
32715
12177
15140
6844
35067
9905
19783
17102
28943
38435
18384
32212
14935
37368
8752
7419
24549
24042
23247
35914
16304
31933
10509
18190
29038
21289
10027
15166
39483
30453
19678
11062
33769
9630
16732
32807
16254
19924
7044
450
913
39011
21932
23911
36890
8319
21187
7950
13933
27524
19039
17687
18416
27540
35855
32567
8715
29129
2611
26267
9022
28668
17517
4410
34479
37317
36536
17196
27260
35161
39331
7743
27765
10453
16868
20037
28039
28868
33751
27073
22701
4952
34576
2146
22187
39904
8159
22708
25861
11645
16691
18452
16510
19526
33213
469
28049
19522
11817
20466
31718
29377
4839
3710
22559
25931
25944
19644
14977
35270
36729
6694
7173
38149
13240
16728
33680
13885
6046
10527
11675
20016
14335
11734
1570
1027
24573
22496
21765
26299
1371
25023
22258
14378
13419
18958
28594
1865
27339
35141
21045
32230
23443
15328
32472
15951
26323
28644
22100
31985
16867
13263
10283
32404
17396
37260
4267
1312
2210
39410
7721
28431
34497
39458
19873
32578
34128
6281
16716
31806
2709
13736
39321
35461
29530
24886
27708
2252
4005
38207
19598
11874
2160
38702
38482
87
5582
24528
19161
7440
3374
20694
36476
32601
27846
20306
8372
23837
9246
24844
35592
16196
29616
37817
39639
12145
35246
7103
30282
36626
17883
33915
28756
5061
1334
941
1381
34139
9556
11942
15625
38584
420
29583
19880
4782
11991
38599
35288
2984
23640
5108
24271
5237
34723
2449
22852
34285
36667
15076
16954
33674
22544
32641
9989
18335
24264
19679
35902
25373
14651
14218
335
1099
49
27431
39637
11108
14115
27317
10799
33602
17680
38939
35899
10530
38092
5024
27213
39667
16000
6202
35120
24202
28662
36599
39284
15409
31012
36370
13909
9798
24293
38884
21500
13770
36668
6864
11557
35610
32275
17254
2818
30523
34301
2135
7738
15306
5092
39039
18995
11951
36455
30339
7681
20659
11272
30780
37652
30443
4522
7164
26939
27248
19369
1629
13485
17069
7742
210
37982
7667
23175
26518
15432
27238
11385
6081
877
13089
19836
14402
21543
427
21907
30800
38495
23003
28714
19074
31569
6883
37887
23415
19625
27551
15584
35097
22969
26521
33181
19878
28811
11166
17819
795
21353
37127
28538
15702
31225
20417
33736
9565
16374
24269
22200
19118
13071
22584
36981
30715
12234
2751
19917
23857
2879
30967
5233
17349
1325
39450
14737
32308
39489
1326
705
24661
33373
28653
25156
38915
8618
29100
2713
19171
26152
22226
30749
14468
20936
6191
6396
255
30416
25681
27981
1859
25989
29544
9554
1398
31140
33394
37404
10701
10496
27888
39067
31829
8667
4356
34960
37511
12894
232
35745
25776
5007
20018
29560
17413
4581
32060
15341
34771
3271
6975
26478
28852
14560
19824
9239
31852
2199
13106
1158
957
5543
21564
8334
9689
16219
18063
35734
38823
28257
27696
10381
13572
23081
9819
35074
12293
6062
4089
14839
25436
15592
25529
5798
33792
28278
16883
17353
9673
11
22445
14915
14339
595
7183
9994
24248
18152
14518
3257
18864
26455
29784
14035
10976
23202
29775
16021
27700
18897
24066
28220
19038
38754
7242
23955
29718
19867
9163
17780
14890
6689
18316
29637
7972
18558
22408
24624
23136
11964
18606
18199
2391
23723
2500
28344
18854
36310
11984
8795
18780
36314
16531
5635
10964
21259
8455
2346
3202
31938
1350
4
31250
39523
38517
2673
14178
19067
12866
21770
27148
23460
18090
20446
5639
22986
834
24591
15731
27014
6417
9405
12265
11691
36725
34329
1534
11330
10204
15207
28219
25691
5858
36985
8783
10887
6684
24953
18202
34637
32051
659
36148
7131
25780
16449
9534
29272
2938
13929
23655
7973
32356
37246
7630
28014
23214
26403
2324
23158
37171
21660
21977
15856
17448
6842
304
10694
5080
28203
7244
26706
9353
39183
24019
26606
38005
32064
6132
12282
24771
35774
9356
24013
37738
14834
9017
28910
26752
21207
38617
22532
33074
7804
26942
26802
9088
17743
24273
6580
27734
31393
5938
31216
30469
29885
22043
10534
10910
20289
36919
17452
10093
15092
2429
36404
8041
28695
93
17966
2972
27364
9151
28192
24330
16571
12441
6133
31983
30216
28729
13464
17312
30342
11397
30093
34127
38214
36389
12850
10502
2365
15535
3872
11816
3313
1278
4949
4578
30599
4742
10473
39064
29745
29751
17563
31423
5323
25298
18479
33104
5847
22770
8166
29753
39315
36979
23865
3108
10154
2599
23380
23588
8387
24875
16915
38359
3379
2828
23337
27350
14832
18340
39418
26539
19578
412
16286
19297
29906
25589
32473
13321
16370
1789
18095
36533
31027
8148
22648
22860
30430
4000
24783
38337
17328
3485
19378
18156
32087
33029
2904
15351
5947
10100
14793
21591
13105
21531
12165
5239
9762
16632
1531
4760
22670
25033
9232
28108
17578
1293
36226
31563
34999
38433
258
15321
30734
19432
870
27372
15120
39748
34638
35588
30082
35568
2772
5201
13707
12347
34700
11971
26889
13595
4275
36958
12893
24628
20820
32862
26223
21266
29126
34563
18945
10104
22950
1095
31540
5693
16017
17682
31686
30198
10549
4701
22118
37269
34577
37650
27386
34905
38805
150
34754
23396
9370
23401
38162
13152
9949
435
15474
32354
11714
31548
5316
31404
31437
16127
22290
38820
27784
26958
18430
6418
35752
33353
34702
32934
37782
23470
15373
6931
19362
36947
18134
13031
22469
30259
39771
3716
13630
28185
23619
28593
39852
39251
37857
4027
9944
11339
37727
5225
31885
17521
37784
5372
23941
15514
19756
4766
23069
25008
18605
21106
836
26780
25105
21234
30365
37319
6405
714
25337
29001
34363
21705
23472
10541
3591
32317
28739
38291
15077
16328
6616
39464
28704
4492
34429
4084
17229
15249
13502
12697
28401
39804
28497
28078
29118
7409
2014
27365
10480
16665
20424
29261
9009
6683
26562
29559
35240
24721
29735
7382
27996
17800
37139
27550
5277
9287
29206
39157
8853
20094
205
24993
37989
3045
8768
29953
29110
21153
39472
33350
6914
37356
2066
24922
31087
28240
33387
15124
1489
13033
25740
10844
8905
38133
37337
26590
24215
9952
32559
563
11205
30038
17993
30532
10269
19590
27869
17085
20766
34852
31213
20131
5588
5023
33917
7102
7219
14487
37100
16825
37950
4999
32426
1049
38282
21914
25461
38224
30825
14264
28100
32870
3361
39015
38430
9350
10941
20782
37060
19597
7412
30190
13383
457
27447
36606
23649
19322
6946
22061
3295
1514
33545
1284
21333
35040
31253
5461
4200
31080
26922
23848
37185
12673
30033
21528
11230
15767
8720
25208
9272
4970
12059
33838
17777
35827
33946
30312
6751
3443
27893
13866
32418
30449
22713
19229
13008
5808
39926
12667
23776
17507
14385
3930
31589
5619
13135
18347
9611
8802
18700
22268
35519
34345
29490
20557
13835
23219
17691
10294
9173
19781
20874
9957
15219
34939
14243
756
26340
19711
32950
24114
10949
32931
23719
23722
6385
25268
18529
23674
16211
6489
2921
7325
38449
1678
37444
17804
34448
33921
12163
28879
5211
3289
4394
31475
12124
10023
13676
5566
19919
24499
2529
174
6317
7636
2887
1737
34927
16052
12380
2088
8010
36860
9668
27750
37823
3827
14801
16974
24560
19543
2722
25083
34850
3730
38406
5430
34926
2539
27601
17283
13611
32940
2425
15323
17392
17294
5484
20926
19768
25719
36248
13127
38767
26414
38468
17174
8321
28142
34556
25855
27698
36092
16242
22866
38925
4907
28350
8824
5955
28675
31124
9962
12871
22555
27490
7197
30371
17583
35129
20180
34400
10587
31119
26014
5297
39604
16764
20973
15948
24785
3340
34090
13993
24016
39211
31491
20821
31330
18085
36814
34857
26203
39229
21677
24407
11634
31682
975
27487
4387
32540
12685
8119
31579
25618
31312
12181
36779
22195
11214
1857
30969
16751
32292
28804
22474
24488
25296
20772
20587
39178
18979
19445
35824
1176
34276
27811
938
8665
37638
7391
26611
34438
23511
29169
24727
26799
14203
23392
10004
16517
26554
31015
26995
1023
39927
29491
8124
10990
10734
26190
14249
2878
39520
22968
32367
33016
15358
31994
8340
5980
32676
33742
39036
31513
29516
7055
14780
20056
32921
32179
3767
698
25284
24795
29836
24203
27335
4917
26851
8609
19730
23426
33766
6904
37531
36172
8146
18768
2693
21670
10526
26886
30935
20067
30911
16388
22570
13403
23946
38814
35099
8162
4254
15908
25850
26507
16832
34660
38077
2422
14800
27306
23635
23954
4592
12528
15256
16454
24030
39241
7535
31865
36551
36106
29680
10643
37138
11601
14201
9055
5188
21622
32445
10139
14156
14932
9520
20317
10899
15748
8129
775
3075
22476
23578
2569
18471
5060
15988
9870
5845
10954
20744
37655
15598
17712
16869
13992
4972
27082
28261
28218
20312
14618
36061
21996
29322
10392
27220
31028
39990
13336
20578
12277
24349
5650
1683
33190
36284
1379
3869
896
31900
33185
28524
35443
8020
328
24036
35504
10199
27325
241
37740
15327
7592
8743
33564
35024
11038
4687
22142
33853
13562
2163
22871
11680
38591
12343
16758
6344
39599
38978
893
8829
39674
3509
14655
35464
23060
23284
11064
34933
24286
38546
13966
15877
97
34568
18273
28106
7540
11323
19905
38660
37173
5748
16442
33767
37225
4190
24745
36902
39897
20901
7740
39094
7228
16787
11325
13519
31849
37829
29389
28713
22620
24479
37777
16577
11884
32780
37430
17938
10879
27667
25172
21761
22742
21981
34366
360
2322
32832
14396
17281
22604
22151
28481
19356
20074
21172
4423
4095
27669
5349
38135
37662
16277
25983
39798
13836
16790
3104
16260
14427
29212
13478
6587
26943
256
29471
37483
35844
13490
38619
16296
22101
13577
8
27488
17472
21930
8154
31514
15071
17798
293
15182
9532
16166
31228
4110
28878
26319
30420
36644
4124
10083
20844
6514
30733
39922
14404
28258
38151
25619
14884
10867
13720
29573
188
28650
2567
31341
5978
18224
34823
7499
24757
995
26418
25652
9229
129
33090
8702
7549
38091
39049
36795
2841
7881
39156
5781
20995
38117
15480
34706
4052
37043
11573
23869
27379
32062
20271
9310
37239
15722
33683
12556
23966
3534
39295
39746
14494
37908
5702
38682
25812
13206
10393
3799
39110
29564
38961
11639
14546
27978
9075
31839
25923
31108
20733
275
33252
12725
23796
8040
25397
1487
28296
21878
14712
30097
21513
13821
38101
23484
37412
22053
4123
73
28010
3028
27688
4910
21364
26884
12920
27155
5574
9282
39386
36852
18543
3849
13884
24343
14690
26919
25250
5381
17541
3329
33956
29153
28686
35619
27124
7321
589
39609
34758
6420
39697
32718
9734
25666
31641
26750
25273
16162
38691
30411
4033
25556
11658
3735
3539
25064
31685
9174
3820
24422
21005
5703
30328
22753
32592
12892
4785
14204
16504
8549
14559
24790
1702
38788
34840
23632
26237
664
36707
24646
12414
17233
35320
22525
885
1956
21269
36082
33086
186
2024
26365
22487
37660
20613
26042
23879
21273
20891
6672
26009
10462
11288
37263
5206
12587
11782
32614
14919
28134
26899
22441
24738
17656
34923
27445
1982
29394
10231
36925
20982
8561
13194
8583
9209
24132
22518
8084
14992
37094
7017
22911
7859
10242
10343
9104
20981
31833
26170
28069
5883
31016
31354
3044
33603
14878
30978
24409
32963
32542
27064
10700
3823
18770
12000
6609
31307
37792
38518
38203
30682
1588
8530
38769
28071
12972
16357
38516
2663
29312
8649
35627
19591
38002
16316
23475
14987
17854
32899
39227
13116
30152
32992
13657
26466
39170
28305
15530
27801
4792
26751
10835
24543
6097
10923
32841
27031
31636
35428
36694
20132
11708
21697
12099
31058
39555
18487
10928
862
15174
21304
15029
35044
8052
15959
21950
24626
4076
33967
31054
25345
36435
35622
1415
2103
17915
33391
7765
8007
17638
27771
10373
10433
22418
35564
18656
35394
18192
29222
16803
17003
15519
28553
16614
1369
5455
23420
2250
37978
13142
31026
9779
27314
24515
12480
27376
36322
34083
24602
18074
9715
36499
19290
28208
12433
6075
4827
27035
16018
22026
6619
36444
4800
13533
4162
16815
17225
5164
21434
30483
36175
39367
20416
11334
39080
24657
21318
10263
322
11664
19313
34614
36361
30319
11999
6221
30263
31992
39538
29967
6772
18259
90
27845
11499
26649
5677
20900
24570
29241
32260
18469
23517
36952
18552
39777
26998
20822
9695
9775
21707
11941
20913
6998
18898
20017
10768
16420
17236
26179
18568
21860
3134
25299
19658
33893
1392
24599
24600
12161
37258
27632
31163
6412
16361
5402
31135
22940
27556
15210
30063
33043
18881
30503
23518
6053
33282
18906
16745
6126
13361
12068
16176
34807
36739
11374
26028
30385
30582
38500
3294
36434
34023
3013
32856
20492
33749
19969
31629
36893
21798
20736
34462
35521
12422
31675
5429
19157
12482
11326
35965
33238
19536
16200
17347
14576
721
26575
35348
12251
16578
31726
37693
29624
22946
2597
10220
24667
25560
21719
12512
13989
16294
36632
37674
6985
10116
10933
8089
36387
37401
20240
30314
34325
19784
16169
9990
10995
37949
9548
15758
38401
19934
2559
3901
15125
10952
27258
5423
15032
7831
32945
37717
38070
34233
47
3111
8071
31532
2729
36243
34573
6390
15110
7077
8093
3382
28638
37848
26929
1591
8225
2831
28000
38152
28376
29480
29590
13653
19498
16584
25577
13373
32668
16421
28428
22877
31089
13097
25820
27975
13414
35089
25218
11965
12595
29959
2367
11322
36760
35458
28858
11615
20194
10076
75
33094
17092
16366
5305
27239
35535
13713
29851
39511
36500
34780
32270
14798
7814
30034
29671
32381
32586
19042
19276
12353
29280
14432
35749
19884
11188
12789
17445
4758
35175
36299
37984
8478
5809
9401
20792
2434
33772
17108
22386
6553
23178
36300
24801
15153
17013
6388
9572
33825
13472
37385
14517
24093
32262
6157
6630
1793
39577
14102
38346
28573
31300
99
4563
29513
24217
12686
769
15698
34204
29820
18157
12616
18596
23446
4876
6264
12652
13083
33600
10829
33298
11660
25360
2793
2515
7778
18505
25520
30576
24906
21995
21066
23451
3060
24805
5319
32464
23895
27462
1899
1861
35746
14643
24518
24643
13854
751
12045
36808
15465
32833
1600
31131
33623
21012
19112
25998
8982
9230
1414
32494
19104
8604
25213
37843
28011
20961
33913
17611
3188
9089
27263
19048
30644
14584
34232
14849
2847
25269
19454
24899
11760
11009
26172
24134
25404
33677
35604
326
38772
973
9718
17240
20858
23385
27460
22275
21881
19438
29509
1810
27175
18600
28190
3956
10339
26126
30346
26800
26435
15206
7190
6406
106
38008
1385
9746
36440
11895
32210
29912
3884
24365
8894
22351
8849
26764
28005
5500
9744
8202
30265
37252
35160
6613
6421
35469
2552
12908
19732
2863
9917
7911
34047
10639
30717
3472
35635
31802
13495
28710
15560
19188
3712
36238
17679
7726
19117
10486
33100
5408
12537
38454
20406
10409
19537
9094
3646
24954
34002
17071
11332
19622
21776
5555
5072
27899
10583
30236
740
3155
26509
33584
29520
33211
12634
31319
35531
13972
16712
14773
18649
21319
7508
25375
33335
16544
6872
21294
23712
6269
24449
33261
13081
3253
2870
27820
25742
37517
37770
34035
15695
20847
23592
38256
27954
1025
14124
3441
16014
4087
29740
1460
28786
13784
273
416
38457
9194
12155
23846
32041
24183
33018
19396
37814
23356
30678
4090
8527
12548
31521
26727
28018
10262
2927
6150
22831
22928
3293
23616
28874
25819
20509
24927
2172
4376
22807
9592
25063
10159
2215
14301
25157
35212
8554
33818
28016
22450
11023
36355
7937
33678
15075
37462
25094
11886
4717
5959
16287
21854
31928
29468
29834
12774
37646
23057
7314
24681
647
29884
10437
39131
686
7290
731
9035
12896
2494
20286
17897
10764
24755
6771
19796
31299
19562
29011
12681
32773
10822
4835
7095
11975
12154
27328
25434
19223
9060
35402
38283
25522
32108
30519
21029
1734
23119
32074
1667
33079
18957
25032
12784
21435
24658
26784
18588
16746
19650
15102
3664
4142
918
32217
2979
11906
25674
7776
30854
15935
23579
9594
21446
18984
1757
37253
472
4681
30615
8830
1098
6884
22375
8611
12237
5685
8776
38220
32602
27405
26902
2070
17913
7651
24256
33377
11227
2239
38031
3899
9861
21498
13910
38049
25328
37714
16416
39106
5876
25099
16450
4378
30053
34871
28979
32974
13029
25371
36762
1699
18611
18513
25058
27620
32430
21391
39234
1712
18989
28771
38565
25941
1716
12377
30493
16318
19733
25934
5177
29069
8373
19173
34076
20616
7494
3363
12355
38724
33313
7021
8476
5791
31520
10654
19685
10056
9623
5825
21657
18079
11103
9521
35326
24188
7604
30188
6156
14142
25061
18467
31656
35882
34630
25007
34316
35218
32951
19109
36715
6422
15475
5236
7858
32598
12311
478
27852
11502
6713
5988
15023
39631
28230
14940
16533
3179
10086
9428
28955
20184
24689
21570
37577
31706
18855
18753
10287
32751
12276
19926
28478
2779
3597
37056
21780
39429
10957
8364
1256
26859
25737
5979
3789
9824
6444
1577
11738
15779
30491
22468
39759
9654
12243
18069
37250
5301
4625
1263
24660
39384
6110
935
28914
19871
28537
211
8057
35926
24023
27300
13883
3883
11508
3765
5761
18313
8199
15202
6833
30325
1880
23334
29295
28563
26092
2283
5290
15692
24110
37474
35532
25370
14076
13126
18866
26007
26118
18873
34152
37164
35786
34478
27693
7121
24544
8178
7574
33414
14633
17484
36747
33977
16466
3850
13035
37996
28733
21567
16380
38723
11711
1984
24620
9707
6758
36973
18244
14885
15483
38740
28151
17696
4629
4236
23864
34378
27961
22414
27999
6726
17060
34062
25234
12704
35203
26123
25425
6447
1584
37069
4549
4854
18762
27109
29991
6328
33372
38918
32310
33423
23107
38204
36596
37990
8363
11048
8946
25446
23429
2401
11361
12118
6010
20707
14372
1960
1225
1136
39638
30634
38469
11028
4330
33793
12795
35182
39572
14860
10578
3840
22508
15285
29675
19305
23735
22658
13051
30492
28657
1193
27835
38112
28301
15146
20488
16796
8812
4066
13841
6868
31032
35534
12993
30111
37729
18391
2001
9891
16292
9768
9205
26383
13019
5218
25125
3127
20779
21514
32827
5936
23036
890
38875
30782
39239
7941
26534
37642
32419
28323
8589
30711
17706
37875
33389
26262
608
27331
25082
15495
4866
33324
30163
27307
23002
5415
19692
16808
20627
7158
31402
10577
38838
4018
1807
5580
25597
24347
13930
2143
8179
1053
35852
27093
1038
35122
24175
31618
10591
7634
28147
15477
39744
30890
13393
8507
31362
3552
25454
18858
33589
25903
35083
14530
39527
6105
39731
33458
12752
11216
30429
21502
17128
11512
897
1731
21766
7998
13911
34238
12013
28802
33406
9650
26589
1238
35917
33356
11120
9309
22568
30076
8395
1787
10458
16870
24391
31934
10344
15109
4570
35039
2509
20125
7905
24432
32180
2826
25642
11807
21924
35032
12095
2208
26427
32163
22918
36702
7056
9574
32088
32657
15232
25237
4120
34212
17982
34249
286
16481
22400
14909
35802
26090
2232
33587
17213
16914
15361
24618
13855
25205
32496
32588
39373
35053
22958
14825
15604
25160
38086
16866
16464
32617
6502
18742
25665
7612
34562
19467
30609
38105
15400
15376
18928
21718
4289
8555
39187
27161
9702
36570
20024
753
25683
6936
11762
6435
12961
26600
8014
25816
2007
29585
10644
38952
33902
33933
32408
8874
20000
27001
11633
25917
4353
17960
21687
36496
5937
38398
21255
4352
5287
32331
13949
15028
26640
19675
35726
12905
22257
38331
30211
7351
34059
37461
1700
8695
2745
31739
11980
34388
18294
11329
3311
36699
13257
31008
974
2704
7687
1320
33422
30588
10055
33804
9920
22727
4001
37668
29149
2477
35393
23945
28186
20087
34198
33872
30395
2821
12688
22461
26077
18919
12915
19156
18378
11456
17707
24028
272
34229
33645
28909
20028
25695
30960
27237
26621
37578
26452
5689
21293
28447
8123
10597
11519
12544
2865
8871
2553
10599
7062
17080
33026
15973
38902
13245
38054
24659
1146
35038
2844
35845
9464
24021
13253
29893
29412
26094
1907
38286
25066
37411
23373
27597
23956
24651
24317
8522
14003
18070
11380
12749
15187
26533
3488
26233
32113
7866
38276
21437
13761
31198
14649
33346
31304
6992
38344
9459
21387
23471
8627
14967
39070
23185
17329
12793
25036
33396
21108
7437
15739
19998
29556
37550
17160
6497
23323
19966
8947
36378
5785
3007
38504
15461
10831
3430
25503
21
31452
38742
33359
28248
3994
27010
8270
10505
16231
5717
17444
15586
27016
15858
34010
21102
10562
28571
31919
4773
1993
36944
1774
25878
26067
20324
38403
36825
30158
22747
16170
2275
25858
2508
737
16802
17279
1644
26760
34039
5907
22688
33393
3492
35360
6640
9466
30625
9153
23344
15392
6916
31670
13971
26337
32340
19163
38455
12003
20007
16859
13479
30479
33143
5496
15397
35571
17201
11686
26570
19121
7806
23681
6498
35262
5240
4517
18143
33134
19548
15740
17180
7533
21397
15832
3560
12886
8157
10034
19100
17518
30913
21168
9684
13969
34464
3571
31612
2278
30099
16060
13753
14332
7720
32514
37377
37645
12026
23587
17177
8683
35910
37564
27643
19473
19436
16838
39761
32298
1949
31288
18723
22929
35290
39524
15082
37283
15823
19483
20527
1060
7394
10081
35730
6286
3546
4335
26742
1480
16329
31882
34725
34975
36303
3809
30105
24381
29309
9439
19872
33849
34878
38886
10036
20623
11152
36543
33371
14213
24719
9170
36769
25946
39173
22728
24593
15288
15318
35642
21913
6743
16153
35007
8000
33706
12981
11899
32447
17419
21377
22309
12715
19841
25323
15590
21943
29178
439
17720
20845
25913
24872
39648
22687
21781
33155
14254
12891
39750
11607
7895
34535
30432
7803
30613
31461
3797
12567
20421
31874
3153
32724
20932
28417
10429
12539
27969
9077
21626
11604
17260
21496
12063
24855
35294
5535
14311
10209
18734
3661
25632
29837
592
31535
26882
29181
39816
8738
30145
21392
36886
22965
28830
21912
32022
28721
26115
11037
27280
21380
7074
36329
17405
25728
36423
38399
27272
15803
4776
3296
13433
22955
13762
31814
16163
33812
36643
16457
33912
12012
35204
3320
13065
37716
36083
26725
28546
15478
19624
37072
4624
14639
24500
23867
36754
28895
37974
32589
36939
39640
18057
1412
24446
17979
20808
12152
22842
10
32100
1484
39020
2359
1163
5503
29393
32801
25187
19336
1141
31943
5338
19968
12617
35566
27192
22561
4191
35087
30088
35193
24901
25960
36025
32819
21126
3057
10813
36234
8678
22318
39901
13875
21767
23794
32569
24334
34292
993
10791
20142
7313
19835
32982
32083
11340
22662
25592
16002
13309
29463
30318
9851
37911
13710
32526
22542
2777
38833
36382
2586
1006
39453
10916
18591
3657
32561
13432
3152
20013
7631
8588
6827
35698
24688
35278
16931
16701
24815
3085
20197
39283
39144
8993
22844
9941
21495
37596
24697
37124
30486
3407
23275
37046
15310
24908
31891
31916
2451
36862
14079
26791
30183
9903
35462
27757
11312
17105
34191
31734
653
16493
16706
26281
25176
6252
25103
6962
28931
18271
26940
26992
20817
27412
11268
35997
2117
18385
9365
38966
22505
13749
21260
14348
26182
9423
21889
16356
7232
31442
6119
5924
168
7287
28446
2406
33631
23942
34724
33958
22902
25258
18387
26321
2109
30247
39414
6615
8848
37304
12660
23164
31501
7961
18709
16228
34256
32851
32031
10958
16078
22065
26215
5385
2930
17050
26344
27834
26531
6165
32048
28576
10354
23071
32952
32956
4580
12348
27871
11717
20443
31946
38417
37370
19228
17605
33123
36371
12803
16299
36173
2781
19613
25259
21316
25899
947
25528
26408
23452
15165
17097
22119
38226
37219
30194
26967
34012
13936
16114
1232
15661
5944
32491
26392
9221
10098
15714
14533
19996
27289
32558
21070
36208
18696
22480
12709
12558
9843
20754
18449
14505
4869
11279
9883
10406
34108
10226
28266
9821
25113
6659
18693
30685
32726
24170
4512
4543
27408
23482
33438
5388
29578
9402
6957
30528
36412
32582
13041
727
15235
9488
35868
9262
26053
37268
37097
4878
32716
29923
5749
23019
28046
12700
8533
36961
25694
4916
29164
22159
7864
11796
20437
39473
23599
16827
594
17693
22424
53
5727
21095
37091
754
34582
36276
20919
25624
20732
4853
1378
24450
17617
33690
30640
39193
14415
25811
32035
29352
33098
6756
2659
31886
23073
8773
31981
14234
25808
4045
38368
19757
5081
4284
9159
1817
18594
28327
35371
27850
10318
4499
26015
36683
7335
27815
7296
30728
5008
7597
27967
15214
38431
8004
818
37554
34202
36032
24240
35463
36553
15529
32488
32662
27896
34048
33363
4898
15774
28574
28232
21361
27267
23495
28204
153
23419
24997
39249
34000
31506
38926
37270
27694
23347
15132
16473
27993
37748
20484
17449
15954
3429
31834
29850
83
2152
32066
3881
15335
12094
30620
13180
32626
35665
14295
24937
14840
32184
27430
23441
20319
23200
22161
415
32053
26584
27807
22022
167
38993
19192
37450
33023
26139
28052
31990
9725
9680
4732
5069
31635
32235
29124
13483
6343
28531
11417
11287
27602
18555
18144
25
4831
9671
16843
5076
38499
13328
1575
33597
31335
642
14298
16538
21605
12329
31110
6047
27937
29344
25799
7758
28020
14343
30665
30490
37343
27616
39966
27256
34241
15258
5314
3834
27525
1771
16204
15824
22152
37719
27673
4632
8565
5596
26624
33732
18197
2900
35866
22580
36128
27020
29165
14391
19886
29667
28639
17303
20920
38371
26669
14470
34831
28302
13084
405
5285
22988
28691
13846
19667
32223
20769
8686
31840
14823
2118
20441
20893
28996
14380
3781
11267
10275
16755
33157
34757
22440
30709
35029
36442
14632
22120
33408
16253
2112
18382
36922
22149
24144
11092
27821
2165
13452
31810
20917
20181
2720
9048
17645
4419
20081
10141
35034
21704
35626
1886
3935
30819
761
30622
35349
13794
39845
809
36087
17009
10274
5448
25928
3476
18343
30881
26862
13497
26744
27050
29833
34586
7912
23976
12858
28483
12917
6586
9585
3161
17594
27480
12702
11001
5113
15582
31912
9926
5829
18816
8401
1604
37405
20
18100
5208
21396
24308
37012
35257
4509
34865
7388
25501
17222
4425
16033
14549
32369
25853
37200
26252
1290
12705
35543
36567
22192
34681
5147
3690
11979
13584
20595
17716
23342
31951
9134
37027
30481
6130
16088
19564
7355
38030
12874
35353
4616
12953
39898
34907
2026
24319
638
35905
23469
4762
22069
1367
3069
19928
39059
23703
6854
24310
36954
37856
28030
3853
13952
31373
36897
10545
38474
20631
38424
4727
20212
10572
22715
26405
34799
137
17130
29952
17017
22906
37178
38533
33409
36247
17370
5097
28578
11716
37860
28055
24178
9006
21216
29409
7693
17122
2476
15061
6753
39031
16428
12382
32834
4942
1963
21847
10309
36900
9110
39432
22724
12019
6806
7347
29411
9478
24474
31044
26532
17324
29260
33498
32187
7786
23431
37485
37340
2815
27590
37967
4164
31626
29219
39030
23751
24891
32085
16371
5640
32203
9420
24051
22672
13646
26716
26587
8543
25280
12011
31091
6879
1364
5852
39576
19474
32790
32486
25335
1573
37487
30790
31134
27830
33262
26078
35699
18473
23742
37832
34089
12738
17407
31023
17981
27091
7058
25233
37566
24294
26970
7669
37354
26339
15226
18893
1869
663
36857
38953
27731
28709
9983
8818
18059
7871
1031
7685
12296
17393
18122
26385
6849
21571
1117
38781
20747
5304
11019
17686
24838
20651
31165
21401
30297
19530
365
1638
7907
29704
13902
5433
22632
17992
15976
12931
27013
10092
28629
3040
13747
15204
25877
14383
25744
6228
26638
18977
27276
25207
8284
1304
18093
23979
28043
28214
25027
19433
27019
34680
21787
26146
19855
7802
4777
27026
31040
32902
22904
4960
840
19651
5700
18226
15887
28892
39947
1230
25676
23574
31633
13364
17219
14058
2387
12998
37271
4880
6064
34620
35373
27595
22573
447
12400
1735
36373
18381
35411
13190
31517
5342
23706
8701
12901
30409
38037
8920
22317
4714
38644
33562
23608
33949
30974
8300
16419
9871
23515
36572
31042
12922
27083
13272
7281
20404
10183
7551
29982
810
37529
37321
25775
23775
31401
26480
1878
30367
27728
21984
4281
28871
3042
747
3678
21082
38632
23103
18799
9965
27867
31332
1910
33860
23447
31848
30512
26288
13626
18905
4130
8315
19422
4635
10521
25302
26000
36263
13242
31424
21503
12514
4883
16085
14799
31282
30843
21533
36117
26805
4724
37720
22836
11827
372
954
18104
8548
21366
16763
3198
13729
15279
39894
13482
31454
14774
6925
11873
28173
19178
11747
13798
39970
15129
5505
33914
28754
9512
27798
3087
7608
34486
24434
2004
28398
15251
27363
18582
16875
5109
21752
34003
20270
39684
35317
2648
15718
16255
22863
17881
11614
36379
21810
15549
33947
10912
31259
7620
2273
11117
24604
27203
2062
489
34588
34672
9380
38928
24338
8976
34006
10506
19098
28866
18289
2090
14988
15337
5473
13215
15879
5371
19259
29196
38577
6600
15505
29611
619
31289
27232
24082
7934
3770
39395
7028
28309
9797
26668
20392
31447
17714
5115
11694
23307
19405
11558
16269
19094
27783
1015
18435
39844
17591
13331
39672
8793
22652
15950
17216
36385
15038
22635
14778
15126
5422
17653
4355
35550
223
19007
26568
28501
14019
5516
15871
12279
17291
13394
28053
30060
2370
7241
4334
2100
1800
20870
12519
28517
4667
10720
13236
39727
23406
33477
30915
2466
13025
21818
39776
13565
36627
2862
2051
6232
2169
10927
10905
34475
38652
2270
10789
21830
24284
20768
6100
16648
22808
11786
35744
35983
11416
2006
36074
19059
18569
32618
27142
35586
26581
25114
17937
13503
1113
25605
32897
15148
18283
37920
5933
34391
28062
32924
39208
12037
23829
4414
14195
10531
13243
35080
16797
11390
25510
37889
36416
17970
38671
34998
5034
37158
910
10021
35889
7655
18643
8498
7947
23017
29427
33153
10457
34418
18103
37187
25308
31902
20848
38727
34417
17289
23053
14630
1627
13039
18967
7503
39503
15329
34254
29203
18637
28557
16594
34553
11354
32134
3627
37350
25517
839
21428
4820
14990
27514
14841
6958
16631
21983
20207
37036
14783
24239
14568
34468
36151
37357
8250
21334
39111
4323
15338
28081
34226
39983
15196
11393
37758
33794
26834
23009
20743
26735
22343
30201
17186
1596
36075
14750
27676
34033
2369
19595
13198
12985
37877
23892
36930
17426
33874
6342
5910
2953
6530
6575
27941
25075
1009
18786
31847
3607
1622
1352
23240
11419
26129
19131
3033
24542
13824
26348
25542
6829
28153
17325
17307
24568
22501
10674
15557
108
33881
30669
11110
3482
21148
4670
23688
11652
4265
37844
10061
34237
37649
8897
24812
8048
3727
13869
23901
16453
17204
18058
13773
12447
15562
11661
22482
34214
20045
34768
36724
4239
12562
38376
29128
30213
20793
7705
7965
22390
23293
16186
35413
34536
32333
11345
27062
30035
16165
31862
19191
32373
379
36475
23023
33923
19995
16983
12151
27542
30767
13986
15141
37525
31188
25654
28745
29797
4540
12959
6028
17935
11422
12929
30296
33223
34574
29840
9257
33517
23538
27990
30875
34353
15336
34676
29109
20254
29934
33662
24075
12841
17652
26313
20809
15131
7662
5806
13809
15194
5826
35105
36111
11473
15253
13786
28148
27448
30459
767
1156
30931
13022
11912
16592
11102
35063
38612
29686
12792
36253
27604
22415
12436
27080
15624
21057
9211
32043
27612
5494
27984
16409
33296
23092
20021
9981
36652
2669
29677
30224
7735
9956
7113
3327
27646
8925
10128
19207
25973
22471
31688
18438
26875
2516
35793
24903
11472
11626
34181
28965
30932
10834
16298
32922
35524
9243
32055
24060
23702
9954
34018
2556
26445
28132
26363
34826
13593
8440
8109
20575
31527
6303
3124
25972
5697
35106
21534
21728
8243
16553
14790
27922
2375
12746
28618
30835
13842
27302
22066
27781
37436
261
25507
24603
16379
1961
29408
14577
6220
20358
21217
38053
9344
16583
8772
30543
10771
21584
4060
37055
15645
19937
30610
35509
2994
21308
9165
5925
18971
27778
33013
25938
29920
33829
31325
35491
36913
9569
11522
19006
27923
28591
31241
30417
24448
2589
3734
7989
5824
20362
13444
3477
15068
19125
12572
26945
32877
18006
2617
35931
38931
26985
15518
27747
17995
22249
32747
8088
33285
5541
3066
10157
20489
28743
17082
36822
3470
3143
24121
2970
9130
14480
31619
1389
1332
6361
16546
8650
5152
3703
24677
21279
29659
17257
39992
13740
11243
37371
13863
18072
21393
27785
22581
1408
12533
829
17565
35241
17367
784
4338
1794
38944
34802
32177
36734
33115
24936
13249
18376
10390
3675
8038
37731
33340
27504
31276
24924
27108
31709
38758
8674
30079
5157
35316
2780
22885
39238
7177
19663
3608
10775
31759
24982
37443
19614
804
13267
30885
15859
31753
20584
12500
39312
32401
38034
31099
33952
18894
15387
5607
24124
9259
21658
19672
2025
19190
37238
1093
2814
8386
28119
39138
19318
34971
35145
33307
17585
32913
1073
4463
14022
17142
39549
12330
20854
17922
17715
17315
20883
26191
191
26815
6280
11018
17629
21641
35215
35237
39531
11595
30784
5106
6706
20602
18195
11787
30225
1664
13010
8421
34131
28127
443
36374
34848
15967
9392
23099
26601
21857
6234
15673
32146
36813
33641
13690
718
13209
1120
9925
34853
28293
19698
3602
27222
16928
17558
22024
39747
18409
5347
126
22211
2714
16104
796
12176
26530
33187
27720
14671
22774
33249
6021
31608
9025
1259
33251
3410
8110
24662
4121
2219
39072
2364
39663
5054
16099
30175
13418
38494
31850
17412
292
15366
20838
29382
3325
32350
29047
8160
12424
16539
4693
33960
27740
14993
29325
12006
5167
28968
32204
23975
29811
1610
35886
3660
34633
26693
34328
34037
38319
2483
29247
30045
35510
36864
20315
37985
25568
3277
2350
35757
15052
21046
5592
33405
31598
19912
33822
22304
24394
19962
22001
27456
27790
13016
17603
5849
25209
355
17785
31571
13454
15236
601
18511
9517
38027
17462
39931
23683
19337
3230
29946
33815
16610
27570
12262
21344
20833
30716
27640
28144
16447
12840
18358
16173
39597
5137
25398
7016
37299
25875
39358
5313
8933
3855
32579
24695
3128
13567
28656
39400
7096
4535
5711
25701
39907
790
26561
30964
35315
37921
35598
33733
16469
39045
6800
16814
23346
5181
32888
22837
13438
30291
104
3582
25092
37750
28085
22443
29371
39274
3284
37146
3596
15439
12319
2866
4461
22035
13042
10368
12590
2178
22191
12109
4187
36236
36110
30316
11966
16910
4215
22046
14360
17914
7879
4795
10374
10137
724
36417
5275
1852
30295
38867
24980
31169
17845
4101
24798
13308
25947
9438
28429
1273
36603
35649
39372
5041
6461
12727
29971
33131
36419
9948
24180
5231
2011
11360
18731
7061
25300
13962
9526
33578
26867
28870
32440
37111
36710
27295
37806
26729
3976
2328
19599
16549
29691
17537
16957
38447
7186
20897
22052
10192
12730
22102
8623
28570
30944
17344
24235
652
4257
22954
38199
35018
10859
39995
676
17345
37054
24191
18823
23074
31823
10870
19485
5584
25882
7174
19455
1762
30246
35194
37988
18459
29507
26553
5943
22590
6540
30963
23577
2395
6617
9357
13375
39471
4456
36126
18597
25358
28184
38489
33486
16368
24218
16661
24524
12450
6760
5059
11764
28086
6124
28234
37765
32640
532
7949
22913
11997
30858
12071
25316
36317
17170
22549
35909
38882
13121
37692
26020
846
25381
28970
8251
38613
25437
37003
15616
36044
14401
36141
25609
14317
1005
28072
17313
26381
34548
33547
15372
29936
34628
30378
36212
39967
18593
19373
11697
37788
27226
38592
34597
33798
12762
27552
29337
39934
34166
38106
29470
28292
2405
7358
15684
11774
23018
39867
19668
30598
1557
38340
10181
16290
34877
4547
36021
12478
4360
36581
22607
10632
895
11215
36211
37791
9966
28732
33470
32117
25374
15715
39537
34270
11191
19519
39047
32098
14200
2382
17321
20226
21452
37123
37776
833
22393
9373
25420
17988
39856
33806
5068
18288
296
27301
28819
19513
26100
4126
7694
12604
22198
24154
33582
5118
24352
13964
22034
26956
21869
30726
31353
26806
388
31147
25185
39130
28277
9528
2619
39162
25128
39112
26747
5161
15636
38629
11744
3006
3402
20134
14806
10818
36491
5850
8664
3215
34124
30476
2016
21894
28773
5199
302
36966
33068
2801
33969
2549
10148
21666
32478
27390
36680
15498
32372
31316
600
17739
14726
30586
12310
7361
26303
9400
14877
28760
3183
24302
7815
2404
27687
15542
12373
36927
36781
16384
15106
8573
16547
26253
19652
22642
22039
23492
22423
27131
20670
37574
5613
8728
31463
37063
14381
36722
32093
2256
18188
31397
35602
33278
17247
28511
1224
10446
35508
33870
13077
28408
39981
10115
36351
14561
28465
12314
35710
20381
4556
9840
28135
33638
33855
33290
11792
4373
37965
8539
25104
4037
34411
5843
26631
1155
23453
23179
7064
14927
10987
3036
18708
21195
38113
4944
18478
10697
23595
22075
19064
30167
24147
24574
3252
20855
27562
22051
11184
30714
33054
122
21110
36332
21222
31328
14412
5367
31577
30366
30401
25602
2565
4153
29225
6682
5063
18341
34947
11526
6835
17148
22096
12106
29467
10356
1765
2858
6633
35991
19153
920
35526
31231
13901
21837
13789
5268
13160
27579
38334
19938
20884
17538
1182
3140
31227
34060
39177
22848
23304
23248
39040
24614
22399
33984
25672
10010
1433
7816
27160
34734
12128
37481
214
20231
37816
1357
6416
31421
39018
22856
4100
12156
30988
21231
12498
24156
5421
28033
27467
34866
8597
2710
16554
21610
9836
24951
16519
38950
21430
29454
11628
28883
3563
11080
15930
26947
2222
15814
13717
25122
29133
22278
23352
25711
39141
38556
27100
11828
35390
34145
20246
39656
11846
37771
33121
37838
28941
28351
4417
33571
33734
19520
6813
2785
23958
25840
782
23365
11483
26472
38622
18975
35835
21639
37995
1676
32678
17368
38365
15600
28159
3623
13805
27173
38515
2922
746
26286
1463
7288
34964
20516
10298
37547
30221
39827
22917
2373
27942
33336
20006
3489
36099
35667
363
22379
38352
28140
33113
15574
28225
37087
17400
22586
34980
30044
37065
28037
21257
30760
35166
11818
34678
28907
2428
12497
30801
39069
21955
25679
27732
31893
1844
11449
27921
36094
7245
5337
17074
36043
5612
23581
32648
13873
21574
16439
9293
9328
61
23890
21640
3529
348
38148
19731
9699
29729
27711
22875
36995
10143
29609
6270
17884
9054
36785
17895
2244
21388
29090
28156
19664
22040
7980
2784
21254
16512
36855
13114
38984
33301
10091
9096
20129
12630
8264
30439
22419
17870
2054
4790
26088
26049
28734
13719
19358
15453
7932
20336
34859
13371
23424
35694
8607
15893
19028
8826
32633
4617
7162
7626
18329
29121
28449
19037
35884
15275
22743
5149
14669
30400
14955
4728
32383
25992
11362
2632
10837
3507
26031
33791
23983
11424
11969
26872
32423
22994
24776
5662
20379
11259
11359
34694
36972
28660
9449
26171
2960
32323
10950
1400
36910
9111
24955
14855
23834
8902
19847
38710
3273
10917
25680
4631
20065
13636
30445
67
32112
5870
2047
23417
20072
25579
3133
26355
24834
21309
26602
15347
2049
3785
11858
30955
4846
23647
23743
25391
555
31766
18047
8356
5814
7020
15895
31956
1383
4424
18641
36525
15
24212
24915
38718
32745
28990
24897
31541
29262
10190
21972
4527
9290
33820
38645
28859
23740
28279
760
35794
27829
27293
12983
22458
4565
24586
25937
30798
831
24272
39210
6431
35210
19858
11366
37026
39191
7367
16874
9783
34122
33891
23754
901
1522
7763
2850
29052
16112
33718
11829
23937
11597
11692
34056
2200
5862
38779
14353
1248
33111
34767
39676
24354
27357
27827
3232
3761
20338
36629
2145
17190
7516
29029
29437
25098
26389
16278
24533
32738
35064
4186
17397
14452
31474
6217
38057
9628
5216
26778
17333
30277
1104
39824
30547
3508
39578
17124
31202
12471
33524
8603
10596
30119
20460
29294
18147
34477
4990
6338
9827
29079
16840
19325
16877
4287
19897
17837
24537
17483
20445
612
9455
20253
3640
33502
37083
1017
39490
27714
6777
34480
17336
29003
23398
11386
19439
15095
22098
6576
15042
22277
18284
21729
33044
21298
17208
13528
25920
16093
21598
19764
2291
29023
36529
2602
38543
12211
10391
31073
17298
16947
2578
5712
15938
38143
22689
1148
8815
17830
9844
17561
27298
7254
27565
11276
38230
5358
3381
6918
23210
34684
33116
14575
34176
13691
15230
21840
15587
15946
27171
26707
16940
27188
37216
8467
17723
34955
11893
7833
5962
30940
31019
5838
16642
23117
15015
8277
6935
20791
364
24523
31378
20471
15421
5777
28067
22617
12656
16984
3473
31279
32507
18954
25068
32122
36989
29523
32277
11784
29104
28487
14981
4791
10408
33
14025
29417
1275
9396
9465
29881
4491
33927
22209
29167
38600
6554
31382
38598
29120
9050
29629
28259
27440
6131
3549
7127
26757
35881
15830
21009
7532
32891
17284
28767
25622
17386
10301
37453
1569
11024
13832
37186
9547
1442
29268
36104
12535
8149
16459
22686
19242
12196
26578
17154
11261
36114
7496
34255
112
22971
14183
31549
5511
16896
23121
30498
26833
38561
868
18456
12028
28920
24285
7285
3117
37045
21186
66
2030
10355
13378
1648
39837
22895
24850
546
17692
30823
29190
31201
35058
19166
29194
8496
27715
18462
27389
1578
29200
20227
3093
27625
22429
11010
22049
32499
7224
35178
16431
26869
14846
27140
23623
26195
12508
16345
24671
38464
20990
5255
18121
31350
32069
3831
2719
20082
13238
33884
12456
7850
30995
9058
33230
34738
30104
29915
9908
10142
21087
12532
19385
4824
30899
38299
4468
36576
22042
32965
37619
13782
37209
33888
14235
8021
9142
37307
5214
32878
10163
21594
33842
14886
12881
29265
26084
10024
3390
18759
16846
9557
8305
38748
29274
14297
6765
25689
34543
2610
34193
36828
33000
17794
3668
25712
3005
24765
25778
31264
26189
2810
5572
15573
33368
34992
33485
29505
25649
8394
23486
1786
26059
23477
36451
29725
36384
37
5009
34984
34349
14089
33033
27058
27502
3208
20365
30032
16816
22785
4214
37002
26137
23108
5058
6351
25006
29450
13050
11781
13627
13663
21473
1682
1119
33880
7349
22363
12247
36186
23058
39286
30268
18158
18503
2453
14192
5990
38465
8304
14465
12640
39933
34239
39787
15556
25755
11616
12897
1884
7195
7530
37434
7231
39724
26951
3630
28177
29806
7953
4010
7023
11131
19617
34884
4174
34551
16924
19273
14626
27832
5074
15394
28905
35940
33214
20004
36192
25324
9210
34331
34094
22717
8256
16572
17374
14763
16650
37373
7628
22582
35960
9550
29515
10662
35676
12568
4176
35319
24534
13467
29618
18490
13279
14908
35657
1422
6265
11168
30815
36846
32374
21432
20977
35679
36160
38271
38175
2540
35111
6997
30049
39807
22846
13014
38843
3262
21901
18428
28402
39348
39258
30504
24963
11415
27297
10873
35605
35518
10536
27486
7154
38860
38261
32040
27123
28226
10249
15719
7271
17496
21244
4642
21827
11372
5998
24693
442
8418
9176
27606
26022
25706
18674
10979
21876
26167
11146
35968
24393
27441
20853
4927
11650
28235
30006
30722
861
30471
39752
22473
38547
15576
5741
29827
6647
36622
38562
6348
11952
9960
34298
18676
25519
7211
16327
10911
12989
14266
25864
9833
33263
15805
27581
14043
7364
30886
32011
32118
22047
19680
7230
35273
29332
34275
10005
13260
14754
2791
26105
22244
12517
27247
29533
11222
34591
33084
13730
1403
34920
29137
35400
2959
17627
34137
19020
12919
8023
34816
30735
37240
20148
21296
11496
13157
34185
35095
29701
15533
24468
28527
13816
13178
2412
16205
13538
10670
18137
4885
27764
6809
16424
33472
25893
26208
35806
35788
16207
5044
4523
24111
27105
36556
11256
34093
2170
18711
23629
24849
8008
4836
32836
34596
28038
25588
10657
35157
16551
18930
27415
19060
24496
32646
1513
20546
13306
18671
14352
29106
26965
6065
9748
28179
38017
5093
16331
16131
38594
5078
37983
27647
7359
32762
19099
17802
13788
21919
17533
29372
16013
21538
6463
35153
4498
26840
16854
21700
3738
21686
32927
28467
7697
18420
33609
15192
17357
27592
32557
24896
5158
15168
7439
15294
33448
28061
2313
27170
11641
7505
11943
34463
11301
37589
26468
31868
20514
10465
19449
25100
18519
32733
13750
38583
8438
38192
36967
39860
17107
9544
2408
16413
17733
170
14634
33985
32196
38589
34208
4725
9774
4700
13580
2479
12229
26341
25005
5307
27885
39921
8308
14985
5807
37233
36479
19971
37325
35972
31768
35582
29961
33237
26551
32174
1391
31760
16235
36345
32624
17270
16128
5457
1297
38519
13897
9364
17650
39501
11690
20705
15284
25774
10852
12601
28198
38693
12810
36775
25514
16945
35198
4483
20626
23223
3396
17073
34268
5131
38521
6611
39564
18710
35247
37137
25388
21579
4250
22924
35049
19694
25929
33463
745
36152
38888
8911
32632
12043
22884
2700
10696
30690
23142
27573
25413
4294
28348
20552
2545
2099
2097
35614
4794
1858
31764
13650
14603
6676
23174
6761
3291
31371
37486
39494
10896
24690
36147
8454
25821
29748
39128
1302
31347
30069
26558
31621
9451
26494
785
26822
23128
26550
29067
8677
12856
7981
22867
29816
29817
38689
8690
16079
27138
31904
20095
20751
21282
34662
4315
3568
13191
35512
22978
24047
1981
37439
14282
27520
37667
1669
36580
29484
27111
27424
37425
7855
4386
21980
26663
13888
37804
257
27249
12666
35523
12446
19920
12119
28558
14448
21672
9651
17701
12622
6030
39204
8215
36788
33976
2448
29782
31385
11723
36046
38178
34699
12437
3287
20803
33416
485
7400
19497
7745
21436
39416
37379
28876
10565
35675
11847
11599
9854
28138
35071
8152
38554
20187
5451
29905
44
33266
17775
8075
3909
39053
38081
26774
31696
15898
14599
35154
8408
11275
17899
8335
35659
8670
14628
19357
22814
35135
18502
35477
16183
30927
37941
21891
39330
38663
8336
12887
37918
17103
23283
15227
39535
5900
27618
20505
6122
37134
28770
2390
32421
17099
32130
39627
5370
9555
38330
37899
6629
34246
28784
7713
36935
5649
30688
27588
22326
32824
36653
13146
11619
36510
30742
13053
10079
35283
20904
9433
35343
6102
27875
4868
4684
8236
31033
29978
11490
34827
28712
21789
10571
11523
29061
6478
13843
32835
27518
35826
15941
26390
38183
7156
11632
38383
23696
13074
25252
7024
37032
33598
1666
1561
23020
21043
25245
18068
10168
27553
6054
69
13300
20291
29706
4418
31914
26155
68
5878
27910
3779
26089
37449
8786
30874
14939
28091
599
21332
20152
15123
36844
34746
35138
23838
866
25318
23167
11823
32524
5536
15513
27793
18250
342
4097
33103
12588
35846
10857
37282
6308
38920
4122
36898
10864
34147
38996
13389
13399
25843
28529
17164
29767
15396
34571
1126
30873
5145
7777
6556
30061
22733
20322
36137
28849
12139
37148
35054
18516
6057
4904
29814
29400
39879
36914
12401
9008
8873
20517
894
31925
7356
7488
32550
15749
30290
16749
10089
26399
33705
23505
3548
14586
19570
22350
9085
32730
216
25991
27510
28622
18878
23232
10635
789
14982
14323
25863
14052
3618
3169
37291
25795
20890
27008
38901
35433
18303
22273
33144
23325
20928
20329
3542
1590
8195
17812
23967
12358
2012
12346
13358
22287
29663
12090
10996
37070
34726
18105
2692
15234
8892
1211
18186
35562
17918
2037
16403
5779
17568
31572
1942
28834
12455
22478
27180
23360
29594
3524
16471
28318
38462
9675
4712
12423
17209
28355
8612
32387
6653
1076
9064
19196
12846
19108
18228
3755
5086
3864
34882
16707
29597
2851
14699
32271
36983
32865
37903
30054
10474
35010
22619
4566
23734
11379
22983
11202
19352
12233
27683
4726
2600
24390
8347
15056
29772
34431
1109
35516
24625
3580
34182
20978
36655
15648
8858
29395
13244
17657
33567
39439
18642
24983
7502
221
7463
30958
10546
16556
23915
22797
24691
13334
18983
26733
21735
11649
29949
33480
18464
33671
21844
33755
39266
29983
5172
23087
29365
29473
36222
39096
7851
29791
21240
1361
283
10210
9536
6878
30272
15642
8066
692
31815
29499
38527
14475
3209
17235
12268
35300
21940
33284
19057
10360
32091
15704
23303
32353
24898
29453
5987
4102
18482
19553
30086
36196
34277
17705
17516
902
4747
33509
23101
1653
23545
17217
33583
5846
9728
24675
20091
2157
38610
15476
28541
24008
19853
30321
19145
12672
28255
20262
24970
35209
13385
30329
22942
11439
8638
16400
18885
23621
4139
24337
29747
26783
10871
17059
2289
18969
22347
26770
25376
18050
16194
2312
20265
13862
12659
36515
12351
5720
24917
16040
10424
37505
26543
27840
28026
22685
8958
23715
31889
4630
4719
36568
10968
6480
32227
35727
10445
16991
3369
13382
4953
32280
30467
19641
249
22373
7951
32263
4655
3501
36146
22563
31730
34250
10926
38382
929
29216
23048
20915
39561
34833
33420
38637
15852
33585
37502
31546
29415
39000
25721
24346
7579
21146
27018
4936
38353
30415
19902
10972
29644
24480
13922
32539
1236
13754
30424
5747
10272
4450
31637
30574
25627
37431
1240
20273
29189
28470
39543
8361
37790
12529
33118
11069
34968
3915
38755
5426
19200
10533
31434
37898
18724
5927
28316
35984
35612
38397
542
4558
9366
10748
8904
11756
23532
16305
37285
15541
10570
28137
1448
25325
28613
29553
13988
4127
34974
2712
17429
2357
10398
4048
13585
31407
9777
18769
24374
3944
22312
25849
534
38675
3263
38233
16272
13739
18608
11376
12485
9437
25369
7198
16576
34228
36426
13015
33837
1311
4775
31551
8940
28002
2442
33248
39272
19051
12864
28833
19472
14946
1471
9857
16800
36250
38597
27485
15635
32382
36706
35076
24260
11299
16197
28689
15456
37316
3979
4177
3376
38490
26387
30239
23996
8706
6746
17647
31342
34273
37465
7176
11425
2947
11387
16463
26359
19914
33941
7476
17081
15059
21181
11492
5464
34902
8870
4557
23713
74
25451
6173
26831
39319
7178
2703
24686
8629
4455
341
20788
22125
9850
19975
30580
23559
6585
25443
32111
10451
36807
34634
5339
26546
19126
17654
34081
2360
10856
5509
5949
11993
16354
22614
18787
39403
34445
9970
18506
28415
3391
12788
12143
20826
17719
8515
11465
9618
28495
926
35235
18862
19158
36681
24541
17395
6415
11872
6711
4532
683
28936
37654
30629
15176
30631
32078
7330
4316
9663
39189
24395
6318
2903
31220
9193
11822
13320
23093
8482
26705
39083
7087
12503
31927
3995
22576
9968
1307
4377
8883
16873
38367
15923
28175
1753
6921
18356
21359
29554
26708
19684
32814
39352
2560
26972
34289
10070
26569
32449
24263
25481
38571
10487
28032
9529
16145
27991
28896
2220
36487
13064
27770
19921
10568
13380
29723
34053
29298
94
33559
26646
27619
18673
22987
7311
9809
31918
22099
774
9493
33643
22085
9832
8016
6430
31625
8282
23736
5031
10099
867
34449
6044
34585
36372
18614
18017
21204
31910
14767
10417
7304
22775
18333
23236
2883
2917
8767
16303
11407
39532
37346
8617
806
17636
32900
16899
33358
18879
24177
8643
15888
28502
17909
37151
32295
6015
24754
12658
13078
1611
5834
35716
14302
8339
21499
1933
26212
11065
25385
28904
39496
19224
39012
13860
31070
9958
13283
25351
3987
38792
28565
3500
32024
6241
27699
9301
35079
3387
39557
10744
298
25723
22007
33844
9696
36145
7586
33201
12204
27584
3538
14289
20206
33036
20149
3684
1041
10179
3176
18013
13549
22434
27299
24914
6887
37932
7894
526
30667
31166
18432
15581
33302
20745
1365
2352
6953
27457
21621
4755
30218
23533
9197
37976
30832
16779
6900
29496
32543
12805
25918
18255
9742
28982
19113
32894
978
14894
9672
37626
29741
17635
17331
9185
16932
18232
21673
12938
19236
23669
18001
1249
25567
8445
1941
11555
34465
28040
381
23606
38969
6664
30577
22697
2282
33148
27497
24465
36791
32194
33661
14968
30435
23371
39509
15265
6939
14191
26459
37527
30893
34732
33132
35186
3895
8888
15664
9029
23985
12644
25229
182
5547
2615
4218
5664
18991
1492
31858
24087
6550
18314
14129
16094
23196
3019
35533
36241
13318
12607
16973
36872
38523
30892
23952
19786
5822
12494
26032
31071
38855
30929
25726
5698
21466
28111
7111
11307
33208
2144
8562
2060
5733
18941
20033
19890
34357
20767
25038
25270
10669
6486
2121
5787
38138
22629
9398
37464
32603
32770
38870
25810
24935
312
11336
2563
19469
20758
5111
3723
3103
25053
27641
25288
719
24969
33390
16618
24621
31508
1368
26888
28741
21283
38231
27039
38845
7792
25735
31333
8245
9349
31109
13007
15775
22368
12513
17269
28028
1606
37135
18372
9196
28133
9202
26639
6512
4243
5244
2934
29039
1839
4365
20398
32742
7185
14018
19984
20370
32880
32309
3603
23523
33351
34361
37446
2496
4069
3632
1998
10900
1685
11442
32200
36854
24715
8560
15849
3240
36932
34769
9224
35350
32307
7129
26573
4531
26969
17508
32274
8309
21362
38366
35208
366
17548
13212
16408
3484
1903
37407
16720
26416
6326
10109
12926
26314
36512
10854
37998
1216
30051
17468
32802
10601
16941
21821
36684
24645
37256
25518
18279
38916
20585
36800
4167
13072
37334
9311
13699
17020
21154
22926
34526
33041
6816
11752
7264
15889
29186
6965
5447
8205
3487
18821
28464
12860
17873
5590
38055
38891
22682
39583
3920
3969
36853
19154
18403
3756
2676
24743
39062
20846
9127
24965
30335
22869
525
39924
23752
15379
19868
13149
14187
9973
30306
37573
21706
19775
33629
24259
11087
32761
7682
17556
6744
19901
37853
13088
10589
23261
29033
9567
29596
5820
5459
25366
27079
28988
8090
23454
7794
505
20349
22044
8726
9007
2000
28283
17014
4061
38063
12940
5376
14888
2394
30230
409
8790
20120
37261
657
20055
38385
2182
39614
36546
32150
26844
18362
1001
16109
9688
29613
22156
23836
31624
12930
21636
37392
1738
21042
12671
38559
19702
16943
26692
33287
38156
18214
30777
22460
15564
10579
17936
38059
2534
31215
11797
823
5960
11213
27787
5245
25056
31067
12322
14217
16662
38661
2705
27007
32682
17501
24551
30313
13679
16030
9655
21343
19827
36105
7492
17953
21560
12060
34664
36239
2089
15224
27887
8788
36347
23718
27591
39317
18422
31969
10466
11292
9068
7696
30766
25620
14416
18246
25062
8231
6374
10838
32425
12209
30203
12430
31272
30581
27401
23374
15870
5129
16723
32910
23677
29151
17504
13931
2349
38962
10641
522
8292
30361
39886
25994
8370
31580
15672
16919
15997
22515
15486
12053
21100
4671
11229
18527
19177
29130
21923
12166
12085
38511
17010
11838
18297
2809
38169
19043
32115
19982
17250
25857
16438
31321
27262
34205
31480
5144
27324
22231
38451
22625
21326
18895
8712
4332
38680
26910
9480
7477
14810
7421
32226
30452
38163
16202
23788
25025
8640
9573
28444
32868
21576
22758
17601
33937
22105
23316
36691
38831
12806
38568
2171
27033
16243
12642
24384
33399
19561
2969
3411
29803
679
14221
14722
7060
32120
2511
18689
29736
34220
22959
9476
35859
25847
36649
24945
26894
32214
23988
4028
10967
1497
23710
18838
263
16830
29728
30172
31036
22097
14913
26819
2460
25111
31620
19583
35382
36181
24505
10862
22537
8564
13820
34854
1346
21149
12221
1252
36968
31379
11338
8083
21094
8474
25332
11732
31678
38170
31427
11498
22127
38195
13348
4521
16615
23949
25439
9829
33894
26906
33988
36809
6703
18679
12780
9443
35615
21182
28123
22300
11258
10198
1906
2187
36009
24383
17842
24563
18078
24213
31534
15807
27098
29385
11528
11812
31168
19913
1220
16034
18533
39329
18126
36721
9074
22736
19014
28070
12249
34440
2238
23061
16949
39890
36768
13709
3610
34621
127
18662
11594
17121
34360
35173
6187
21540
24733
175
5267
3821
5653
19972
19540
23885
1366
8656
33015
3154
20684
33865
18131
20742
32247
4881
33687
34031
32530
28161
29317
19274
27384
30642
26289
27264
6257
31826
8059
8831
39105
29626
32848
11260
34938
15457
10629
37798
4393
20618
31179
22433
24557
9653
9377
26620
4006
19151
33385
13834
16268
11364
3064
15355
11057
39430
23168
35050
9497
31251
12899
21142
12338
33904
25786
4368
17422
738
3721
1550
13979
31924
25825
11369
39431
6321
5970
14443
29455
32670
8661
11204
15652
25282
12865
1268
33845
25521
31560
27475
21152
1154
23984
15002
13034
38011
36024
35823
30701
39235
20427
13184
32257
23045
24839
16703
1072
17900
30118
23209
12999
16058
12724
29159
20568
9131
8464
19338
3279
15634
9238
17634
30660
16955
2126
21006
21535
36845
10551
9835
22868
15108
12573
15650
13631
16004
17963
20174
22612
12768
27242
21629
19565
34539
13983
12342
19609
7146
18238
1292
25967
5399
8633
5114
7324
11728
19303
39887
8501
9992
13100
19187
21717
30933
30108
27548
1835
39479
8571
2707
24037
20318
33459
32037
3900
308
38579
36777
10238
11579
5183
29646
5915
27283
11094
20250
7363
32629
20579
33758
9801
39626
33996
27980
5507
24179
27736
11679
38498
5690
18805
20713
11044
36636
10671
33675
24910
10144
10293
1632
25493
28790
39595
34928
2830
33993
16337
20303
8253
2657
19335
20781
36870
21988
5377
28482
5789
514
21310
5251
37144
17708
18997
9816
30025
16262
25637
34639
7155
25133
37827
25392
851
34271
31113
28083
28950
31744
5406
22925
37648
20274
20530
28827
10189
13891
26847
12706
9799
24441
29698
20902
39171
12141
14057
27290
30754
16206
14758
26164
14601
29188
30998
17381
12560
22036
27826
26391
22541
29762
21440
12241
35389
37476
17738
28492
34219
38607
8949
37707
1162
32357
38635
21723
3326
27582
3397
9081
29076
4436
14105
36228
21051
29810
3551
7684
35961
13548
22972
22401
12254
8032
7059
6628
22677
25693
27292
35254
13671
38958
39941
20774
31502
30344
17649
7556
4219
12764
3091
21206
11228
20003
21987
15220
6643
24768
21250
24000
876
17184
18521
15798
24190
26739
24788
19854
4840
6944
16264
20962
14240
15651
1641
6082
15188
39530
5396
2248
31503
29693
17774
23850
39669
2683
12877
30419
21654
13338
23129
3148
39380
5680
19414
14531
1208
35104
31097
26818
39997
17989
34697
35536
23929
147
4358
16548
37084
13305
37223
22915
35945
25486
2194
4015
36688
2620
38526
6511
38704
5941
1944
24687
9600
6810
23783
20205
27360
21213
6282
21037
29582
13642
32746
38719
743
18654
11238
11437
4874
21162
39282
35765
25789
18175
7822
36695
17813
7167
511
38673
19413
2084
26565
23639
39456
5052
33873
13468
38879
14364
30414
5460
33644
26711
5382
15905
34082
11863
14342
3163
17179
37630
7466
11317
29419
14613
35216
30861
31473
29972
25639
29127
27370
12428
35936
14678
30912
26096
2206
1832
586
7755
10353
4282
23522
14101
28054
3751
16936
34712
19293
1110
27403
24439
34075
32892
1896
13695
33065
4506
18586
5271
23287
116
4888
5004
23494
17125
36258
35165
15620
27318
8935
33447
16171
21081
37702
11897
20122
37129
1090
31035
23527
19965
13738
23726
36118
32983
36403
25782
9571
29586
2948
17109
30941
26615
161
5518
32371
30151
25117
22870
20909
9061
13509
34165
36552
23423
3368
35381
21469
16161
31880
11715
26604
886
39122
7257
15384
7108
3216
30681
24357
7737
34721
20985
21018
38910
7775
27132
2399
4706
23250
4961
21736
37236
27077
9313
20997
30390
15619
35789
35684
11211
32999
27753
24722
36630
17352
1266
6951
13396
35384
467
13044
2471
15626
28493
37580
25888
34493
33883
37136
33908
28060
4510
32873
19743
28145
26893
25422
32166
36513
20467
16605
23054
26236
27392
6460
32958
21956
6583
15526
24510
27733
33513
26582
26968
10850
6980
15802
3742
10894
14424
33920
36278
32123
5844
20592
19072
28534
1843
34817
12420
34687
23571
19329
39633
28738
32136
17369
34494
32032
28206
14429
2094
15407
27808
11109
12801
20581
10686
10176
551
2912
6770
25829
15701
27936
27695
4554
20633
36773
1882
32161
3590
27877
8944
10638
11399
627
23663
27477
4559
3879
5414
35581
33982
35623
13559
26326
9037
7819
17172
38659
39858
31804
1055
15521
38819
22055
9877
34679
9978
16502
11657
22757
36746
18802
9590
28930
32671
24730
111
7968
27189
6425
4892
3342
15865
29208
20066
13683
2717
28690
24401
14409
22409
18867
436
35901
37375
31255
407
28442
11210
24861
25147
17630
28727
33156
5389
10595
39716
18065
12492
1465
25734
17237
16742
16664
34098
36143
8404
11128
18618
14481
14957
9474
18054
31648
4995
14627
14815
24399
4156
25200
931
17157
6804
3514
2873
23654
15940
13164
16950
37741
10097
38818
23780
34027
28250
2247
9613
14657
26880
36507
5354
11743
31567
3851
31531
36766
37678
22530
17956
11133
28765
14476
27735
7474
480
12743
29014
3639
31937
11085
25480
5932
16644
19
18672
18925
8385
6219
830
13262
1237
2944
27831
8708
28592
19309
2827
4875
35569
24033
35948
35440
27535
16046
17062
617
32990
8928
38605
12555
22526
15512
31859
8854
11920
7996
27454
19973
2983
32535
21527
18860
20413
28776
32338
22754
27729
27107
10268
10918
22746
5540
16110
32183
14528
15546
27436
37916
11811
19135
31352
2740
24018
15593
31929
28549
38987
22134
19521
39645
32364
28215
21407
15539
6881
498
17559
17438
9972
37237
3211
37699
26169
32058
1205
22009
25779
7536
5273
24429
17612
25736
34962
13314
39965
1303
6966
24323
8054
15122
32132
32395
20415
28496
21336
35897
25949
39202
5163
21741
29097
10488
11164
9375
27250
22426
11451
35228
14751
22779
39891
23047
34376
37217
20851
15137
31909
26334
23580
23408
39492
24329
16382
15343
34488
28450
16851
10752
4396
14828
3461
37944
14160
39023
21906
939
12008
16452
31945
20930
4640
11042
5463
16718
6866
30842
24934
32451
18536
30654
5719
21651
20264
29847
20638
37448
30696
23251
545
37389
15191
29022
28747
32830
25195
33058
15470
39654
690
33243
33010
13615
17035
12721
38572
4611
2361
23050
11831
29158
26545
25806
18877
23083
14872
31588
20440
4185
23146
21098
10919
19263
7481
2221
13186
1405
39247
5997
21714
32503
3525
22764
2280
37559
29228
9203
39544
3344
21091
34969
25729
34804
39556
26522
16709
33202
26259
15500
17378
10237
24597
3958
11914
17450
27752
24139
20669
25766
25499
36682
32607
38889
23910
37339
14175
5874
27558
27622
18507
15932
21346
36349
22857
35772
27883
1171
22643
5229
34749
14594
9588
19141
31714
33895
9848
33660
22331
19054
1527
33133
8265
27102
23912
26257
30646
9248
26598
27543
8359
28620
36005
39696
4729
25219
33608
18185
35359
38060
27023
15062
16685
15612
32468
30389
17212
5027
31660
31263
15209
38614
24020
24589
27065
34481
7884
15367
15283
5954
32861
21072
16514
38563
14562
2115
32608
32846
37631
35487
12505
7395
1478
5351
23467
19136
32920
6934
21109
10504
21617
30154
26449
5087
39025
19593
18415
7924
14211
23489
20478
18717
26197
33515
24421
39843
32095
12963
38893
32806
13941
31315
28813
17265
18145
20280
18564
21205
15326
21743
17931
1579
12272
28757
14034
24461
26453
36625
27025
30170
21537
21238
30
28545
23567
23149
12246
36065
39908
24854
19846
22995
12623
11547
654
6983
16724
24091
36232
3118
19279
5892
14158
19181
34593
32455
2760
35423
4500
2184
35656
20722
9132
29681
17575
17475
28887
18613
10542
15374
35473
4194
12116
3129
19285
38229
26771
13944
14702
32788
39624
5184
5663
20814
11054
17985
23593
17384
6705
12781
14362
27274
2420
23474
2725
31669
19503
21737
20210
32621
11834
24928
7175
27668
15899
8688
5170
35321
24195
31460
21050
15269
25570
26614
36408
29656
8314
39363
16390
32688
6972
28683
15835
9051
26785
7564
9152
5105
26400
11448
13561
6704
4320
27774
25773
36292
14273
32254
38369
34142
15245
9679
9492
6352
39481
2520
22945
38157
23269
8238
20012
11904
25954
23188
33601
16193
15403
26890
15050
21593
11754
34130
4733
27210
38245
6859
3774
14045
19367
18924
26429
10464
4848
30675
23694
408
4603
32675
32368
33704
4645
37081
1135
12333
495
16617
15193
6870
3811
8885
1540
6974
32025
35268
399
14572
38858
15276
34073
1328
19986
28076
26549
24514
24152
30901
16346
33435
32102
2803
10361
24710
7923
28535
3023
39500
39172
24268
32784
3697
9178
10965
23435
32731
14279
27804
25155
29770
1160
18524
23862
38655
39682
110
37520
1973
4943
33331
12895
4189
16448
1439
33906
8360
30600
27377
37909
15099
39800
5513
27530
3843
37455
11484
24287
2417
17690
32013
14666
4301
37523
28649
15900
27882
12486
35408
24883
22859
22190
24006
39356
25184
28719
14163
29903
14741
32505
23317
29752
38364
15745
12033
98
34161
39808
28755
22805
10094
6363
2555
15100
7971
1122
13715
12821
24860
9436
32904
19451
14658
6306
15473
2409
301
11911
21516
2995
15609
39714
34915
34330
29715
39636
4986
21412
18109
2378
31962
1708
10153
12352
12396
27383
21668
32071
36334
2664
14340
34762
3892
1270
34487
4723
3919
10858
35876
25339
2226
27605
33532
20716
25879
21905
20607
35666
39375
5831
35152
39207
27000
17064
12778
9789
19735
10787
25253
35245
21399
23565
27822
15413
11806
10691
39460
24571
4427
6159
1498
17896
14512
1335
30463
35895
34569
34707
35775
34560
32110
27748
30310
29249
29108
27473
31048
12259
26450
27022
18437
30087
14631
18807
27623
20384
10656
33468
9928
21979
19659
8780
33374
24894
15844
18357
16923
9793
31659
3565
20326
34779
23747
7982
26990
10282
4689
7929
27671
29379
8930
31064
29315
36022
23463
27413
28744
30791
29386
36359
15004
25247
20479
9414
33195
6797
1841
31392
33120
10547
6027
39994
9894
13270
9252
6596
33057
3427
29024
497
34016
31796
15917
4912
7591
12756
702
39
16630
13476
820
25573
17326
6179
33415
30943
2383
4709
4020
27034
24837
20939
32193
24155
2439
34966
19785
23594
9469
24608
641
37112
12065
32556
28430
33097
1526
23762
357
28948
3245
30396
18368
21008
31317
15511
33125
33126
7170
35479
8713
26216
8974
1344
5288
28405
11002
11226
2708
36480
20092
37956
29622
13589
19572
16138
19264
35358
13096
5532
29098
28411
18476
21680
1871
17524
22266
13332
23748
33725
34091
5300
8128
15736
10058
6654
23928
4252
20780
29051
12758
5797
33341
18155
34085
17434
4830
4821
29438
19208
17826
38705
29375
34428
39163
21200
21941
8606
15445
39861
12410
24595
20418
28606
7969
32522
39461
28390
11121
39961
4397
34364
1426
6024
1037
9122
34719
36244
13070
11600
3906
4134
7771
17671
25019
30558
22116
24270
8261
15504
11050
24742
26841
5724
27087
14850
11060
33935
14397
23755
19712
39477
30980
16335
34157
37591
11468
38258
38595
37679
14853
2652
18733
5659
28079
2605
32748
15808
23818
32325
6329
12005
31616
20475
34626
7208
37711
23288
5600
7345
18829
25823
3185
38085
7952
7019
16865
14388
36641
23067
15922
20068
6271
18729
34790
8965
1318
17596
38747
34058
16283
6675
39057
7882
36340
23918
18268
18809
18994
28959
21615
720
13795
8620
856
27580
29086
37107
39607
9591
25179
15503
38068
30910
36069
12960
12646
15884
36358
30383
8994
5303
13973
7886
37497
11088
25997
29258
5855
4150
11509
25793
16606
3939
8254
1118
4128
36686
32188
22816
21083
25170
15828
31789
9982
12698
10265
14109
7625
8619
34925
22262
24634
29301
13894
558
39755
23530
9514
697
13826
8729
20299
11549
29660
7909
2457
11677
1848
19707
15833
7438
479
26168
20090
36418
27517
33366
27110
22756
4173
13845
27442
5745
14656
20502
20649
25563
38971
19292
13013
22045
7637
38160
34837
29089
6826
17581
22289
18851
29224
35448
15186
2461
30529
9934
15195
7547
18773
602
9187
6356
4739
20059
25231
7376
33362
20436
14488
26332
16288
17829
24199
11017
11221
17659
13685
6262
21916
33418
26176
31485
8977
6731
31793
5521
8922
24709
10196
33361
25448
22333
17792
31100
15205
7583
5483
31013
7396
6162
3193
18084
2447
14331
28421
4994
8825
11232
19256
38887
19453
8013
21619
34764
26352
33493
21663
27950
11167
27076
9580
22201
6239
35600
19440
38776
21582
36770
33467
13291
33469
26376
7680
20825
18955
14807
7300
19895
6327
20935
6058
7118
9577
23847
1943
7353
30369
20683
3372
32709
25709
778
32211
22650
20785
29172
4132
5427
24491
1693
9693
23065
9790
6725
6473
5759
29180
18000
35953
7268
26006
31127
39434
15873
17626
1269
1964
1281
11640
11447
15228
17588
16756
35732
13341
14625
26697
3612
13592
35356
39289
2465
37590
28166
6532
11190
34014
24099
14794
19648
17952
39175
32335
4380
30256
15363
27759
35923
36751
14284
20656
4198
10358
27664
27859
26740
630
21350
6574
4787
726
2715
6325
30121
34604
26074
38345
33566
33650
13553
6555
17334
429
24396
12379
15825
37113
13059
36327
35263
18472
30030
16185
1271
37945
30284
30924
12050
14351
28720
13465
9236
38206
1583
8519
37109
31104
9057
16935
9586
9020
15406
9813
4021
29103
10101
2942
6855
23843
37016
33114
31674
879
14854
11900
31586
4449
27958
29786
5428
22628
7796
17641
24140
1565
25656
845
6323
29988
35800
37762
14371
3358
15909
17149
17604
13623
23165
13956
39427
12217
398
21067
6698
11891
10448
20559
14792
11402
14228
25956
33621
13732
15968
18685
32497
2646
14564
28129
19673
15611
28023
17271
29635
19922
27661
24863
23276
29187
10666
28374
5942
4242
10351
2823
620
33174
37475
14835
32909
6451
7588
23187
2575
9100
27259
8180
36125
8316
13248
1934
35692
6185
33169
23804
16886
19149
11682
30214
8085
22355
464
2876
7380
35807
23414
12328
13480
3644
5917
25948
8399
3072
7420
39459
26567
9674
23399
23798
35468
3764
39590
27271
22962
12223
6129
280
4114
32092
10849
15428
4098
13406
32739
13368
2008
23118
1776
1094
13624
27205
16236
19214
29464
13342
20060
9750
27916
11982
34346
37005
4482
2266
10278
9427
509
9910
38839
4081
15073
13171
34733
30521
31533
4467
18918
6853
34544
30166
26136
33743
2628
16558
33762
38997
39951
28503
38963
5193
5597
11710
30803
15523
39521
4049
11170
15096
27886
19642
38442
28663
4833
8402
17998
5864
3617
9123
28216
10399
24402
9172
37541
31047
15910
28717
38221
34870
969
18211
24649
4525
11421
14663
11263
39474
31816
27012
4213
19278
36488
12522
20342
24857
17526
30648
453
28303
7393
16120
264
18936
13442
37058
36285
5770
38420
9112
2129
19762
33504
22503
11725
20161
23192
4877
29548
3478
33846
29818
30191
5889
26186
19589
8144
36352
5734
19080
15855
28439
37986
37255
33689
5395
33809
13791
4326
29521
28677
13040
25201
35057
19205
31292
18985
37862
31525
36018
31462
4731
11836
25860
21406
4011
22143
7124
4460
12075
13137
31888
24558
31602
36035
15896
39986
23151
32576
289
31536
16271
38717
31680
15669
28922
17084
14406
11348
29980
17886
37942
4108
5001
22891
30270
35540
23711
6960
8777
11779
28973
4297
20600
32537
17480
10497
16735
30376
8843
4587
8375
24077
15298
29184
5393
25153
37360
2842
7997
607
27450
28280
29396
23234
28396
12227
14879
17747
12849
34030
23878
35563
34783
30829
32679
4761
25072
7221
384
2488
4367
15800
25141
20606
34125
22299
32849
26322
17681
8310
16902
29156
31604
179
8481
1921
35258
16953
31045
25912
26971
4228
28586
11983
1543
19722
27236
7306
27678
20139
9167
6876
23513
9796
24881
29709
26479
1377
22826
15538
31416
25438
3598
29763
26181
5688
14162
5295
7992
26439
23091
3575
15670
9296
21614
2316
38590
16275
25077
38825
8262
21418
31830
8480
20866
26864
13934
863
39220
6821
15117
30271
29263
38437
29563
31854
23001
4454
18950
11206
9119
4159
23932
19465
31182
39975
971
36761
7299
36509
3940
39920
21927
33579
7276
3933
30200
8171
34203
13764
4152
37872
19991
8700
10431
36832
8061
26839
34631
24631
37610
20411
22953
25206
36612
34072
11234
2059
4984
35259
29922
35877
38179
134
33257
22778
35751
6212
2154
31542
33087
35879
28328
4809
18548
17360
12791
38438
31899
20849
5691
24388
23412
17865
9161
37208
39673
32492
27270
358
7553
2251
32202
27833
22261
31050
29300
33105
6779
30410
3197
16020
33049
36180
39055
38536
34269
19201
9578
29359
4803
34201
13439
5620
24561
11761
32839
28584
17614
2647
805
24666
29655
2638
27278
1239
14903
4619
16996
11400
6657
30705
33270
29383
5026
19798
32231
19011
9589
20093
3010
38315
22499
5401
1089
39857
12250
1877
7695
22813
22252
22425
12275
23381
19397
23981
18668
24341
11246
20886
2612
14502
26301
3798
28459
39406
39847
1517
4623
34384
29495
36841
35322
38254
8435
24261
15730
31422
33823
29232
17564
3159
13128
14551
39573
28256
3050
16699
29580
25365
32485
33869
23290
30865
39074
3393
29085
2587
35874
19809
2918
33199
32232
18270
8497
25890
30855
19799
39217
7712
22178
10921
6529
31587
31689
25582
13848
29229
35554
36331
35256
32903
7212
347
12956
37480
18628
9261
31037
29821
14483
4987
28676
16528
6059
18935
4906
5159
19265
6429
20537
13145
21179
22365
14812
14328
39155
3676
25765
13082
17470
945
3442
30404
8500
38611
21808
34171
14346
20796
22446
10704
6605
35573
34022
9201
22874
16938
1607
19811
9404
7976
5974
22394
22692
33593
35970
30508
21372
30308
14149
36422
21772
34300
26671
34320
4620
10602
24737
25655
29134
32296
25014
30018
24942
9284
29939
19209
1830
39351
21971
21196
14598
37536
25959
16084
411
11395
4238
1662
27129
1124
17147
24941
14461
13812
8566
35419
3330
1172
16654
37519
22014
29343
13839
22507
12536
17248
22967
21964
36055
16968
3795
3088
25402
15690
21291
2204
20039
31661
10270
12091
15458
2859
7820
17299
16951
15770
23686
33428
23560
20200
39046
5726
37378
27404
38941
15270
2156
20429
34437
7366
24637
1533
10184
48
120
36030
10037
17698
28170
20686
35269
19631
16998
8121
17306
21806
7196
6086
37294
16588
38007
29339
7927
15419
10763
28369
33998
1251
32470
2421
9719
4290
123
6769
24548
22596
19822
26666
36749
2616
10140
37479
37969
34310
23873
14219
29876
9708
28353
17941
3186
39415
4184
28795
5815
6462
24078
22020
24607
21652
4966
15837
3983
34442
21032
39567
15890
23400
6922
24012
5973
7512
10152
17932
37490
27925
27230
13674
19596
13449
37320
27121
18206
33269
36827
25660
6292
23777
10051
11778
12203
26143
6967
15764
15244
19490
3493
15746
2287
3074
5279
9457
19267
29155
4705
976
37390
15290
32529
11384
38067
30041
1454
35367
14804
29143
34828
36433
14000
34498
34890
13172
36532
6541
16057
34470
4014
7405
7760
33748
21541
11603
25130
12966
36873
30979
34507
22037
8832
21734
29722
19065
24378
14272
16373
38313
37297
31435
11150
22623
31777
4217
21191
29998
25807
14390
3403
20664
16362
337
14611
828
20943
19955
28164
15965
27973
13844
34547
4905
34775
31712
739
28567
25527
23384
20529
34160
24463
20361
16794
14126
36887
14344
6812
20177
26592
7152
5986
38872
25292
13851
9691
30332
4408
31722
9039
5522
7615
19619
31738
28424
11169
31901
10732
15970
14023
2730
34869
21749
32416
4109
11824
2773
22081
12195
17031
37062
31652
39685
21284
284
32898
9897
7298
33699
18567
31923
694
22269
12670
1395
34471
29502
25057
19326
39270
31883
22222
6993
36646
19874
36452
26112
34510
9627
37359
15854
424
8073
25340
21420
29697
13581
37050
30606
26537
9275
37999
18996
37017
36133
36295
19269
39710
14365
7624
37152
8376
20251
19434
36130
29848
17827
17566
33135
5758
25511
35426
25216
23079
20043
15490
31106
33481
7849
17075
5176
37561
15016
15170
23311
27971
9182
26627
14274
13168
2627
33226
452
19252
20482
34467
11300
2314
17410
22865
12200
11696
7407
13046
38266
32937
8298
12397
15350
3818
27455
4707
33205
19017
13560
17364
23473
1024
20057
1103
6375
31390
19420
38047
8810
31791
8174
11921
9374
22113
35999
644
8914
2572
11929
18737
22103
38904
13938
23224
23028
35249
22838
26099
16156
4042
21389
1235
35712
29345
32517
12518
26192
15046
15857
9391
5368
3615
39382
2614
15974
5221
14016
24701
13785
12878
18056
22189
27754
25748
10721
12740
8095
10842
14015
39754
14431
5723
8644
38927
33382
29046
12857
34554
7442
23327
28763
20554
25405
13711
201
27593
11096
16739
34117
12061
38948
34248
26782
22951
27839
23641
8042
794
39686
10068
21268
25558
13790
38835
16496
6650
33714
10467
22674
16927
21934
2925
21278
35634
15391
22931
34110
13401
24972
8774
31314
37333
22730
25060
9603
22483
10907
29926
35004
19719
5125
26515
33193
32107
27726
26202
12734
28420
3238
2988
20196
29674
8792
21515
39006
2242
5155
2747
15309
28536
25584
17699
31101
29661
17323
5283
1833
9785
15264
38015
259
27652
24702
31217
14761
39344
20942
31522
19239
38548
29223
30112
23803
6651
28705
37265
30462
28890
39791
35511
31126
31813
27081
33622
7843
39925
6482
36207
20388
35420
28928
7091
19566
25885
2757
2655
12359
34801
306
32380
6722
32176
25166
37905
9181
10959
8523
5671
27112
24619
30900
632
33339
23657
21820
24311
26648
37512
18034
27545
12974
2293
222
9188
17926
1856
39680
9826
2993
6006
21221
28188
38894
9566
23015
16532
16805
6535
20756
35872
20491
6481
1694
19769
15179
14324
27200
16407
33457
14207
6901
22621
23244
27385
25839
414
33380
17255
28753
20894
27977
7322
10592
37865
38576
25796
31970
17231
18904
30353
13156
25126
35450
35922
3595
29668
19952
18117
7902
24985
15190
25915
35020
33345
576
20797
32105
29421
14958
25139
25906
28084
37001
16518
28604
6648
9945
39113
26925
38538
1418
2424
27482
34995
3978
24852
12070
36539
3378
28468
36575
23362
54
25055
36786
33943
2582
21170
19517
12388
16417
36756
32815
22760
800
815
18825
31594
4817
15018
10659
35432
38994
5625
18207
27074
5737
18087
7653
12405
27244
22527
16436
10170
33986
17640
27411
27231
33259
38725
17311
30249
39817
27157
20728
36838
17606
7090
17385
9726
18934
20052
15169
33626
8918
323
15211
5250
12786
7326
3119
21852
18003
2963
6362
22899
27118
12258
30848
18208
39788
28945
10312
159
10876
909
20680
19705
13803
29444
36063
23782
28024
14300
36526
28143
34221
36411
6275
38793
20321
8838
28364
26012
31229
871
14869
10510
14111
37388
12027
16604
8198
6472
3541
36230
15618
4679
25137
25001
3491
1255
13603
15154
29423
36735
35664
33375
5587
23815
30350
20288
30354
15850
25988
37022
34534
29388
39988
7100
12569
3667
21156
16455
25487
18956
6121
30765
8759
2542
15934
11181
28041
39042
30587
20314
37751
6527
23021
17090
10823
19349
4051
4016
32581
22806
5329
14701
5589
25278
7247
21711
508
37518
38666
19515
27054
614
9570
18444
30907
12089
3594
34342
24585
4921
1080
8945
16386
7770
37672
31543
12364
25226
24506
29071
28877
8510
13617
25084
5575
20070
29649
21451
1636
2837
22413
37214
15049
31623
267
7166
26845
1654
38811
32438
18319
7732
13161
13744
1358
28516
30764
18845
31233
28253
32431
36560
1761
7193
13136
19891
14358
21606
23903
15696
16848
24015
10637
33911
25051
15262
22243
7701
274
20589
21120
18515
31980
25464
4359
11854
5713
26781
20353
1633
35167
27181
31083
23432
11363
38647
37254
22186
17539
23659
20363
24080
19742
7302
39003
32611
18092
18966
33759
32727
2768
37313
12520
23363
26776
14329
14036
33534
33343
12599
22752
38357
35033
17933
39260
23811
10185
37883
12609
30676
15527
27061
19460
14209
21303
24490
37293
26349
26510
10557
41
24327
29404
10633
2116
854
9133
23724
9157
8177
5714
17227
14267
31029
37628
9270
24076
37665
6276
4688
6702
18371
32252
5387
13666
25703
9631
11025
471
20465
39689
22663
35323
18765
37226
1994
35051
12955
14723
4746
22238
20496
33721
9624
33686
3927
13525
35878
1562
22997
35506
16105
30008
1519
6500
11642
14017
26946
14931
22193
23153
33642
13942
25168
20933
22076
18625
39218
9041
38158
18811
33476
6310
16888
35372
30251
11759
12454
8529
16574
7675
35379
22144
16669
33141
7809
30928
35376
8912
34133
4196
187
21219
8216
27075
9909
12385
10400
11012
20219
18015
24831
39168
3182
3905
29287
3056
7479
37663
28397
15510
20343
39560
30217
18285
23951
39185
11662
3026
36252
9757
18360
27059
28828
18789
23831
8111
38774
2832
9314
26369
6652
35158
3264
6209
23090
8804
36456
19311
2268
31570
33957
7452
33819
38004
11518
12655
7348
33974
28550
31878
2609
11809
15378
35452
38121
16397
9559
27029
6677
29773
25087
22731
24778
10642
12483
16351
10357
21431
4363
16157
1651
30193
35915
30556
31605
16133
4783
20235
25538
35503
30187
12040
27795
26904
19365
37331
3223
23076
32723
2327
17262
24947
3556
19068
36489
21859
9817
22916
31666
28182
28050
31692
28480
6078
32190
5051
39969
22939
6522
4524
16221
32321
10539
11572
20843
12073
18623
7182
25494
28321
6180
22237
35003
33138
24007
34265
24289
10135
29566
36677
35671
25319
16819
8557
33731
11535
14624
33449
37413
35538
39196
967
38190
36004
39095
13903
37594
3049
7518
33004
16289
36782
34583
7403
29310
6794
19666
29921
39448
29758
17828
22749
202
12489
16372
24234
15201
11815
36690
31116
32604
19404
22422
6346
17969
13453
26222
13188
36201
9225
29075
25552
10476
34641
27479
29734
7255
19896
25144
15662
19727
842
35125
29938
25797
13701
3490
29910
12610
35572
3011
36168
27603
17025
16752
39248
22094
29962
33439
30135
779
39446
16999
37104
33028
19489
13054
38763
39408
37264
25193
34717
7945
8015
7783
26214
26908
11013
28556
36410
17756
832
1732
30212
13814
34950
13377
10015
7448
1337
8850
12869
15697
15979
36368
9964
30591
31092
1274
9509
33684
14453
13864
1587
39876
30672
26180
13571
23297
6442
38874
32886
20752
29113
13733
5394
13590
20481
26076
3499
27947
7204
11926
5609
16350
22649
32541
21858
30605
8026
39943
3122
22821
39438
11758
13349
14322
19491
13607
24862
29769
23357
27193
8420
20439
31784
25189
95
34263
29577
11495
24079
15147
826
26207
9148
33462
33676
36420
18914
34119
3581
24328
21969
13896
13193
13292
28242
30406
3212
12927
3322
20356
8841
27792
15665
34561
1387
26753
3283
20698
29485
39482
15369
725
10707
13268
31173
18011
4873
17658
23173
29744
29619
16167
23466
33878
33539
20859
28125
23245
1840
8201
13032
1797
34424
11176
13914
38540
32552
13575
14606
9087
35385
36868
4088
7295
21846
10986
8819
27897
38407
18537
31997
5873
22059
28099
20671
37201
13811
17457
28479
28585
22543
20964
9758
22008
8836
16274
32975
32977
13219
32435
240
6199
15411
25372
12879
36485
5743
4232
24
19643
30497
7071
22610
27113
14166
32545
4235
21740
13512
26263
699
31203
20513
25565
12772
33325
30603
30656
10554
22538
12707
32336
38016
28059
19907
21801
30027
2444
22475
35616
8318
20218
18952
22705
4582
31498
30846
34896
35804
999
34461
30539
3494
17173
17889
19241
7918
18484
25702
30320
39140
2454
37118
19374
17954
14928
361
39646
24613
16743
400
13616
8684
28803
18233
14984
28373
28609
6646
4230
31143
10378
3857
18846
38150
8447
32351
14921
8710
39457
21023
32304
3206
5715
18657
28169
36709
25312
39993
7430
34312
2092
9685
4068
38333
37820
30388
4411
23575
5438
29398
39740
24611
2538
2410
20536
21825
17781
28967
37778
18565
18447
39616
20350
19380
6545
2682
8263
17039
32315
14136
9764
31582
14179
20450
8268
29989
29433
19340
21078
4669
82
23409
4096
24464
27481
17773
50
1926
30407
35309
35325
20828
15019
7563
7596
22739
33328
25671
8954
35952
6320
4983
5197
23201
11681
28275
16083
18220
1219
17134
21398
31999
16209
18557
11291
15565
21656
23856
4269
33776
35304
20366
23861
25327
30004
1677
190
9280
35025
8518
25012
22056
37143
3629
23102
4009
1441
27639
5520
1164
992
12188
33212
11003
28476
29862
38773
6602
30000
37522
27146
30059
36824
15162
25924
27
34613
10609
32479
33557
2147
21357
13648
37367
20135
9371
4041
28092
39269
23436
1586
31926
18446
15066
9071
7079
26917
4464
3769
21701
39722
38895
19759
7723
39287
37382
34333
17309
36865
37199
14454
3308
36508
35658
29537
25792
36256
37075
28641
9340
16010
11668
5468
12576
8906
21782
20115
37241
27940
27742
21113
25752
10359
33265
37232
13995
7751
6200
12997
19004
10824
25976
6663
39840
3099
11462
12048
10909
26528
11030
24233
30569
14592
722
17767
36797
31681
39704
17188
4718
39240
11724
597
21290
433
19049
1679
34580
7317
28117
37108
16639
39767
35560
8931
34722
20660
23737
14687
36112
35996
12962
19272
32293
13108
4515
5684
17631
29642
17869
17354
38908
10729
14590
33231
12967
3593
26903
26755
9999
25607
8981
35370
12220
18532
16291
12496
31306
28746
14809
26442
29289
32432
27196
10246
12440
3859
15772
15656
24469
27583
37473
30202
23402
31479
13462
20292
11842
5528
23177
35118
22700
6947
21123
15312
36195
11938
4487
19390
8651
12184
30830
3141
18361
28425
5991
2205
4023
29628
30164
27472
33854
23617
18419
500
7585
736
31115
36557
8200
35001
27529
24096
36730
33186
19152
39002
37661
20431
38029
11864
14519
1733
31516
37093
4865
28174
14286
15931
9694
881
2775
6297
39643
23034
1354
11335
38654
18690
1374
25500
39792
39463
26443
27672
21867
17965
17442
14399
25749
34245
37175
36062
14523
12976
18229
37197
20178
25562
21492
36086
9351
18795
18730
39930
33166
31406
2127
34611
8446
14503
35932
35978
13125
24684
5050
20223
14471
6885
2724
22771
8806
18727
28548
24309
17096
13919
29465
2581
27378
29381
13280
20824
14813
19334
37671
14133
27086
4601
35805
22165
26737
4595
30938
11879
35976
27932
10031
7050
11160
6737
9395
36153
18424
4188
25167
33995
9269
34396
14775
11423
27758
5110
34141
12300
32413
2075
12101
14433
12885
633
23024
15679
38428
37318
28297
4222
24508
2192
11095
16515
32932
12055
29932
24884
3149
18546
3360
6579
28577
33045
994
25089
15405
13366
17365
35055
20282
22250
20830
20590
24382
19802
36199
8822
7983
27537
38300
29572
26417
18635
31128
2527
8502
35555
22472
24792
32860
2607
2079
9617
7368
3642
15963
5605
16056
3301
10692
6942
37746
25424
37896
28239
16675
20676
1301
24467
28199
37249
5519
26279
30902
2592
20539
23866
12751
31053
18986
38373
2495
22511
10961
29139
39579
34116
35682
13214
27933
34297
23052
33348
14065
39305
4234
38388
9676
36409
21140
8012
1999
13327
17863
11378
4867
38378
12023
30092
4366
37437
18677
26328
29695
9118
22123
5281
26913
34951
2933
18247
31180
38459
21125
38395
13687
19637
38470
27184
16061
2987
22395
28212
10932
28942
27049
39101
16229
13895
23927
4106
37345
981
26165
19281
34843
17019
18301
24350
3736
19848
3875
29985
25074
13232
20498
25093
3748
38193
19488
28924
21019
4562
5274
31055
16844
29732
35276
29648
6169
38480
29173
20401
7691
6391
25109
23516
2633
6714
3917
20293
12691
24054
28146
9984
17383
10090
8910
1585
20561
13725
23668
34216
1686
6475
36506
17398
11182
9410
35986
7493
26599
39117
19071
20624
23692
9933
16772
38955
6237
21356
6485
13775
38001
25415
4872
33218
3270
21121
34025
22750
35748
195
24437
16340
34940
1008
9468
30495
11843
2718
56
9998
31210
3842
33924
4401
34311
23874
3836
30253
33060
5226
16355
3986
5657
6557
26501
32928
7030
13537
19425
6639
3384
5731
26779
9582
16580
20412
37499
22669
37073
22914
25835
22108
5774
31114
17628
28245
33203
33576
31360
27848
21223
35232
14313
8472
39253
23277
33073
20555
2432
23220
31601
30250
31954
35994
22624
38883
28688
10631
865
12426
33526
1831
3195
30226
21597
12613
12134
20085
28498
2525
24711
2389
12434
39849
180
658
5634
34015
27861
11896
2634
7906
25035
1749
36960
22388
18380
20393
6572
37600
13680
34781
19875
12495
6976
1544
5983
29048
4796
9791
38791
29737
18460
29714
23973
38481
10709
35484
26526
28750
16609
2778
17253
33558
9321
36659
5021
30177
13365
20456
7962
1071
12615
23239
2246
7565
33085
25380
36672
9012
30106
5751
20681
22247
14665
23171
36733
9002
27685
29009
2162
6197
13693
18039
15969
128
4443
334
31158
21026
27354
33663
28669
3828
10208
21557
16857
38938
35172
17509
5450
9183
14808
10063
3699
18154
30778
6340
17779
19493
8676
25357
4345
16710
17191
26098
37794
10898
33076
18062
3522
23049
17600
13138
8458
14615
6754
17814
3643
28589
23970
19298
19915
9137
27443
37176
5667
20630
6037
31774
15610
5636
4306
21618
2067
23383
39327
3343
39563
10430
28579
11609
24682
36353
19657
38440
19862
21583
23170
2023
9704
38936
28300
6182
14290
27453
17251
39718
36281
5322
4445
7473
37530
26051
24494
31118
11587
12102
18257
38250
16232
32580
6016
9602
22639
1300
1130
37515
26204
12648
11780
32352
22068
3373
9690
9042
6166
6818
21276
23040
17562
37514
31295
22070
17695
13769
31458
10977
13532
1652
11441
26272
9501
19718
28921
7616
12461
27158
8852
32444
26151
30550
19095
24703
12072
34387
26868
12056
31374
38202
9878
13991
28181
34077
21965
817
16511
19935
1343
33688
17730
5242
39154
38525
25993
27727
16933
3414
30019
22900
6909
35736
4379
19114
3682
34340
12824
9378
37096
36849
30299
18366
19940
36555
6994
31576
18083
3196
9285
1494
26485
38172
22166
32613
36481
4814
1916
18272
13804
9255
3911
20755
2478
17987
10234
8134
22595
26672
30266
13499
1959
32000
34599
32407
11755
31717
16293
36955
7141
28610
34036
20876
33200
10423
31005
4934
39267
29731
17487
19512
30866
25390
29634
21151
12213
13357
16616
30101
33787
30687
14308
31133
15705
11990
22618
15676
35594
24572
13055
31780
38601
38722
22234
31237
6789
3267
24680
8332
11506
22286
8024
30231
36946
36833
32348
3574
22372
38103
8969
18652
16415
11765
13542
27546
39029
8293
6528
4647
11297
38786
10149
17553
31695
13871
4458
38035
21625
5291
31871
29877
2753
31654
5576
38733
26239
3747
35912
7520
22777
35706
14350
27670
20976
17051
31449
10982
937
5089
27015
39026
32097
10350
12301
37793
3579
17150
11722
36185
17620
15761
11486
31989
22359
16146
8770
5665
38512
499
3704
32314
38863
37391
26987
22847
21727
28404
17151
39851
36225
29334
20836
37167
11770
5383
21016
10807
27614
4504
19850
27555
30235
37272
11885
37924
18146
4918
5343
6439
6436
35199
11365
27444
4589
21306
32573
8813
17700
6971
11015
8330
15280
33649
13234
16103
17608
37701
32828
12032
25041
17991
34266
2446
9735
18926
14509
19803
3947
35942
24255
12108
32155
39881
11841
25611
17572
33970
36127
15819
34132
38301
14319
15479
5048
1966
10759
36170
29363
17093
12890
23479
9276
25115
2913
30446
7137
36611
31381
31590
26738
19050
27938
6788
25673
936
333
984
9345
13167
33938
5179
33258
8410
1016
33724
14527
21465
24433
9136
9116
18402
20300
37469
6408
18275
2104
3980
29514
5705
16433
11606
10908
12682
35888
12600
39675
15607
29587
37141
9997
21297
31139
12362
16136
3989
8970
10266
18135
24348
25636
16135
18882
1701
36029
8279
4050
18018
33848
13143
7373
39350
29074
15578
22310
35365
36446
1974
17859
16158
1842
24909
8547
38890
9242
16508
33031
23537
39242
10412
1178
22605
30891
32859
10809
18526
19189
24871
37190
34144
27862
38377
9399
36394
19168
21394
25827
6300
4690
6638
1991
1139
19660
37205
20249
4579
31671
22609
20410
24673
39542
36948
23539
16011
4774
30990
29441
38943
38339
32030
36637
13661
39488
29420
10074
2032
2727
36994
29831
37545
10048
6401
15305
10974
3788
32665
12800
10146
17721
24173
19008
27879
26556
32038
34011
29739
11106
39736
22074
27099
21588
3317
30683
16398
28561
18550
912
15330
19227
8734
24462
27650
24181
39318
31130
17569
13224
20806
25004
824
10767
1065
19665
33425
26920
32287
10449
29271
33289
36997
23358
9896
20925
25198
38268
36179
827
17135
11436
11546
12395
27633
6394
3993
32984
26709
29636
19737
10948
7538
20426
22181
35776
5375
21908
20049
1770
34727
898
12189
6428
5146
33474
34450
25550
34457
2974
36240
16026
7222
29025
25410
30840
12210
10075
16119
25502
14316
18535
23375
14106
31361
26402
21824
22328
12936
12427
3225
6403
7149
36605
38036
15248
28352
32775
10702
17305
23566
15426
18441
34180
6815
17530
36260
12979
7683
30659
687
26900
22655
882
37363
38800
29914
20787
34156
23350
3479
8765
33315
12320
4561
1905
34190
16725
26495
35720
4119
16315
2618
35497
31662
27656
5606
6419
35755
18222
32933
7845
7449
19829
33508
35220
28932
669
28634
6892
6145
13578
22412
11808
14049
26519
26722
4695
20553
24102
20753
16646
2591
32239
16820
26949
79
3380
5780
26380
27679
173
34403
20871
29361
5133
17002
35981
19699
34158
9969
31690
20128
29874
33168
4823
23570
35213
17525
5567
9421
1929
29930
28547
32779
27204
2662
2765
23638
35589
9289
29685
28254
26630
10624
1879
19531
10011
1955
8222
24150
16905
39940
25347
3965
343
15069
31818
6490
16862
2321
991
14779
3031
8076
2385
35674
5694
28766
22903
34368
10254
4362
37691
5803
29252
3662
31004
15551
9814
38111
19406
19963
20673
17275
29102
3249
22883
30189
17664
5018
4593
9598
12971
29907
6093
1640
26775
387
9733
34516
10364
6035
32643
6707
24987
5217
230
7706
29407
27071
9579
4621
4415
19005
32284
34225
30555
27860
24832
33777
2523
1456
25813
37705
39413
25551
3838
18081
4446
8987
7128
27044
20005
34695
33370
18009
38098
9727
33738
5365
27397
12081
23646
36405
16113
13411
30472
20704
35431
24653
33062
21226
7830
11197
12835
19277
6274
5000
26793
34049
12448
1529
26412
9498
30484
39428
36834
11916
23965
33639
8967
16641
20061
5750
4882
14436
16410
9295
2528
8411
1552
6978
12309
32987
15183
28372
17139
2872
8642
38528
22599
8143
30360
10610
18399
3025
3094
17203
5127
21470
21124
37034
22681
11746
17871
20348
32794
23012
16122
2150
22227
13994
14956
38553
39512
6041
39001
1548
38711
22522
35591
17550
38458
1845
30352
21185
8840
39774
31431
38411
25798
25361
20169
31296
26476
25705
19403
1034
5366
26235
2271
270
26891
18048
26200
28966
27745
30824
9561
29073
37892
31260
33096
21754
32706
7567
7576
26224
6782
28875
6377
23514
13122
21137
16220
15614
32887
12579
8400
18722
31384
3829
18404
16603
20172
31257
24358
21945
34066
31960
33834
10815
29992
6768
38184
11766
17226
15247
36215
14482
3753
34044
29145
10508
24443
4470
24224
22691
30972
24325
17171
923
35959
24274
6739
19740
7401
5222
11411
20228
34891
4955
8175
8610
34383
20346
2362
24698
29670
8857
11304
39945
13435
27304
10960
6601
20760
30148
2381
22601
36905
17765
24362
29760
33951
20136
31805
28654
37712
19808
39814
8317
3739
28651
21371
5085
15554
39726
18749
8847
2697
13080
5046
33110
5028
36607
32322
2181
7037
12284
16214
6577
8117
6288
8999
4889
28157
9601
18286
14173
21742
9823
24998
2022
22653
15040
12711
35979
850
7559
18560
39732
3744
5120
21849
25506
34319
10299
2305
20159
31940
39899
4302
5253
3114
10797
20335
20953
20912
17425
8307
30894
18061
23296
6213
35787
39004
12638
35280
39916
6266
35019
19983
29283
22634
6118
13963
38979
15847
11220
27658
39987
12493
8769
18663
10336
36818
10217
3014
7392
28063
10747
15371
6324
29830
17908
96
32942
6733
27096
21915
4083
35838
32484
36638
19857
5453
11011
5134
2164
346
22241
10672
14661
6083
23491
32527
28962
8374
26637
26576
10173
30317
39290
32436
3371
10314
10121
14901
16911
14668
19571
28703
35318
13166
10187
23814
29055
16102
25368
11347
18348
18675
9031
5534
22410
35460
23154
25445
29486
5802
35733
6242
30650
20468
17015
1386
28977
37279
21953
33306
27211
34729
15158
24220
14911
1046
17580
13335
33167
30370
27682
20155
6000
5210
29964
22804
12201
29152
6358
26045
18836
18138
17140
19876
30083
19411
20029
1039
39205
20111
449
39956
744
6148
29020
367
17582
4508
35185
17911
37128
28194
33443
12366
13150
27943
31096
35299
26866
16889
15444
36259
20543
33896
8312
17903
5857
7875
7456
13670
18305
23700
2824
10706
23871
17416
26116
32384
23310
695
8731
27217
35611
36511
20863
1582
18210
35944
3433
18300
17796
8814
3047
6621
36306
3569
38379
6738
32710
14369
37923
12589
39060
16673
29804
15839
13451
8740
25017
9214
8908
36103
4055
12723
700
28630
9858
11542
17684
15144
16536
13494
20805
32518
23445
18766
38630
32584
5263
26863
19723
10167
33247
14552
13976
32853
925
24829
18779
7780
31235
32250
23633
34175
17615
23282
3793
38338
1138
21536
33989
19111
418
36167
13124
23389
2303
10746
31011
3367
26496
11350
18041
10940
26789
38439
12538
12977
3052
32986
4643
21210
34643
24193
23731
25249
34063
4841
18982
3285
9692
29755
8139
11034
7525
6322
8278
9942
35351
14521
38432
5467
34258
18563
21338
4789
16257
25476
21002
35987
29795
27776
11560
20297
27657
1798
8973
37074
39398
3413
32347
33069
6499
35305
38982
13799
30703
530
33483
37308
38241
11507
35799
26158
38277
2761
13569
34272
17106
15296
6254
26113
29036
34079
35636
31554
3819
7262
26730
29928
36757
26603
8424
23849
20710
35584
19219
1287
20599
34813
20160
20685
22421
33506
29292
3174
5782
26166
37789
13225
36530
3426
29443
26564
2093
4637
24291
17633
3656
33867
12907
34415
8645
26029
25707
2113
1217
34997
23455
27141
16066
7069
25457
7566
37179
11908
21511
21647
36589
9739
26952
11590
24025
35821
37284
35255
32072
34069
25134
32170
20079
14357
17076
34991
4636
33756
1946
31788
1997
32615
11524
31855
4111
30725
16607
6801
23733
14900
38219
716
12442
15980
35966
18715
4600
16653
8927
38782
12608
23156
30970
30207
4843
15531
21073
24819
29493
37418
35662
4899
15703
23312
28082
9140
19083
7986
19535
4249
11208
22921
30010
36184
38253
23480
23993
39124
1790
23624
22485
36714
552
13763
24336
25336
15591
8169
9741
15827
15281
2334
28929
28437
34097
6699
32428
2624
1556
29557
18267
14983
20532
5443
12767
13728
523
27127
5901
2504
3269
19496
24946
38292
11837
8550
32509
19388
235
10124
35918
5311
29599
816
18880
12206
3928
14736
19041
6986
37159
39806
32808
20422
11958
32103
29860
30408
8433
13391
21382
35189
24292
34935
31835
26853
1209
34095
30421
5469
15238
31439
22029
2308
29497
6880
37943
26984
9139
510
17500
6780
5735
25750
7779
9765
26491
39713
4247
18363
38349
27043
5718
9189
8658
21811
19834
6170
32684
37728
143
26694
1261
35777
21592
35854
29993
20765
11491
28986
33386
30850
30752
38372
1491
20550
24976
27903
26231
2149
38062
13484
32772
344
3871
17273
30661
20036
27202
39129
18653
6210
1742
33347
25342
38394
38223
26234
35388
4925
16258
8785
5643
23990
30756
37669
37613
37977
27337
26436
28506
31129
21831
19502
9902
14583
33940
22981
23442
26813
16230
26616
7402
16575
15838
38099
1429
36204
18173
14638
20604
5174
2128
5441
2973
27233
32002
4478
2517
26685
12566
20954
26594
4115
17458
11153
6464
17821
31504
30721
30285
19550
24904
18130
1227
8736
32133
17958
10660
11134
19606
181
34492
34948
27144
32627
7014
17741
20807
4677
31603
20565
30604
33219
15599
35346
6335
4548
17655
34812
38281
20391
38006
36319
10985
19324
28509
15986
13062
34447
242
31043
23572
5135
6625
4686
19805
21198
13987
38967
11147
15487
1659
21487
30783
25177
25409
7226
4270
12690
1560
6798
28001
31723
18755
9463
17024
37847
27024
16876
6766
29979
18848
21039
2237
34867
18740
11029
21093
32272
982
13882
34096
23781
25485
23161
24057
21235
18520
8963
31052
36189
13218
6949
39368
32500
18189
29778
38623
26683
12167
24635
5753
16391
17351
19231
30517
1634
23701
9322
22907
6898
11544
28980
22488
20101
12403
22110
1294
29504
21285
22818
6055
9929
28832
13317
30741
39954
38026
2966
9191
35792
24723
34753
38581
33785
30485
15442
10330
35295
10710
8923
24729
19175
4272
19700
7097
11159
36472
2230
7497
20583
2078
28774
30422
34598
2137
35890
662
13346
15952
11706
3180
28299
33089
14535
20209
1680
16092
10369
24981
34460
15167
29545
29673
10113
16534
36565
20175
36326
36837
20140
24668
7656
38665
21159
4989
27167
18694
13192
234
35311
27128
27769
29558
17752
31156
38284
34103
19585
9770
20508
28532
28809
29356
29711
7644
33586
2041
30787
37204
4474
38932
2347
27575
959
24986
5556
22684
23182
33963
9372
20367
12107
14247
39863
34735
35188
38677
5022
12561
36006
1864
26986
37979
34491
26662
25333
23504
16697
33800
19716
16077
37126
7068
5344
25180
24577
34490
13447
24126
24084
12585
4452
13441
23329
39522
14980
6509
10548
37841
7657
36116
23770
37220
38484
12829
37445
13147
15637
23765
19116
21248
27697
28508
18426
1620
28667
31831
13310
2816
27493
8542
21751
21225
13323
33836
1199
10044
33741
19939
11418
34466
39854
21417
20108
35026
7807
8473
23597
13289
15070
21373
812
17451
2489
33790
26829
34290
38935
22183
21030
39264
1048
26973
39487
36885
1012
2333
29342
14141
36904
1244
22297
32017
3841
2741
668
3192
25644
37537
15570
34283
27179
34038
23427
36571
8068
24035
36850
37563
8043
13273
23148
25892
19184
10250
1444
15771
22887
18215
22740
30883
32337
422
26271
17443
12540
23853
6537
32259
27538
38273
34279
9394
35430
4615
11482
6856
2158
37351
14145
10915
23607
5946
1314
19027
18171
26552
36974
39955
35090
6484
36136
25181
14697
29162
12597
6635
18703
14269
2674
7003
31700
35599
9615
34912
15213
32466
3740
21329
22332
36039
1656
19211
206
28265
24756
30973
39407
21320
21888
24636
39158
19366
17493
36364
38094
12620
20141
10757
24605
21243
36816
30048
33669
18810
1212
2493
28274
34965
6875
23994
39285
34669
27136
36343
26338
9141
4318
31996
19752
33727
5168
37521
25097
7562
502
36115
33719
38370
31663
29901
10290
37734
15313
14532
35478
31657
5861
16152
3194
28074
4528
7988
7460
4937
10407
34981
12530
39116
27174
17100
14847
37165
22301
25435
30129
38575
33456
29948
27904
34946
31727
36501
26008
18485
7633
30095
34084
2209
16566
38643
12340
1479
24128
34167
762
32365
10668
23630
39394
12260
17161
12438
4730
22335
8465
2877
20948
2734
39694
5136
4661
18492
14059
39174
17118
5525
22163
28621
19861
10441
36871
17968
29986
34885
12991
38396
4940
39219
30925
12321
14119
21118
6154
1873
13455
23799
30985
26311
26955
36354
24118
8423
17674
20971
29801
39719
2140
9639
26983
6937
19957
6989
8808
14727
30126
33856
28284
32299
26304
14769
11201
12235
15364
33430
12798
2355
33702
39019
29678
27780
23536
26622
6178
22702
9040
33027
37498
23259
9612
5029
22334
28109
30131
11540
15794
36750
31817
28800
277
27422
19331
30719
295
16506
35894
1499
12848
16633
22709
36615
15320
2971
11602
17772
23439
626
29476
2696
16727
2072
36138
17806
37095
5204
17511
20163
16674
7399
30132
25112
19747
36938
1329
2073
20823
10482
29174
29045
32991
29512
14652
2377
2044
33784
38697
454
18808
2255
9605
17811
11058
10966
31425
22636
17063
1362
33012
14159
33634
33900
8120
8998
12468
6741
11767
6903
8398
16422
7753
17464
13778
31908
8632
18243
25733
31049
16767
18031
3018
38410
27989
33055
26438
11978
3406
1876
24777
36726
22175
18252
13500
19916
18666
7699
23913
12946
14395
28854
38044
13526
15506
27901
13602
17322
1283
345
14210
2179
11139
23190
16561
5435
1743
10719
1626
22825
9552
39838
24092
30751
8587
12
35893
340
5842
13269
18572
8584
6732
10038
349
8295
13429
32344
23797
38264
2188
17646
6549
13857
8837
24606
2762
31866
4295
3354
12135
25809
9736
6673
33531
9647
17978
17058
6584
9919
21348
30867
6536
11909
36283
20652
1665
24290
19889
34836
14880
23962
34537
19230
3996
8428
25880
24959
5440
1826
20802
17887
15390
38813
33189
2706
733
16608
21756
1893
28008
9416
6762
38848
10334
33728
2530
24498
29641
38768
28992
20340
5934
38686
22531
19159
2880
31592
39660
30040
38263
16023
39853
38363
33981
37962
32923
2955
18331
7750
10792
37593
4564
35718
1147
30562
18892
5800
15119
32595
26527
1488
7038
25031
9506
23940
30278
1727
2894
1443
27610
26004
27122
23905
4465
37125
31372
9084
11973
32208
6365
15901
35281
35409
8900
16541
37156
10425
16522
14104
9080
11915
5754
23886
426
39486
30876
34356
7002
36081
16429
4502
12693
3012
32690
23909
29987
4171
21467
2015
8581
34169
3912
1783
8378
30768
14181
28042
33897
4437
27252
6712
11074
14679
18530
39707
35176
2861
20176
29963
37673
25186
1086
37756
16263
38852
4572
1948
34453
10561
28298
26057
31627
33309
32192
11370
9985
2786
20022
17456
35735
38942
20726
39991
35383
5931
13199
29891
27986
1532
19250
31809
6287
14500
6004
25852
28047
23968
25267
23508
15113
37495
15947
20435
1815
20237
22820
18736
21874
19376
35708
34476
9753
31349
10232
32285
6140
9505
33017
18236
32281
18830
38210
27995
7008
12245
33620
13651
8590
38880
14449
30022
24856
23510
14965
23980
9384
20572
8237
37030
37101
7489
8766
24911
39426
19266
20775
19794
17301
38685
8269
11396
20272
18774
15945
7134
7519
763
14730
4606
28735
14766
11327
33395
5352
36889
26932
28197
19023
311
12476
16784
4976
17728
3451
25532
22000
19774
31010
15796
2003
34809
629
28456
23233
11371
23388
37836
14910
33670
16483
3867
21935
4751
9504
23112
17703
7922
27572
36924
27088
34658
34099
6245
17843
32729
27281
19459
21683
25717
2136
7759
16966
38108
5416
35335
37266
12713
16550
15657
1925
14169
30813
38348
38071
38827
18796
33140
32139
35177
25290
3873
39256
13608
25965
13510
1187
2680
28680
8685
15633
1347
21215
18481
3833
19435
22145
5604
16894
10743
20535
3120
30540
28034
3680
36817
14674
15939
28543
23387
30753
24470
12474
25884
21096
18751
37468
16806
35639
13392
30258
39688
38771
4163
27246
13501
26918
19086
3887
2889
5333
34291
12326
8475
14478
35139
28646
1493
23750
19879
807
38251
38510
7145
29489
2755
10053
9192
20224
38506
29094
5909
23462
15842
23971
36573
29717
16625
2864
13904
21055
2536
10259
7424
5067
34778
33832
37957
5905
615
36657
8771
27600
25870
2095
18800
16581
31248
20030
7727
34267
22853
7036
17795
8429
33656
30155
34341
22383
20364
18590
12563
24197
10648
7898
29092
17791
15420
24320
38191
1951
25897
11559
29163
35515
14121
19466
6671
23139
10110
3648
17546
20721
33882
30336
24252
35929
35328
19417
10084
1161
12350
34057
3673
12909
20372
28304
9988
16807
8072
38732
37709
5090
35937
35422
24865
17857
17183
27134
25785
9810
5117
29672
36591
11674
14377
2340
13840
23222
35815
37021
21816
22762
32638
30013
38390
18020
14087
7664
30608
1927
23013
26912
36697
24827
34215
14688
32076
10147
29214
12146
19682
13241
18165
6533
27399
21385
8778
29316
15260
31966
5565
14972
33797
22431
28180
10133
22572
15785
7339
30923
18116
10736
30921
2839
21086
4674
1202
29198
4371
39339
24977
8697
35150
26525
15401
10556
10608
33892
18806
34988
14132
27330
29357
25194
8392
9429
35887
16179
21107
13892
36333
6932
39383
10845
26566
25623
9884
35459
34860
1741
2396
7832
30872
27241
21449
38761
8673
3022
17962
28583
32563
36541
9951
30708
18942
24531
3562
34172
25067
39508
36949
12117
16095
22366
31537
33968
9730
10584
18324
7258
16587
10111
33239
38475
20605
7310
20355
6735
26302
32302
30707
16792
6198
12466
31476
23924
6776
6764
25964
38974
16347
12178
3773
39606
26689
11627
7478
15427
23328
6309
32599
16645
32410
27159
419
16774
29872
2884
20857
37752
37079
5903
38892
21865
14122
35928
5527
16976
34552
15563
10264
20409
32912
23403
27006
1977
24546
7022
25048
27004
33950
20798
1990
30774
24086
34399
26283
7157
34967
8867
16613
22088
37708
11987
11511
34797
15115
33885
5631
33858
27432
11434
24072
3746
14186
13176
22560
33514
20480
11432
5553
28471
3722
39797
19866
10253
16091
10261
36921
17440
22416
35517
36880
22698
7308
27534
35425
30178
39273
16444
3861
34054
19933
18209
34327
1296
36233
2681
31177
28848
28021
2544
9837
14728
14920
32996
13005
33549
5084
1062
1338
309
32471
11623
28051
9482
8512
37342
17460
27738
10211
31269
19210
4375
30077
12898
24612
10773
17732
19478
6155
11968
34714
17763
16106
28829
8135
16958
31246
5380
9095
23557
26688
10594
13801
21671
12105
21164
39652
13899
1707
33782
36826
2371
12370
8027
30630
11284
31719
10753
32810
4786
8002
21778
2486
8324
23897
562
11840
6841
6950
5810
7205
38631
23331
26375
20010
8704
25235
682
31860
315
14621
28655
7773
10573
34736
10372
14892
1438
637
