1146
100
66
20662
8271
19615
10341
17508
16343
2442
74
5843
298
13406
3414
7417
13148
21328
8399
3550
16490
13083
685
9296
5068
2952
7336
17149
92
10903
3936
6832
6598
712
4137
17233
248
10837
13277
15165
16764
17344
8188
3885
10747
19971
2909
19201
6999
20546
456
8219
16475
21366
20176
8208
120
20615
7133
15247
124
125
4714
14896
15292
9392
10943
10674
8108
14367
3032
10840
3406
10386
11415
7961
2235
4530
13382
143
14682
15057
257
9438
9355
21629
8938
13317
7652
5628
20156
155
156
8474
158
9311
405
161
911
18740
20345
8230
119
167
1207
17241
1239
14230
10195
12696
174
1257
9287
21301
7531
179
16613
15841
7243
21301
184
7578
10323
11173
20202
189
190
191
7202
4657
8218
6936
2901
8974
198
12316
4780
201
19187
8276
12197
834
18545
207
13804
3252
8502
9315
212
15976
12584
215
216
217
20711
9721
19535
221
12666
9190
97
13468
226
13834
15354
15741
6543
11541
17894
233
5438
21683
19379
237
5472
3267
15315
9485
18685
11412
18677
11117
8130
2203
3952
21449
5722
5047
18861
11294
19912
19244
8607
7389
258
2632
9409
20000
262
21409
2384
16897
13296
20201
17214
19948
19559
20939
11918
15654
10333
10717
5815
277
103
16886
17272
2726
11147
777
21164
16089
6997
287
11118
19815
19420
9631
13747
20436
19898
8324
296
297
298
7790
300
10586
11922
303
2555
13272
19929
8333
1822
9678
20268
12213
15348
313
-1
2007
17922
316
10289
21010
19945
18011
9764
6399
323
634
17121
326
7515
19053
1310
8657
11197
332
11890
17031
21393
974
10904
338
21197
2681
2696
342
8634
11035
3417
18741
9696
652
17374
16125
15207
16488
12288
8887
5799
3543
357
12120
9926
4924
361
14527
537
6990
4951
19425
4635
16816
19793
2795
10184
5466
3300
5733
803
10322
171
18209
6442
13668
381
9661
3030
384
385
3701
8761
3420
21141
15830
4580
21079
16674
10811
15239
16631
1125
10985
399
11185
401
402
9887
404
405
4560
19857
5630
13438
3570
13244
14477
20238
17561
14620
12722
12757
18483
14357
20481
421
422
15808
424
10780
15613
19982
13645
1384
17607
19050
16160
17930
15942
435
6070
4865
3351
439
440
441
12204
18735
21923
3730
446
6767
13472
5885
2639
6297
10065
21329
13478
8133
20113
457
580
4408
13239
461
17368
5021
21829
12320
9644
12859
12108
20120
470
1565
12655
473
4869
475
21336
1065
17023
15220
15134
11765
9791
3504
5549
20998
15684
20252
15148
4463
356
9205
21498
493
4364
495
533
2679
540
1055
13492
6393
11985
21883
14293
21901
11029
507
20444
9927
13230
12916
21130
8902
14610
17903
16865
517
518
519
520
12509
7622
523
14325
15971
526
5845
16349
13998
18153
5548
16423
15447
5651
19965
6327
5402
12773
21336
6425
13899
18395
543
1167
20130
14951
7026
14554
18431
7281
18503
20629
959
554
555
4623
14619
18146
20367
17980
12977
13734
4904
9035
18533
7727
567
9754
569
592
571
11421
8314
19343
19054
8580
8659
20480
111
580
825
9533
5921
6315
20416
5781
8739
12977
15305
19607
10316
7308
10538
20764
17136
14518
11796
2888
13500
14142
601
17179
603
8643
6357
13926
9428
14493
5735
10963
18208
8523
598
13160
19164
6473
4652
618
3658
15059
11934
19920
19394
6158
134
9039
12567
628
629
630
631
3746
3115
7878
14687
636
5772
6958
13226
1866
4381
642
11295
7251
5865
2340
2184
4459
649
650
21312
18110
2490
13429
655
656
6396
12094
12150
7707
2350
19773
19182
664
665
15606
7221
16257
669
6872
20936
13469
7562
8394
675
8598
9124
5253
21008
680
18835
17755
683
17831
19588
11732
7317
688
12388
690
798
12058
6191
4855
695
367
1759
698
699
14055
19881
17334
3707
16249
15440
706
3630
1273
4239
16448
21439
712
713
13377
16669
11736
15037
8189
3188
18913
3921
3053
11098
6564
7539
726
5254
16946
12882
10898
3035
5457
14536
15092
16296
6171
2231
12226
443
7481
16263
1166
743
3359
745
19652
21697
16469
10207
17475
751
322
753
5678
4107
571
18563
21538
9321
19387
3386
3941
11371
4366
765
3069
767
3910
7862
21761
5713
3993
773
9042
20549
6080
20132
778
21698
12939
781
18138
19385
20842
19068
21764
5980
17458
4199
18092
5000
7391
4428
13462
8055
18119
1506
19777
9331
2398
12701
20522
20727
8392
805
806
807
17298
19800
810
811
5161
11237
6388
8977
17525
15329
10016
819
19633
9187
17272
19048
16663
601
15641
827
828
4283
830
10228
832
13437
19096
835
14549
837
3080
7286
840
14743
18198
7544
12150
2467
18381
847
848
10791
850
12628
852
853
854
10425
11251
857
5313
14367
18236
5400
18054
4056
19122
12071
13626
11168
10155
8225
9565
3323
17416
13844
4328
7267
3793
12322
878
879
13360
1669
882
5313
3904
18749
14028
20056
8456
20578
7665
15571
10282
893
11200
17354
15730
13727
3830
3031
900
11664
1542
9360
6398
21212
906
6345
908
16268
1880
16069
12996
913
18799
915
15656
12631
10991
15526
7204
8954
922
8799
16701
14234
14929
7781
928
929
19366
3852
932
10027
5226
14401
936
937
88
8319
12780
941
10409
19283
13873
11060
13839
12194
11296
18773
10458
10655
2102
953
2137
19178
956
13835
21287
7095
21008
9829
8546
11371
12507
21067
966
17484
2876
5017
2881
2400
17788
15601
13603
9255
9045
21345
8700
18994
11805
11313
16389
9526
8524
5538
16950
19840
411
8734
10229
991
992
993
1946
7711
17819
13892
1761
196
16182
14439
13816
17717
2786
18213
2711
10269
13124
997
8172
7517
20548
20306
1500
21511
12172
8089
9628
1019
19168
10180
7888
3776
5369
1025
10695
10752
3505
3023
20805
1567
1032
5871
1034
19706
17044
7885
1038
1039
1040
13297
18566
1043
9185
3039
888
3995
8231
18257
8209
9568
6497
1053
1054
18739
8825
11589
17133
12915
1060
2085
1062
12385
18194
1767
15900
16429
12456
10282
5395
1209
1072
5720
12078
1075
17989
1077
5014
9982
8194
1081
1980
12622
14984
15876
12312
10566
15724
10468
3916
4510
1092
10878
20928
20563
11738
11652
2317
9100
13704
1101
2065
17995
1104
2933
15458
1798
7982
12408
4851
3841
15271
14756
1114
14032
1116
10397
20954
9539
8246
14150
1122
1123
5751
3941
1126
13798
21200
4094
13396
1131
1132
20173
4643
17552
5909
6038
18346
12566
1140
10915
1142
18490
1144
12363
5535
10016
17482
6065
21975
6575
197
21659
8572
17372
21666
8693
17637
14317
15568
17432
1162
16685
21679
1165
19588
16462
1168
15400
12129
1171
4278
15750
5301
18718
7306
8977
1178
2648
15768
6168
7439
21754
7038
1185
17087
9990
18265
2646
18350
9923
11951
896
4973
3084
3040
5367
1198
17999
1515
7100
6292
9946
9475
9753
5643
12424
10911
1209
2547
1211
1212
1213
14870
3127
12285
1217
11142
4699
3639
1221
17163
1223
20410
7429
12827
2849
1228
3174
16355
16717
14434
11513
21457
1235
93
1237
9041
4579
8585
13034
13930
3942
10081
16780
4819
7637
19018
7021
8088
9693
18935
13861
15909
2105
10049
11131
12073
5628
4326
10915
19936
4333
1264
8811
1266
8472
19022
2241
21268
1271
2204
6031
143
15874
12521
21646
17581
1189
18212
6561
1282
1555
18617
12203
11282
11244
17238
15934
15527
2864
12101
1293
14536
1295
2748
16337
19881
3956
13183
4959
15876
4888
8068
5636
10679
11604
1308
1309
14079
2340
4792
17666
16208
15329
2895
20648
7005
15982
4276
17432
1322
12241
8867
3211
1326
1327
11514
1329
9647
1331
1332
16360
4258
5482
14918
8428
5308
8549
21789
14138
154
11353
1344
5773
13765
16743
7866
19116
9295
11383
1352
2091
3688
8460
460
486
20502
16694
21900
1361
872
18034
11836
12747
15143
6705
4024
6535
1370
287
19451
1373
6049
14752
18665
9432
18972
19232
11474
15501
1091
1383
2063
6341
21379
1387
2373
4332
21743
1391
7095
17657
8227
18928
10832
17829
4063
6486
21862
10619
12824
6938
15116
9122
1406
19073
20213
13406
1410
16751
5479
16027
908
11227
1416
16848
1490
20786
9972
19410
6469
19959
13142
6870
2933
1427
21316
11246
12821
13969
16619
18476
572
16437
1436
10414
1438
1439
9566
2696
3295
1443
15546
14341
1446
20041
20568
1449
7983
6883
13017
5323
2152
4293
15964
6446
13628
2977
21511
3996
5035
72
14632
9916
4679
1467
5238
14322
7402
1293
10069
1473
1522
18752
5058
1477
20752
3394
11148
17058
13671
6169
15820
17177
14623
12225
15203
13560
18336
5280
19231
1493
7049
21666
2215
10459
16227
6421
1500
17973
946
14498
1504
20506
5102
21675
11638
1509
9387
6602
19099
13560
16139
8101
7191
2323
16973
4467
17505
1521
1474
9796
19105
14715
14101
286
16286
1445
20544
6711
19879
10648
18896
1473
11495
18220
7343
5809
6802
11731
13487
3020
11883
1545
11702
9026
18299
1549
9437
3223
21714
13469
20785
4400
1556
1605
9716
21981
12487
14607
14972
14804
12099
9566
17909
1099
5108
8967
1570
1571
1572
14917
7755
1575
1576
13627
8915
12912
152
2235
19197
2366
12669
7933
7994
14313
1588
18379
17181
1591
9210
14560
7227
1548
1596
12332
1073
8372
462
3430
21317
1603
1604
18877
11062
19420
1608
1609
20246
18476
21547
1613
912
9802
1616
20027
17658
8332
19519
18596
4359
1623
4286
1716
10763
14487
8833
12604
13631
18870
9445
1633
20882
1024
1636
14797
6530
8971
3938
17465
14753
1670
8653
5177
13682
20469
390
8639
874
8440
18288
1653
18789
12854
7529
10321
11026
17139
1660
11475
1662
1663
10960
7223
11265
14686
16009
6871
18051
2828
15600
19100
7728
7454
10078
20429
1797
1679
14538
11933
9604
15466
5814
957
5288
14379
7268
1689
19135
1691
11433
1693
6533
1695
16151
14825
7769
4130
13953
13856
20850
11757
6816
1705
14079
14727
13784
4999
18212
7104
3252
18081
860
2716
3283
17092
959
5065
6160
1721
1722
13346
1429
1725
1726
13686
20397
12963
15399
9150
11748
2078
9972
14566
12434
690
8767
4250
11739
12607
15022
8637
9888
2891
389
1747
20699
1749
8453
17077
1242
1558
669
3752
1519
4166
9270
8560
9652
13683
1434
1763
12905
19003
5510
14318
2576
7725
6879
19676
16452
17237
6941
12553
11002
21712
1778
20959
8175
11712
13678
13484
4793
14002
14947
15864
1788
7874
1790
4781
5593
19244
18131
967
3283
21368
1798
6459
6874
16841
13190
12099
2880
7503
3200
11709
18400
17735
1810
21323
18061
1813
9576
902
1816
1817
5854
7151
5308
1821
7429
1823
508
1825
15125
2600
9032
17746
7357
9280
4998
16766
1834
20445
21596
14498
20922
1839
2155
1841
1960
19225
7029
20552
6905
1847
15826
20451
9638
21244
3895
2620
1854
6501
7576
2848
6926
10033
5178
4097
1862
21053
12439
9915
1866
11652
1868
8588
10121
555
790
21004
20864
9250
13564
6616
2665
2470
4018
7161
1882
3534
8865
6768
1886
15660
6788
13257
1890
12555
12754
16335
16604
15487
3212
16677
14824
5015
1900
13466
15256
5627
1904
14757
10754
2163
12950
3456
9003
8725
11582
10399
20941
1915
8530
19719
16110
7702
5776
12497
18810
10075
15797
8159
5921
20583
17985
1598
19682
12894
11457
19950
13935
17603
9490
7830
18838
20625
6785
9017
1942
10387
1944
10538
9149
1947
9828
7255
1950
18596
3298
9554
2448
18983
13114
15939
20774
115
3243
5995
5901
2321
1964
2983
1966
20405
1968
1969
20080
1971
13736
1973
18174
17544
1277
17395
1978
14107
15777
4681
18294
1983
12548
17710
10698
6991
4972
19742
7825
10074
11281
6407
17275
10025
1996
21944
3270
9452
2000
2001
21510
252
19565
14891
3433
7347
1903
19514
9020
3145
1721
4619
8658
19989
3349
12794
20199
7911
18181
1310
11928
16123
16516
4914
2026
2027
2028
21640
18433
2031
9434
6509
5282
3482
2036
9955
18455
7670
20958
12471
7939
21578
20757
2045
9108
2047
2048
2049
19097
20806
2052
2053
2054
2055
12656
2057
15731
2059
6470
20315
19418
12305
2064
9034
17427
20306
11678
17511
21494
21745
10537
20630
8199
3862
3176
3031
16956
16264
6005
1634
4047
14894
12185
2085
18324
2087
3805
2089
4468
15568
599
11975
13078
5925
11172
2097
6349
6387
16562
2101
16060
12653
15425
2105
7058
16893
14187
2109
11968
17621
18352
17817
2114
10763
6363
18705
10322
7387
13955
8574
4565
1161
997
2125
2126
16093
18247
2129
2130
13733
375
6332
12017
4706
16767
20056
8499
16637
2457
4052
20265
3565
15930
15776
10046
20159
18618
2149
16154
2151
19387
21512
6123
742
14258
16372
1862
1709
5278
4506
2162
2444
13681
11083
8609
218
14340
5206
21238
13952
15417
20843
2174
6246
4758
2177
19934
10274
12776
17760
2182
7063
18997
10748
2186
18746
12894
21056
856
18167
233
2193
6138
20286
3147
16548
3404
4599
2200
19316
3356
6707
21474
124
14897
2207
11503
1530
17898
2822
4224
16625
20614
17907
19120
21778
11480
2219
3208
11457
16285
12756
2224
8204
2226
6389
21728
16495
11669
21266
7752
17046
18091
14737
19230
2819
574
13123
13235
14369
7889
2243
6754
2245
12238
536
5748
2249
21254
18894
2252
14742
3293
4006
5520
19326
2258
10697
11278
6522
1221
1232
9767
15001
21789
6128
2268
20261
3372
8990
20892
9523
6355
2275
2276
2667
2278
2279
4840
1706
2282
2283
18933
16641
2286
8237
9921
16258
4098
16525
12645
2293
14631
20555
17299
20504
11486
15167
2300
12147
2302
4731
9203
16426
20487
9174
775
11438
8974
4840
2231
21440
13344
16245
2316
19968
13062
18600
12944
17000
5469
21813
5475
18697
3645
2685
2328
12644
17893
2331
3433
2333
17998
2335
4049
20386
18794
18159
11917
12616
20408
4463
11302
19821
4874
19681
14039
3998
10044
14925
16623
5293
16614
6566
4728
15966
3353
4096
12405
2361
17991
6138
4164
2506
2246
2658
2368
2369
2577
17940
17060
3217
8558
1592
2376
7655
10760
19852
13743
2381
2850
12428
17268
1562
3570
8500
7789
7255
3892
9980
2392
17050
14857
21981
9999
10702
2398
9152
2400
8778
20617
2403
15567
2287
2406
17598
5372
15484
2410
4548
17046
14676
13121
2302
9743
14181
2418
17659
11573
9883
7376
11710
7671
15340
14719
14967
1138
7685
10657
15651
16079
19166
10186
4361
11879
20076
14437
2046
2440
11054
18274
16546
14402
13838
2446
18435
5998
19824
4970
18284
15818
2453
16372
2455
15481
2457
21002
2459
2460
2461
2537
2463
15019
21062
17665
13417
14046
8987
4974
2629
16832
2473
19074
11145
7615
16975
2478
553
575
858
9633
6506
2484
883
6354
21315
20889
2529
8915
17228
2492
8689
11954
10165
11937
1120
4744
77
4927
9673
7902
21614
5523
2505
20411
18340
18954
20500
18407
2511
20052
2513
14955
10123
16491
4521
4426
12466
3608
8040
14701
10141
10401
11688
17288
9215
20305
2529
2530
2531
18313
2533
6895
3378
5828
20115
15762
17767
4818
14053
17384
21575
17228
9219
6366
3760
10891
17306
2550
7078
2552
800
938
6855
15854
20188
16895
6228
1993
2561
1502
19776
7156
2565
14437
17387
14280
20891
13802
2571
8997
17361
4034
8866
1129
339
2578
2579
2580
13071
2608
15022
19514
16085
16619
8039
8227
2589
4349
19816
21442
14008
2934
435
7583
3294
2598
2746
13174
6757
2602
2603
10147
7232
21834
3418
12431
3544
12099
9248
15021
1668
17291
6086
19923
21737
14171
6137
13886
1745
8802
11337
9559
17066
11978
12230
13111
21856
3734
15641
17218
14432
6557
7430
4242
16921
12104
13166
21528
20765
2642
9794
19755
14561
5261
21380
18921
2649
5088
2651
5071
3438
18546
6002
8330
7198
5915
9691
21988
17960
10191
7974
2664
21864
15545
12363
17387
8170
20791
8177
20272
2673
11315
4228
17686
20119
20196
11461
1642
4751
11622
15611
18597
7360
2686
1217
11360
11688
9447
20070
19556
2693
2694
15671
2696
9031
2698
7225
20243
2701
19268
13824
13487
2705
4086
9709
6828
21224
12272
2711
2712
11183
7037
14895
638
2717
2718
5531
2720
11886
7508
6277
9089
7094
21125
4016
738
1873
19951
4926
862
11981
7778
14296
16193
8577
15209
17935
2740
18461
4821
19602
10177
20836
16328
2747
2748
7579
14119
2027
8656
2753
9490
4152
19329
5848
18496
17526
16030
8069
16367
3625
2764
2765
2766
2767
19549
9905
11678
15780
4779
2319
16474
18090
4392
5068
6536
21116
2780
5773
6371
21277
458
14055
5461
4817
21321
2789
2790
4888
20577
10481
13067
11998
16180
4750
14933
4908
2800
7877
2802
2088
5105
11058
18344
3652
3923
4529
1971
1415
8357
20260
2814
9308
4771
16374
2818
14197
899
4443
14528
2823
9365
2825
11993
6595
21447
17941
11436
3628
6438
19834
3239
9744
17199
5229
6614
3490
17842
2841
1909
15509
9488
1155
14262
13887
9509
4998
15551
2211
3513
11170
8511
19264
8877
4056
16295
771
3594
15249
9988
2863
6906
2865
7074
9111
10616
17471
13329
16940
6464
2873
16834
13180
19109
5936
7981
8437
11819
481
9816
16652
5002
2885
2886
17559
11577
12315
3371
11984
12640
13247
21445
8950
920
2897
18980
163
11574
20148
18124
2903
12936
2175
8426
3469
4923
5804
7078
2911
2912
538
7006
7724
15480
6395
18347
2908
2920
11924
21808
2923
21055
7525
17672
21191
20611
21504
15180
2931
7242
11467
21279
2935
11495
2937
2938
9552
10660
9078
2942
20468
13243
10407
16103
7782
21355
15947
20540
14678
18192
12395
16430
6333
16781
8764
17858
3974
20993
694
9201
12085
2445
18111
6273
6007
12240
2969
2798
13379
2972
2422
7712
11245
2976
18554
15621
5090
15937
13129
2325
4327
9648
478
7721
484
5688
10115
13330
18240
21846
1382
14208
10634
5262
14781
17248
18697
2963
15895
6310
16644
9043
955
697
9902
19470
1301
14073
5976
10958
12476
3014
3015
3016
19391
17474
9892
4580
11984
7288
9046
16188
11462
5318
20242
3028
1960
5969
2710
15376
17356
10938
15510
3036
3037
3038
2805
4674
9408
14912
12303
8407
7826
10780
1239
18673
15548
3050
2080
9785
11472
3038
764
4214
9173
21007
3059
14877
9663
10274
8718
16478
3065
12114
2813
19377
13804
3070
10740
3072
12331
14616
15274
1238
13371
19538
5513
10916
13697
10941
17307
3558
11021
2353
13563
14815
15784
12273
2477
18160
1603
9896
17349
12805
14776
3098
3099
10504
721
18949
7936
3104
8672
20171
12011
20173
13212
3966
13839
5255
21565
3114
19094
16362
15267
18959
9668
13625
1220
4970
17418
3124
6760
1013
12744
17109
20327
8803
2813
9967
556
3134
6545
19374
17110
21775
13475
3140
3076
13395
13140
3849
7398
17829
13160
4501
6267
19299
7481
19571
12864
11280
8333
15519
17137
16726
1206
4552
3161
3162
3204
3164
5095
12635
3167
19266
17084
15351
11056
16673
10828
3174
5317
1422
6382
3178
18121
20228
10495
6028
3132
2886
10312
19205
17660
14583
12844
2017
18381
1027
3193
3194
7811
13595
20483
7544
8748
3200
10157
7072
14863
7622
3205
3206
7337
12066
3055
1581
3211
12022
1454
3214
3215
11202
7113
3142
676
9194
1219
3222
16159
3224
3863
14344
8825
14703
17147
11054
15661
13630
8480
8379
3235
18225
6639
20964
16593
13159
10110
6275
3243
10594
14536
5741
21736
12634
6558
4804
16239
5041
3253
15324
199
421
4508
16344
1656
15184
17662
13893
3263
4731
20693
3266
13263
10596
3269
8859
2204
16695
19430
21377
20376
6771
376
20535
18035
16601
20687
3282
9223
20395
20617
4470
2811
12233
17985
131
7698
13724
9337
3624
9155
17441
3297
6508
9486
373
19018
3302
20359
12779
12535
693
19790
12281
4252
3310
19658
15944
15770
12430
21589
19728
7772
13944
3319
19486
3321
10234
1437
4922
3325
11447
20924
14301
20648
3330
5052
10076
3333
15725
9942
21377
13101
21565
11537
21405
5867
15099
3343
3344
3345
13154
7050
20306
2016
8896
11428
3352
2334
5310
1833
11802
3357
16639
3359
21141
16043
18406
20103
19445
17020
17846
15896
3368
8252
3370
19095
11845
18482
8702
10384
18724
11060
3378
3379
5731
2192
15339
21352
6680
16831
17722
14622
12280
3389
3390
15975
3087
6646
4334
4514
6630
8583
20621
18964
11480
11674
3402
18528
3404
7660
20155
7623
11829
491
3410
15679
20616
17441
2073
16411
3416
12499
11524
3419
14095
9376
4448
21967
5203
133
18493
21731
9418
19985
3430
16241
12456
2332
1644
703
10044
5948
1003
3439
870
3441
3442
8593
12301
11304
10060
3447
16462
17905
17996
6900
10152
7450
14960
17661
14845
8140
3458
12544
3460
19532
10660
3463
11820
3465
3466
7895
3468
8400
18658
14851
1251
9193
15768
11859
3476
21460
11652
3449
17432
883
3135
12404
1627
169
7514
2290
15649
6609
14506
21377
2398
3904
15980
18586
18685
10387
1588
14351
18802
8899
17204
14635
15217
20723
16844
7518
5783
11254
21835
18921
5847
14954
344
3515
21955
10724
4835
3885
15898
12034
14143
14770
5874
3525
1085
3527
15869
10810
14887
9350
15309
3533
18022
13223
19845
7394
19693
931
19733
5198
18386
7733
10261
21939
17648
2101
9280
14696
20726
15881
14526
14997
440
6863
3556
3557
3558
6527
12969
10886
13005
19057
4535
19942
3799
3567
1915
12951
16542
1014
9062
15950
20210
18344
8728
15386
14749
9621
15364
1745
3582
11555
9396
3585
7593
21811
595
10158
3729
3113
6643
9710
3594
13780
11191
3597
17725
3599
3847
11661
10059
13435
13966
8291
19277
2568
19275
3609
13671
3061
4728
1254
8245
16870
3616
5752
16300
11969
1041
8659
5443
12623
2597
8174
21574
3627
14189
6284
5262
18805
8065
20320
4259
21559
14913
11746
21871
21257
17458
15437
10074
314
14339
9865
20479
192
12380
3649
2605
3651
19839
14084
3654
3655
15467
20619
13194
13610
20037
9542
10433
3663
20657
12381
3666
2922
13517
6652
5138
20075
2754
2378
10710
14825
3676
16943
9075
6769
3680
10849
1933
18399
848
4546
9251
134
4068
3724
8253
3022
3692
10990
3694
3695
3766
3697
19449
16816
21464
21237
9986
3703
9345
526
20241
3707
17436
20008
16100
3711
718
15941
9963
15292
8848
5645
13586
3719
8170
6226
14420
3723
6633
4091
19185
16678
13676
1165
19788
7879
3596
9220
21270
2035
3736
11642
3738
14296
3740
12388
15406
2415
10211
10746
1986
19866
8549
20682
8211
3751
17785
1088
16415
12964
18258
15475
3758
14867
8008
18239
16458
3763
19098
3765
8264
21704
18303
230
6535
4814
10143
4547
3774
1465
6133
16368
19617
3779
4831
2299
3782
162
3784
3074
3717
3787
5624
12637
3790
21574
19540
9415
14251
3312
21825
16078
846
20031
1742
11181
4336
18101
11256
3805
1710
3807
1820
9088
3810
3584
5751
15174
11132
18349
7055
3712
3818
18548
11359
20398
16441
3823
16876
8786
13754
11693
8826
16625
8885
9498
7198
6140
11991
5122
5139
13000
7902
2259
1391
6826
18880
3843
16326
3845
3846
11015
16818
17166
12146
11890
3712
13947
13339
16024
12156
4272
15777
3859
13991
3861
213
9712
15536
18944
21491
3867
17524
19033
3870
3908
11980
10396
19090
19008
18830
10243
3878
3879
9123
19895
19211
14989
3884
107
18399
3887
2016
18731
4444
9718
5941
16633
6516
17100
3896
16502
2889
3899
19916
15687
3902
9450
21438
18073
11373
3907
6235
4621
17473
7844
18151
3913
3914
20853
3916
3917
12692
3919
15930
17422
11135
18995
21401
15431
21699
21448
9439
3929
17547
7333
2817
5507
10772
11019
2579
2489
8524
8022
15720
19650
10515
20235
13937
20681
5045
9983
2040
724
9226
3951
20868
5606
2888
9077
17503
20655
2193
3827
3960
12252
7473
2808
3964
7927
3966
11448
3403
20599
7247
3971
3486
10361
21475
12839
640
12469
848
4038
17981
2613
21277
2848
21481
14142
7425
17505
9127
3989
2154
10219
14767
6283
971
11384
3173
20862
15845
2762
4000
16746
14800
4003
4004
4005
20425
1676
19306
3583
4010
749
3274
11138
7389
5997
154
2729
15074
21972
4020
4021
21211
4023
9393
9334
5782
9706
15254
19750
15439
11822
263
17797
15846
2371
11471
1753
5529
19147
7325
1940
21759
4043
4044
15522
1779
11517
3004
6487
10630
877
3217
17835
17328
18211
898
2235
541
19058
2953
17070
16433
15905
13018
7313
11392
18776
8237
4069
13127
15937
4072
12908
4074
4075
4076
5540
4078
14790
11468
4081
4082
11199
13930
14238
20756
11654
20176
18686
5849
1118
17342
4093
4094
11593
15921
104
21325
6156
19793
10420
5274
16624
14910
10624
4740
16896
5056
7465
2703
4111
602
12109
9020
6696
4116
14134
4118
12746
4684
4121
12301
11514
1934
15278
2653
6276
20722
11207
8017
20678
15081
18413
6422
651
9371
3942
7263
18391
3176
321
4142
4143
10622
6537
5609
17366
11767
4149
12329
9196
9052
17717
9679
9688
6087
165
899
5737
6616
14522
13397
11175
14909
11877
7523
9901
6973
4492
17723
3518
10354
10756
15277
7736
17931
7093
4833
218
5841
17158
15609
13699
4184
4972
7215
6238
19130
1771
384
7744
18263
18069
16359
9861
19990
4197
4267
3056
14681
13205
456
5040
21248
11631
2759
14987
7986
15318
4210
16322
4042
13759
10309
10705
15451
9874
10779
99
8647
18496
17307
21371
1848
5366
7715
20676
15237
12793
20484
4231
4232
4429
20330
4235
393
12521
5287
4239
4240
16721
7315
6650
12860
161
4246
4247
4248
4249
19633
12742
8176
4253
12978
4255
2234
8086
19944
17567
18505
20854
7656
7800
14931
4265
5474
4267
7134
20843
10866
21935
4272
5810
4274
4938
5679
8415
282
4279
5873
16646
16344
10776
12658
21762
18316
18453
6868
21564
8836
21497
21708
21718
11299
19931
3350
15058
11404
7779
7329
6926
17512
8928
9160
4305
7184
17277
5447
18048
2342
4311
9543
21908
13220
9825
12668
4317
7629
4319
4320
18038
16469
10655
4324
20689
5356
15357
16863
6996
3139
1677
14797
4236
21557
9331
15811
6571
11270
10432
14262
7045
14764
4343
3363
4740
9214
4347
20587
11079
17421
7454
4352
13041
4354
16575
13656
13336
12355
4359
4031
18598
20856
5147
8830
10412
9058
17184
1899
21344
14595
16255
6617
4690
21864
13142
7172
2990
1901
8469
13724
4381
12327
11936
7274
18147
4386
19391
489
8778
12519
21943
6960
4393
1464
3582
7986
682
21344
4399
16072
5373
15013
7608
10514
4405
15281
4407
13990
21025
4410
16003
20757
4413
7086
7459
17421
625
2449
16776
5398
6759
1839
11898
21054
15996
16243
8139
279
17517
8133
5393
4432
7428
15203
6654
14975
17736
14775
4439
8597
2297
13570
18859
5117
10111
4446
5403
9716
19757
2863
1576
1912
1317
4454
8367
4456
6029
20567
16011
6829
2399
131
9128
3515
16782
13157
10505
21618
9526
4028
4471
10027
4473
6070
20761
4476
20542
2277
11546
20749
20558
1409
19860
2230
10831
20469
6985
16790
15929
15855
13212
14614
523
6963
21082
13627
10499
4498
1846
4307
11917
4502
8678
11893
9120
4506
4507
6161
10935
4510
4511
8964
4513
9083
17195
6254
5916
4518
21671
19822
21507
1179
18679
3287
15316
4526
11651
20698
20863
4530
4531
17834
17975
12990
8809
7573
4537
13010
4539
17440
9413
15429
2603
8148
3980
19108
9603
9483
15821
19110
4551
4552
2644
4554
1221
4556
19684
19846
4559
12339
12692
8871
21758
1739
10170
18353
21234
6252
17452
21116
208
12921
16726
2222
11608
14813
4577
4578
4579
9493
7018
1213
4844
14953
332
468
9184
6245
3992
4590
12445
3590
4593
12101
12112
127
12534
4598
16846
16720
4601
4485
9838
21064
17241
5068
4408
10544
112
4610
16802
19461
965
4614
5683
20436
4617
2695
17696
12905
8661
1435
3261
7727
19033
19469
6686
4083
11966
10975
16702
19534
21765
19468
17697
10339
4157
1842
13236
21607
3528
64
13498
17661
18385
4646
4647
13947
4649
4650
11727
20929
248
14211
4655
4656
10086
5336
4659
4788
20067
19861
226
20187
4665
7773
4667
1154
17280
3679
4671
6303
18275
10437
1776
12883
4677
11085
21401
8561
14758
4682
6329
8174
19375
2966
4687
16935
4689
8240
6866
21903
4775
10261
10930
4696
7388
3850
11395
20571
11840
4212
8079
4704
12664
20137
20712
3641
21239
4710
4202
4712
3564
9505
16428
13412
4920
4718
12046
8278
4721
19040
6733
15646
21955
4726
4727
15043
677
4730
479
18670
8001
8787
13036
4736
4737
7576
10250
17177
8848
10035
4743
5198
4745
13640
8220
5207
12139
18457
6981
16829
4753
4754
19613
7023
4021
3948
4759
14471
3272
4762
9793
4895
4765
7579
12474
12528
5701
410
9360
11283
17116
4241
9584
10135
16615
19687
4779
9209
11306
14834
6430
5811
13186
14960
3109
483
4789
13210
8233
15956
11088
5529
2619
5926
13711
692
4068
4626
4801
4802
16981
18902
11432
13924
20155
11728
5778
21767
15700
21784
4813
19191
8685
21035
8678
7168
2909
7853
4821
10856
16384
9290
1558
2424
11456
4828
4492
11000
11253
10793
19636
19859
20961
17907
6385
16582
21769
14497
4841
14905
9480
17351
4845
10484
4847
8795
568
10443
4851
16931
4853
8971
4855
7206
11936
700
19454
13014
4358
20686
1420
11487
4347
16760
4867
9232
19285
21101
4871
9244
4873
21373
3606
9468
10017
20159
10398
4880
4881
11425
13691
9238
5551
10140
9952
21789
5510
7946
14346
4460
414
11130
4895
2988
9595
10567
3229
4900
4901
4902
18093
4904
4410
13004
4907
15118
12496
20800
14511
11187
1964
2778
16228
269
18350
18085
15788
20519
21869
14482
3939
4924
9340
14817
4927
9707
13070
17835
13365
4932
4933
19234
12477
7168
3731
11025
21750
4940
9443
13752
11758
10766
10175
4946
20774
3866
3568
15136
7480
19791
5687
11953
16519
6514
17147
19989
12124
16635
4961
4962
11824
9101
14210
21677
4967
2214
9563
3315
12811
6553
10137
5119
7062
13971
2646
748
12952
12505
21216
21922
4983
11140
19728
11941
21105
3571
18745
4990
4991
19145
10307
11219
12485
20622
12365
913
11388
2565
12911
5002
10153
4934
18258
3043
9835
21212
7790
18734
5011
5012
5013
16106
2072
18166
11807
1286
13209
13499
1322
5022
10052
16689
631
5026
372
5028
2556
5030
5031
18993
9477
71
5035
21115
5037
5038
5039
5040
11372
11373
13877
15150
217
5046
13522
6160
18324
14273
87
21568
18138
15641
5055
5056
3114
7747
9310
15138
935
5062
17882
17142
90
21257
13866
15143
13867
3177
11140
8166
20362
18862
3012
15583
2517
2494
15769
14714
15607
1197
5083
21719
2981
4879
4193
12779
16860
5575
20393
5092
21779
11067
11714
2128
12096
3008
13163
8299
5101
5931
14963
7218
20855
11856
5107
4703
7639
12883
17884
2302
17684
564
159
8105
3537
7365
3786
1396
4201
16677
5123
8657
3414
14223
5127
6589
16216
3691
12866
12096
3927
5134
5540
21702
6728
14983
12888
9772
20647
13856
10455
14763
5145
511
5147
13224
4894
4691
5151
6763
5072
9638
19615
5156
7568
1206
8000
12974
21893
18573
1582
15809
5165
1191
1247
5168
9102
5170
1362
4767
15987
12595
9953
999
5177
2747
691
2250
5592
16158
7735
1926
15958
12382
17958
5188
17854
15089
8447
1958
4108
5194
3578
19543
8453
17564
13864
5200
3274
5679
5203
1098
5205
12676
2188
7512
5209
2431
3613
6090
7021
6866
3889
11458
5217
21216
5219
13333
6058
16304
641
1627
15225
2357
14562
8664
14632
5063
21191
16663
5233
2668
5235
12160
9393
11143
5592
6029
5241
2191
3080
9985
13055
5246
9202
960
14064
7355
16042
10596
7887
19703
9262
4461
2258
5258
20640
5260
7090
3370
14120
17330
5992
16077
5267
5268
6404
20295
11159
5272
4032
7106
5275
17463
10570
19714
19547
16360
17119
13397
3750
16928
746
11460
15881
12038
17083
7476
65
3382
20377
355
5295
5296
15091
9706
7672
469
6456
15267
4354
5304
5305
6389
5200
5308
2127
4633
3003
11772
2267
5314
6691
14131
18475
2616
19665
14035
8313
9105
5541
5324
20994
2387
10965
11673
1668
10625
17381
5332
14188
18861
6098
19269
15108
17906
13985
5340
11102
978
9045
5344
7272
5346
8515
9402
6161
11017
1756
4568
5353
11127
5355
2330
8814
4477
21128
7538
9771
8683
9984
16798
6861
17233
10632
5368
21567
3097
14494
18574
11661
8179
19372
14904
1920
5378
7255
5436
15369
16800
3628
17407
19113
2570
2141
11911
3613
5390
7487
204
14714
11530
7815
12951
2695
12885
6932
15965
17156
16574
9772
260
19570
488
7922
14998
13276
1480
21534
2768
6135
21672
3147
10205
5417
15680
6591
5567
6276
17217
4678
19946
5355
20912
5427
5428
5429
7809
8169
7147
19500
4739
21166
5358
14499
3844
1470
14905
11326
16860
5443
7512
2236
13720
6142
15214
20579
5450
8961
1174
3896
21223
2769
2833
7518
10508
5459
16292
5461
5462
7719
5464
11118
17247
15208
12275
5469
17329
5471
15329
15858
1590
20827
14032
11377
5478
10934
725
5481
5641
12741
597
19090
7761
20505
20267
5489
17315
463
8325
16004
18627
11220
3305
16340
5498
7365
17389
19809
6951
2578
5504
2104
5506
3197
2677
11939
5510
5482
19226
15183
5514
5515
13084
1451
5518
8695
19861
5521
5070
5523
21201
10352
5526
3695
7999
7892
12519
11129
15786
13845
5534
9982
9867
13200
21411
4209
13428
12321
7119
15182
21701
2385
14958
11794
16426
5717
1434
5551
5552
891
2740
20788
2547
6634
5558
13420
16308
16140
8007
12301
5564
21990
13296
4563
20922
19205
5570
698
11123
14529
13825
19252
8054
16406
5578
17026
5580
6527
5582
6189
5584
13783
1244
11479
8245
3621
16926
1933
4247
3190
20817
13790
787
5597
3581
8883
18455
9142
7697
17191
5604
7747
9617
18480
6075
5609
8907
10628
19741
20536
1414
13031
19818
2847
5618
4095
10969
17945
1318
12868
5624
16706
10801
12084
5397
8752
17413
5631
15103
5633
14825
5635
19468
14083
8251
5639
7698
19259
7790
5643
21405
20344
2631
5647
8116
8393
5650
5515
2438
15691
5654
6193
5400
5657
12541
19776
7973
5661
15080
9109
3255
8304
9321
1002
14111
4064
926
1933
15449
5673
14440
3000
16773
20452
15875
5679
18735
13869
12106
8341
1274
5685
6305
15754
18520
3997
11321
15248
18502
14974
9147
8900
20318
2865
17770
918
9860
6610
11326
15884
687
2353
18071
4542
5708
5709
14511
3282
6123
18545
18815
5826
5716
16712
8422
1440
2102
11443
5722
5723
13555
10798
16903
5727
3469
14446
17388
18702
10871
21034
5734
3306
16216
18212
5738
19984
9160
18063
5742
15463
13111
1090
6151
20625
5748
14661
4762
17680
18669
5753
262
9444
5756
15363
21720
20772
13559
14878
5762
17143
14773
20528
18227
3303
14741
12038
13944
19866
5772
4544
17967
5775
12877
5777
5778
20296
15576
19084
1151
13560
2989
5785
8338
5562
13557
8018
16937
11957
10574
1999
18268
1016
8164
20047
1340
11212
18735
18891
5802
20171
2909
4656
8258
2423
19692
21134
17781
10020
1955
10983
2586
17591
10589
16355
16884
8020
11036
12470
10619
1574
1059
7489
11005
10755
1077
9361
5830
8697
6427
13050
20958
14064
14449
3878
16929
21291
10979
18021
13112
1727
11376
10293
3260
19684
4632
14793
9988
15093
11922
11970
12238
21374
17090
5962
5858
4211
2795
12223
18207
21204
17281
5110
5866
13193
5882
8369
5870
19224
4689
21369
21388
6093
18442
5877
12021
21156
5880
14026
21943
6050
5320
4741
5839
16835
5888
2910
20665
5891
1497
5539
21309
9998
17503
13966
15167
18605
21870
20585
6560
5903
6455
21420
5906
6476
19302
20519
9449
7566
4418
15395
9337
12576
16441
5917
19493
8458
20051
3384
12697
3168
6157
13924
5926
21195
5928
14827
1680
2086
3024
2968
5898
12731
14250
5937
5938
525
3595
5941
20006
7949
20762
15237
18748
588
19311
2014
4135
15775
2343
3132
830
16627
5956
18833
3833
6774
5997
11782
8990
2407
21508
6486
8333
3311
14670
18077
6258
17716
5972
6977
14660
4405
19886
1327
9470
12131
5033
3092
8380
11567
19972
4104
2008
6795
15582
15394
10395
20065
4875
17974
13120
5995
12170
17669
17920
20508
12516
4042
6002
17399
18709
13231
11068
21833
14274
6009
4814
20406
21129
13052
6428
11587
14259
6017
11572
5199
6667
6021
13862
6023
1781
16495
6026
5369
6028
9110
6030
10868
8072
10541
7399
9846
9946
6037
16831
7651
15932
6197
6042
17513
6044
6045
12153
9309
2355
10805
15490
18916
5853
19367
12499
14409
6339
7779
11626
812
6060
1831
16205
6875
15375
8260
11553
6067
21362
18080
20289
21455
2703
10925
6098
15214
17549
6077
19434
5374
2174
6081
9664
21896
16792
18283
12599
6087
6088
12997
6291
4759
7870
18871
18496
10733
18244
9156
2393
7142
5160
16274
4723
1492
4154
13227
2091
21924
6108
2937
6624
6111
9694
4357
17098
779
7248
2056
17155
4376
6120
20112
1455
4628
8705
12967
7629
21164
10888
9525
9920
17790
17485
17625
8540
10452
13358
16357
2194
13919
21948
4303
17868
6143
6144
19087
21762
3410
884
21763
17863
16626
6152
9001
14804
12002
20624
20899
12917
20758
3406
1368
13086
6163
19996
7737
605
7652
18974
4960
5781
15727
8847
12223
3299
18855
4102
3742
10277
6179
6167
13465
6303
18205
21594
16211
5737
8182
13121
6189
7972
20214
6192
1263
9184
15529
13045
6197
16887
6396
13526
16523
1285
6203
5705
4608
17135
8024
6208
1799
6210
14282
445
409
14816
5481
4762
20832
3236
6219
6220
15321
15097
7136
9344
14560
11969
8658
10199
18378
2825
10089
909
9482
883
4268
19727
958
10949
16225
21517
20754
5878
12151
4079
7487
14288
21631
19836
14869
2138
6251
11980
12976
838
6255
16121
19873
2397
6259
14959
12400
3601
16803
4789
498
3260
12802
20223
3596
19354
17497
19174
2985
6274
13520
12264
6438
6278
10051
19531
15335
19968
6186
20547
19126
6286
14980
8821
8508
11339
230
11525
20669
17913
6332
12830
20460
2738
340
21790
19380
1191
13709
6304
9458
3989
21105
7933
6309
6462
6591
2522
12106
5745
3509
3833
8872
14369
2818
2565
842
10347
4153
6324
20606
6326
10900
8453
5300
6330
12442
17309
21804
20057
19136
18754
6337
6338
1531
8536
12912
6342
21969
9550
16146
4545
20573
17497
4022
20748
21322
7211
10234
1859
6355
18370
764
2575
12724
3641
20141
13533
205
6364
21995
15932
20475
8792
14791
21531
10167
4799
2904
10304
12529
17742
6377
4844
6379
2337
17309
11584
6383
19942
9437
17321
10997
3546
15182
19556
21660
16802
16979
6394
17328
20596
10485
6398
4363
19796
21611
15550
15188
7371
18137
6406
16193
3528
2003
17682
8344
3327
10803
8504
4707
6416
6417
20738
6419
14879
6421
2256
11098
2553
6425
803
14557
6890
6429
16375
21194
6432
13211
11797
2136
6436
6437
17558
14454
12077
12386
6442
2104
6197
11313
5025
12836
9732
2091
6248
6451
15460
6782
8329
16636
4688
8995
15768
8607
2793
275
12758
4511
16341
1510
12285
20558
12876
10275
1561
15923
6472
8354
10858
8749
6476
4322
18972
19113
16402
18662
1629
8114
19333
20008
6618
19610
6488
10267
16578
11713
16888
9893
18644
18677
18821
12880
12517
4971
3856
6501
18892
236
6504
8258
10032
20738
19271
12629
4825
7163
6512
17713
2736
17869
15565
9704
21644
8938
10606
2552
3096
7757
8894
21197
9672
17433
4022
6682
10803
6531
395
6533
5879
14975
18576
14283
20500
4670
6973
6541
17901
6543
16384
15274
9050
4110
6548
6549
3216
4720
7866
11826
14037
1723
17666
13635
4533
10385
14457
416
6562
6563
1997
15088
8296
21505
7999
5696
8004
20943
11891
15216
923
4099
8289
13210
16616
6579
19997
13956
9965
3306
18169
15736
3514
12135
883
9957
6590
19717
9009
7648
761
5082
3980
21715
7262
18801
15969
15797
17336
13462
8098
3484
19767
9439
1932
21733
18783
4666
9894
6613
9178
8733
692
20766
3675
19396
5875
3777
9101
72
11773
16536
21340
17310
3035
16168
4104
21376
12907
15881
20636
6635
2062
19610
2363
6639
14479
8988
12417
6643
14088
1557
1294
6647
6706
11371
16787
18528
15014
7637
6654
9624
1299
14695
15916
2030
471
16394
3816
5153
3192
1022
12593
17472
6668
17199
11382
15166
7187
20200
13882
15159
15449
4111
15168
16388
6680
2907
6682
6941
21050
16140
8118
1911
3431
1214
20762
6691
15756
15550
6694
10526
7492
2262
14342
15004
6700
6701
9354
9609
13452
15896
6648
7003
5117
13288
16504
6711
718
6368
11709
21026
5561
15469
6718
19448
12943
6721
6722
13703
17436
14785
6726
6382
19595
12891
4818
4112
20911
5732
8179
6735
7905
2189
11897
10216
2878
6741
11776
15555
21885
16177
12438
12189
16696
5132
6750
17940
13408
14205
872
1135
1465
6757
18540
6136
6760
5653
4749
2758
15133
6765
19875
6767
701
13925
13976
12097
7683
6773
13187
18540
4296
17669
15003
6779
6504
6781
2411
10369
6784
10731
2640
2694
5086
6789
12081
17940
20813
397
6794
20596
20199
18987
6798
4959
16714
6801
9640
2891
829
11545
10583
6807
11512
6809
3167
4619
20680
752
6814
17876
6817
3442
2504
6819
15896
17681
18300
4105
6824
11820
6072
10445
1717
10076
19700
14002
6832
20714
7752
6835
2809
17289
20572
6839
12258
18965
16157
21356
8922
1471
8716
9445
5216
9529
293
6851
4642
10140
12726
7660
6856
7722
10239
754
16059
996
11651
6863
15264
20666
8861
13344
20492
12670
3214
10894
5269
11414
6874
17936
19967
2092
6878
19040
10653
9778
8872
7863
13453
15000
6765
5099
10254
6821
9548
6891
3264
6752
2427
16964
4669
9522
6716
21633
6900
15836
6479
13922
14026
6905
16543
621
6908
8422
6910
13222
19560
6913
10140
6915
7743
4435
7297
4206
11693
16842
18581
13673
13570
842
4924
18570
4523
6929
7144
13495
12755
2081
15560
445
8157
11029
13487
3484
93
7915
14149
2990
15474
813
5761
1895
3520
6949
15767
9800
8863
6953
6780
9782
16115
3981
20688
14969
6960
3340
17215
6625
179
17832
2507
8263
20862
10767
12037
14092
4172
19886
13888
2715
8421
2783
8854
20892
387
940
15417
6983
4776
1142
6986
5598
1218
393
6579
19161
13551
2210
9538
6194
6336
4828
18720
918
8714
18377
16992
21817
7004
7005
21270
9490
5787
7009
2121
536
7012
9850
1734
10212
15515
7017
20829
19028
197
16693
5511
9809
4836
10522
11998
20966
15068
20632
18692
3952
7032
19029
87
11596
21456
17851
3611
7039
7040
3959
17089
2011
10663
2992
10816
12672
14566
12905
14745
13829
21676
5524
5627
8175
19392
1823
12166
7059
5501
3555
21590
21966
10193
21756
2015
7505
14144
271
6554
7158
13819
14797
11096
1744
18867
7570
7078
7079
13324
7081
7082
20827
18231
14940
17366
9843
2033
13223
14134
2840
19704
5719
15489
7095
7066
7097
640
7099
20167
17146
19651
7103
8482
21434
1786
19745
8839
18362
18816
18152
8268
13510
21269
15573
730
15757
18790
7191
2216
12337
12230
13720
20261
6378
20834
10081
9582
5692
7130
17045
5661
17899
14406
7135
7136
4590
2258
21081
6353
11851
21193
20422
3656
7534
7146
102
2860
15223
10250
19996
7152
18735
18162
15624
9233
7157
21521
17028
10229
16197
7162
6511
10458
7016
13010
1877
21914
3461
19218
21044
16752
149
15933
10310
12020
7427
18068
10510
4524
4009
7182
14178
5228
21465
16451
19154
11912
7189
12745
17360
20311
18697
12037
14383
17470
14510
338
7199
9313
7201
1704
7203
21171
21097
19510
7207
5067
4856
3536
3475
16284
11437
7214
16952
9839
8727
11559
7219
19333
4230
2328
12864
19288
18005
7226
1594
7228
15365
7230
7231
8748
5446
17033
6751
679
8428
16905
15811
14231
15567
7242
12850
21850
19479
16292
20143
7248
769
11122
15474
8202
2121
11255
11985
17670
9342
6979
8285
20025
16323
10448
16606
6656
7265
21231
4791
2149
10039
12179
18527
7272
7273
12233
7234
20653
1362
3558
5968
16003
11361
5682
5438
7284
2905
313
10908
12587
7289
1938
7383
2255
11017
5746
9424
11740
20983
20233
9315
7300
8731
11690
4234
8841
14237
7306
12523
7986
21735
1948
12250
19693
1355
19861
7315
2796
15305
3992
7319
16790
21186
8309
21809
10690
11355
16347
5056
5902
15003
18162
11174
17998
6991
16984
13141
7336
17788
2586
10459
444
8793
7342
14394
11013
6298
1116
5612
3102
7349
19454
7351
7352
11011
1635
21491
14842
7357
2307
499
17620
3791
20481
87
9183
11868
9537
19158
12973
3443
7257
19583
21188
9991
480
7375
7873
3693
16828
7379
17601
18146
5552
1101
9740
16722
7386
7387
7271
5789
7390
14307
13684
8001
3214
18262
10132
7397
20412
7399
1897
7401
7402
7403
7404
21592
7406
7921
503
12043
20367
17457
3204
15870
13318
4349
327
15931
7739
15525
21153
17749
3608
7529
9081
17320
10149
16881
11236
21065
21162
6271
7432
7433
15083
1388
10902
3431
17128
16216
132
15356
7442
20309
10113
7445
7446
13740
5259
3280
4072
11517
9908
7453
5652
20052
3332
10464
15555
18317
19324
1766
12249
7463
13325
17655
18279
15413
7050
12863
21119
18744
13950
8973
13497
2558
6858
12634
14470
13344
10936
5373
13584
7661
21463
7485
12283
12773
12902
20030
11861
8130
12270
21611
5039
7336
20913
18463
7498
15965
4912
11054
16545
4916
820
7979
5353
11072
6793
5026
20265
13387
4443
2077
7514
7515
8936
17261
19419
7519
7520
7521
7522
7054
7524
9620
2669
18157
4168
3457
6608
6181
5817
10503
2546
21633
18556
20423
11289
8203
268
9220
2758
7543
2575
16722
7546
2761
9551
7549
12303
18357
7552
18164
13456
2770
9991
3691
4311
12199
17558
3915
17326
7563
15946
534
1838
16145
4846
7569
9955
3287
8114
7573
7574
3021
15960
9078
17210
16541
110
18223
2917
21426
7584
15203
15303
4362
12859
7481
18788
20610
1092
11523
14578
16706
7596
4710
6861
7473
9161
5312
7602
7603
5595
18983
13310
21550
7608
11261
725
3922
11114
7152
14263
11249
7616
12725
20976
7619
11369
2075
4373
20164
10325
10218
10644
17506
6992
8567
19846
15375
7632
15372
10522
11979
17950
13299
7638
5109
15692
11257
9562
14023
9882
1770
18408
16380
1035
7649
16359
18422
7209
7653
18368
8851
15204
4048
7658
9529
8621
9165
6347
6864
7664
9764
3437
17560
9980
9181
17161
10966
7672
15517
1517
21983
20639
10431
16962
12534
1498
20517
2738
13143
14980
21210
2268
5516
953
6247
17232
17046
10293
8909
3749
7695
1530
6025
10824
8348
20976
3076
15418
4064
13054
7705
7706
15693
7396
2742
20773
13173
7712
7713
6958
15389
13877
10700
10637
7719
7720
13440
2820
4577
14717
284
17718
3100
18612
12177
11797
7731
1974
10730
20041
14377
4175
11587
19208
7418
13722
12945
1962
2972
1019
16444
7746
19083
4532
18375
12311
585
864
1959
9269
20473
14445
8917
2159
11839
7760
6738
17936
7763
5282
5853
14044
21259
7768
20449
6818
5704
7772
13594
20752
17901
7176
7777
15575
7779
14471
9541
16858
15843
7784
4055
7249
13723
8804
13238
4889
20623
20910
20723
8568
11701
14162
10976
18958
428
9862
15199
16640
8487
18869
10751
8707
9970
18100
14505
11073
7811
20069
8205
4521
2057
7816
8624
9469
7819
9844
10774
17879
18436
4514
7825
3854
7827
11698
19075
8425
14032
7832
9360
19640
8239
5779
15455
16430
12547
18581
5555
7842
16419
11161
7845
19975
5602
5797
7849
9362
21253
20018
8092
1331
14578
7856
8049
19224
3425
11490
16127
18490
11445
7864
5683
1348
20415
17353
7869
20742
9479
4848
13234
9640
16489
16514
15016
17198
7879
4315
7396
16657
7883
15049
17065
18269
11379
21853
8307
8691
12993
7892
15010
2657
7895
5134
18739
3899
13997
20978
7901
3838
20582
17645
1385
8007
7907
6185
7909
16551
16578
7500
7913
2980
17793
453
7917
17212
10602
15146
19784
13821
3303
7817
14392
19258
17619
7872
15805
3701
7931
2884
15456
15728
19330
19752
15506
14283
15097
12810
12416
11463
11793
14736
21212
7946
16486
17617
11013
1870
5063
20389
13874
7954
11303
2624
9438
12293
7959
15416
7961
7962
7963
18207
8550
19427
12784
7310
18186
20464
7630
7972
19408
5662
15437
8839
19109
7978
20823
10068
17537
11355
21935
9074
7985
9133
5447
3438
7989
11867
7991
19684
9251
7994
8485
2534
2862
1872
342
8000
594
21685
4060
10181
353
1270
1703
18233
3094
6749
2011
20509
8145
8464
15245
13181
21467
2961
14314
2604
16878
2612
14465
14914
8025
8363
20401
19293
8029
8030
20737
18158
14875
4974
6796
6240
13668
8038
8039
17166
5145
18153
8043
17559
8719
12335
4543
4697
770
8050
15258
14247
8053
8054
8055
17663
8057
8058
17049
8031
13098
3054
14839
19264
9596
21168
3392
13845
4709
860
20969
18130
8073
19799
8015
8076
3686
8078
18344
14439
6515
8171
12581
11254
466
10615
15101
8088
8192
4395
18056
19932
1795
18759
15170
9434
8097
2238
15569
5007
21229
5127
18542
21956
12011
8106
9662
2734
3261
8110
7564
18534
13022
1080
4532
3364
18097
17303
14970
12542
10798
2369
2618
2437
6158
11446
7790
5035
20963
14174
21689
1550
20911
20021
11308
9476
18019
708
19855
9668
18600
13233
20898
8144
8519
214
19111
13868
8149
8150
9140
4918
12302
9987
2056
5503
19851
11708
13270
1896
17165
1020
20765
8352
13677
14111
17340
1859
6484
2655
7513
687
1515
1554
14915
21305
6927
21644
5005
8180
8181
9713
14609
14712
15164
8186
4366
17956
8189
3732
17051
7184
8193
18723
8195
2821
8197
17323
12004
8200
18638
8202
2428
11103
5897
21619
4149
3372
13459
17138
3750
18650
8213
7723
19655
2949
17877
16899
9730
8018
8221
9393
8223
1404
20079
15753
10116
8228
4534
8230
15341
8232
21071
16980
7565
20072
6146
4321
8755
3284
9580
2726
6678
8244
15728
7168
8247
16472
6761
8336
6659
16395
5753
21590
16679
7930
14745
18976
5181
9274
9517
8262
8263
9533
16647
1891
6402
3234
10034
8270
9892
8272
1723
18223
2827
10928
20421
13502
807
8280
8281
6224
16065
8284
3163
13404
20361
16458
8289
16658
20918
8292
11478
5705
2320
13558
3757
2231
10722
11061
21580
8302
2902
14921
261
13248
13037
7847
9427
5283
20642
19781
10600
9053
8315
11552
8317
21235
19709
11113
12812
21005
14452
21746
10143
5014
11668
21863
4425
2656
16463
19578
14496
10115
3700
70
16771
16962
20884
8061
632
10799
755
21046
8345
8346
20292
3858
2617
15892
15026
13746
19574
1701
14418
9577
7599
15893
916
14206
5629
6347
17296
14751
8365
8366
5154
12155
8348
8370
13468
11345
9680
20583
8292
17749
16142
8378
9908
7372
8381
16174
8383
13238
6640
7099
8387
15299
10516
10691
9860
804
9799
19715
11325
6351
16248
8398
2895
7729
6375
7816
16174
7951
16547
20585
3757
14548
8409
19007
14086
14994
10868
20379
19981
4936
8192
15091
8419
9098
8421
8422
11989
9417
6626
10988
19633
10036
11959
19143
2264
3587
12860
8434
14164
2763
8437
394
7833
10455
16384
8442
19246
10217
9837
4478
14325
315
14445
4800
2984
15795
21113
8454
7859
8854
19232
14723
13563
19685
8461
17653
17256
19809
8465
127
8467
21469
18595
661
1105
1857
13411
8474
10700
13757
9862
16191
8479
8480
17937
10440
8483
18178
13072
9119
8487
19493
21598
11534
8491
1589
4349
19725
17953
10820
2075
3110
9206
19460
3067
6433
6707
8504
12190
1758
12723
9525
2880
21372
3492
16818
14296
4683
2757
380
18477
13987
12424
100
6180
18989
19348
14474
8525
8526
3972
8528
12743
14889
17006
18561
1101
6898
10555
16398
11535
8538
1690
15832
2773
8360
8543
1761
8545
14875
398
2457
17641
8550
5594
3050
5496
13212
13516
13732
13723
8558
8559
4007
2859
1886
4340
19092
7838
11344
8567
18562
14069
19627
21021
8572
14992
11680
17706
8576
6001
11874
16932
576
18599
19041
7061
17545
6397
4116
5710
1869
21562
14724
18991
15404
21791
8594
8595
1694
2609
299
12545
8600
6880
500
984
8604
766
3684
13038
4060
8548
16162
10722
8612
7643
3952
18024
13960
13763
8565
3043
14845
8768
11450
8623
18591
14634
14977
8627
302
8953
8630
13051
16868
8633
8380
14030
8636
8637
18207
21442
675
13794
8642
10542
3199
856
15108
3597
21439
18261
19464
5139
8652
1644
20699
9615
18639
1409
12822
20668
16712
3319
7995
2852
3866
7107
8666
10156
8668
8669
18036
8671
8672
12229
8674
11082
8676
8677
4817
3791
3490
8466
10136
8683
3042
19748
12982
12095
17448
17235
17184
10986
13298
15378
9131
5189
8696
12087
14284
12583
8700
3305
10955
8703
15654
19553
20790
10822
1282
19338
13749
4287
10544
20539
474
17271
7565
16761
5901
12355
19551
16623
19366
8723
8438
14411
15062
17914
11105
12880
9186
3431
2428
19353
4240
2453
18559
137
8738
5337
21960
18356
16149
19661
1934
2504
11803
1992
14834
10659
7125
5731
19975
17647
16825
8610
5789
19801
2732
11201
21738
3581
12201
8594
9635
8765
16559
17644
376
1653
5025
8771
13964
11380
1778
8775
10932
18102
7302
14751
8780
2885
8580
11063
6260
1150
11542
2443
14966
8757
7285
797
8792
6122
4994
19173
19187
8797
19962
10557
9538
120
6402
6112
267
11719
3348
15539
18084
1600
13028
18976
8812
13308
491
8815
18201
3164
8818
6550
9607
5411
14643
4952
8824
16382
3337
14571
21381
19919
6610
7602
5909
18815
12806
1800
16174
8196
4698
11560
17892
8841
19097
17000
8844
6739
17573
8222
18236
14328
6469
3453
17541
3403
15965
8855
16138
18656
10308
12358
8860
19762
3670
8863
16870
16299
8866
11946
8466
16998
2332
18726
6882
21969
11741
965
11954
7061
569
21104
9715
8473
13003
1291
8884
16984
13786
2659
5166
13060
8890
8891
11158
8744
17807
8895
18089
19563
8898
4102
15716
8901
8902
3969
17178
20472
8906
9118
8908
18855
21335
10773
4439
5286
8914
19367
15343
4071
8918
6600
15405
19565
2352
13520
8924
7226
10099
8525
18042
4342
8930
14947
8608
16788
12280
20928
11665
1263
15553
1553
8479
8941
16419
213
4701
18252
15960
9274
13214
17190
15653
18893
1683
8953
521
996
8956
8962
2295
7714
8660
1661
15810
6523
8964
8965
1833
8967
11549
130
8970
10103
8972
18712
8974
3530
8976
8977
8978
20206
16519
17491
11784
20413
5408
8985
13093
5424
17021
10176
3953
8991
8992
17712
19292
20817
20600
4148
21084
12284
9000
464
3855
9003
8736
16079
18056
9007
620
9009
17455
14700
14026
1837
6956
15711
19967
18426
4314
7939
12462
9021
16867
9023
13518
2781
9026
19057
9903
11502
13192
11169
12631
2338
4478
20491
9036
1335
5087
20711
9040
19319
3377
6172
9044
5343
11868
12667
15678
2520
18467
9051
17131
11084
18249
18301
9056
196
9424
16996
9294
9061
15467
12761
10624
6079
9066
14132
17935
19637
21909
9071
9072
21917
6150
16071
9201
11678
2033
14477
21171
18105
21823
11063
2430
1491
9086
10864
17591
9089
15379
14524
1516
3073
2739
10403
1539
7361
9098
9810
9100
6622
3825
13703
2736
6098
13927
5504
2327
9109
6183
5243
7807
2073
9114
282
10555
5493
10881
20355
12778
13035
21195
13831
9379
9125
15347
9127
9128
7620
9807
15135
9132
2847
21623
9875
9136
16921
20888
8487
11406
3744
11553
7112
9144
11658
10141
5486
2486
11950
15299
19660
9229
16032
4628
9155
1462
9157
6588
20982
13067
9161
6709
9163
7391
21489
412
11834
14373
21345
1816
18097
5136
16215
15634
14185
5677
17519
3847
16459
15473
18722
11314
9183
235
11546
11205
1210
21593
6631
16231
21086
21973
815
3336
10693
17522
10689
5152
3614
4120
336
9202
17479
7096
6552
13149
6821
9208
4325
12480
2649
16374
9213
9214
8194
12661
18252
18774
12916
14863
3297
11752
17924
6311
1783
9226
9227
5255
7513
10385
9231
1899
9233
3857
6439
9654
12383
3226
16038
6580
11470
5385
16369
11688
16460
10661
7254
9248
12591
21230
14033
11261
19315
18633
975
1100
4084
17263
21304
20307
605
11866
9263
6947
9875
9028
9267
8429
10295
7134
15873
16657
15179
9274
8837
13374
9277
14604
2714
1554
21983
6431
5504
17704
6085
450
7456
9288
20823
10650
14365
5381
481
20674
14117
21845
109
16180
10090
5886
2147
9302
752
15766
7374
21969
972
20164
9309
17851
2446
9294
12350
10577
11022
4831
18856
21858
16294
1571
4647
1567
7960
9324
11160
3524
9268
585
13933
9330
16855
4105
9333
8400
17409
732
2098
14137
12689
5167
5870
9342
20687
19325
16720
8822
9347
8988
1492
10029
10482
13898
6000
13543
7915
19876
2178
12316
539
19538
10701
17773
21664
12829
12553
9366
1990
6549
3515
18139
19336
13005
5554
6419
9375
9376
9377
15973
9379
975
5677
20881
3301
9384
7556
9386
10166
10164
21014
9532
21480
9392
17521
11071
21886
3584
11333
9797
9399
5533
2295
2019
11755
19646
9405
9406
10212
5616
5571
17220
4452
7203
2912
9414
6492
7577
12971
4450
9419
21614
6733
14596
9542
11033
4239
5717
13710
16847
18587
21710
10566
11677
7793
18393
3021
13789
12890
18237
12705
20343
12143
8903
10466
2713
6847
16744
4566
2972
1423
1635
15007
2024
18127
9369
18629
14689
10574
4044
9459
7511
9461
9206
13806
1543
14865
14197
8140
13039
17101
18767
15337
10743
16134
18818
9475
1973
2378
9478
13626
9480
4464
8623
9483
8517
16427
9486
11180
6067
13326
14904
5992
16394
6698
17802
4594
10374
3971
9498
9619
17592
9501
21894
10409
21149
15618
9506
4939
9508
11184
9510
4571
10736
9513
13734
11127
5670
5252
20292
9519
9520
17395
13635
3071
19763
16313
16740
6040
15198
11196
1291
9289
3381
11004
9631
5053
979
6273
2424
17865
8281
15791
19222
18443
2111
20707
19376
16339
10205
9549
13929
9551
11450
19855
9554
8819
13300
21519
15482
14509
4616
9605
6438
9563
7105
18970
12001
9567
11381
10065
15676
9571
20534
12568
17174
5412
9576
6164
9578
9579
2432
8605
10402
438
18561
2863
3667
7439
9588
8393
5683
9591
19722
14318
6981
9595
2183
9597
17164
19170
21414
7868
18679
11808
9604
20173
16232
21780
2437
408
10703
19045
11364
296
5083
818
9616
8424
9618
7868
14698
4159
9622
8219
3610
2685
10574
15655
15362
11782
16248
13774
9632
9234
16471
9635
1292
19282
9638
10347
4964
1058
7354
8166
9644
7900
4178
1330
2296
9649
9650
9651
21642
6113
20833
12163
20155
18523
12535
20162
14494
12861
20949
19737
18988
19105
18339
3339
7305
12416
9670
11205
9672
21167
14354
21413
5792
9677
12874
5124
14315
17259
7215
4490
16605
9685
18256
5828
3126
4368
14951
9691
274
11784
9694
19035
19519
9697
532
18129
19939
21417
9702
2254
10266
20027
20368
12134
9268
12194
21929
10806
9712
7377
5893
17660
263
9717
1683
13369
19394
9721
4676
12587
9724
10571
7368
7900
1785
5266
12867
8797
21188
1120
11295
17977
9736
652
10795
18730
19618
21236
12596
11888
7749
20152
4309
15112
5022
4707
8610
16401
8385
15498
21846
2505
21612
10384
12139
14780
15865
9865
951
19598
8544
7076
9766
12227
19532
19470
2302
751
5969
20126
7982
14588
9776
10640
21520
8570
19249
17562
9782
9783
7741
20816
9786
9787
19707
799
19380
6474
11626
20244
21997
3831
2336
11008
3397
20692
451
21533
1615
17757
20667
9199
20781
9807
9070
14340
9810
11092
12417
9813
9814
9815
19484
1167
6100
1803
1251
16434
4273
17468
14496
7030
5712
9827
200
9829
9830
21310
17603
2487
9834
16371
2218
1174
10910
11450
10361
10632
9842
18503
12798
280
696
122
10602
19619
18310
17288
6448
7140
18157
9855
15297
18035
13217
20736
13469
12531
20877
12392
10455
399
759
8655
9868
5686
13506
15713
11433
11479
20561
6737
9876
19286
18401
20478
301
19430
10600
3165
18651
9885
10418
7354
3829
21490
2851
9891
8271
15682
5885
21475
533
9897
9898
19489
12257
9901
12645
20897
9904
2592
10700
20476
14077
4497
807
21296
18509
5803
14660
3054
10628
9917
998
21186
9920
9783
3902
9394
19193
6813
12502
11520
4210
14463
9049
3179
20611
3188
14767
4981
16980
11523
9938
6522
3653
19171
10375
350
3064
5632
6174
4683
9948
9949
8477
10209
13613
9159
2431
9035
9956
12152
9958
9959
1031
7410
9962
14996
9964
8401
12962
12698
18019
16005
5338
21721
9972
14220
1450
12817
9976
9977
840
1616
4352
9981
10740
9281
15659
20764
3933
19737
20739
20149
3230
10786
7303
9993
17738
3707
9996
5407
6344
3792
10000
21331
10002
14280
11819
15093
11037
10372
10008
11983
6662
9594
7013
10013
1776
3566
10138
16131
4926
18752
10020
10021
18986
10023
19496
12174
13474
10027
19452
12321
15117
16146
13534
109
7086
12133
18527
15695
15750
6665
12188
12671
14092
4324
10333
19849
10046
10047
13287
4449
15119
3905
2420
16494
15779
14560
6856
10057
10058
13150
177
10061
15894
8887
10064
12302
7894
10067
18332
9164
5675
18180
10072
21005
18020
2166
7960
10077
13587
10079
9636
3317
10082
13592
10918
10085
16556
6521
12901
21014
16187
10091
21588
3511
19826
20339
6568
10097
16120
11356
19334
10101
1448
7687
9666
2029
15908
7469
11197
9292
6031
15100
7276
20615
18829
10160
3718
18578
13934
10119
8695
9164
19009
15185
10124
18544
15124
3011
1860
17159
10130
18979
324
18560
11476
17222
19006
10137
2308
16577
12503
19951
20052
21931
8442
10924
6155
10147
12362
10496
17174
18958
477
1894
6164
2865
2463
3201
2145
14811
11873
11472
15062
2742
21051
11926
19313
911
12764
18260
4111
10171
4240
10173
21418
10175
10176
10177
8802
6131
10180
10989
10182
4284
14822
9388
10186
21185
19306
8190
10190
9993
10192
15320
17196
367
6993
3710
10198
11752
20734
18561
575
5602
10204
15920
762
5351
7981
9951
19562
10211
17844
659
14597
19928
11458
11775
3687
16917
21288
7829
15617
3473
10224
8377
10226
8744
14803
20159
14198
406
14473
4317
691
14381
12006
15523
10571
12200
5294
11833
10242
15886
18691
6277
4710
10247
14612
10249
12138
20071
10252
15558
15859
13686
12469
409
12422
553
8616
9833
6604
1864
4895
18907
5902
7201
21161
7262
15888
10271
5728
10273
8160
15504
16812
18047
12007
19770
15205
10281
10659
20987
10826
14596
13176
20628
4369
8972
9156
16415
10292
4006
21455
8131
12152
4790
16594
15637
8979
3732
18556
20847
1264
17735
170
4208
11323
10309
15343
4433
10312
2723
9565
10315
10316
6115
17601
14704
9790
2955
20575
10323
10324
10726
9172
14035
8733
7879
6761
14248
12423
10333
1050
20664
21574
10337
16415
11366
6812
7253
12057
19417
14701
758
6068
6689
283
6756
16941
514
13527
8491
6209
7216
18055
20890
11944
10359
10662
10361
2860
622
10364
10365
13770
10367
12716
5006
1184
11284
15612
15794
17529
5621
3710
9301
17711
16315
5824
16924
19305
21246
2617
21491
2583
11603
10388
7317
9497
1393
10392
3691
10394
20134
17709
21880
4374
11524
14664
17715
9384
19758
8993
6033
18926
21430
4604
6140
10410
3936
12809
10413
9420
10415
10416
10417
10982
17664
21848
10421
10422
15349
18626
19785
21760
21101
13968
1533
20279
11319
9209
10433
12900
10435
21183
10437
10438
18670
10440
7367
13521
13414
21799
9650
18076
9133
7262
1079
9881
18950
19547
10453
8698
3722
5115
10457
7838
20699
21746
14070
7100
5228
6276
7913
17257
3927
16984
10469
711
16138
10472
10473
4455
4699
18737
13214
10478
15599
10480
13085
10852
21024
17563
3704
10486
4451
8085
7534
485
19926
14181
10863
16527
10495
17721
10497
10498
4516
6250
6335
4973
10853
10504
2627
5188
21052
686
20924
13498
10511
3049
10546
8528
10515
11456
6747
10275
19565
12058
10521
16281
8879
7321
925
21308
11418
895
18151
11544
16085
13846
9823
10534
10535
11926
2432
7359
2273
10540
7343
16136
4719
14722
10545
7090
2367
2930
10549
8051
10165
10552
2189
13354
10555
10556
10557
21792
5938
7676
10561
11504
20742
6399
11484
9431
13241
16128
1591
13437
6268
12218
8187
13973
16806
10576
10745
10578
10579
18094
9398
10582
13106
3369
19080
10663
15041
9446
16334
5672
10591
766
5778
11400
13675
16617
1215
19289
15535
10600
1405
14423
16656
10604
3442
11732
6985
541
3512
9820
21540
13298
15574
10614
10615
20038
4811
18512
14039
20988
16131
14202
12536
15108
7906
14004
8309
19750
10629
11935
16099
12523
17751
17868
3523
17906
13309
4819
844
1750
6334
2736
198
4173
10645
1017
10647
5103
19660
16276
10651
3832
10598
19354
11879
13329
15955
7943
590
7865
4508
10662
15371
18078
6554
377
19297
5737
12254
10670
19492
1998
17138
10674
3123
8539
10677
17112
8983
14358
5900
6499
2630
13471
16202
10686
11016
12803
3369
19208
1093
21343
17024
16880
1026
5136
17239
212
2458
6833
15759
16331
17308
10704
20028
19024
4559
3711
8708
513
15435
10712
11707
7715
4192
10716
1542
6089
10719
17155
278
10722
2910
18223
10725
7708
2206
11335
6570
2111
16595
4433
18555
9223
17223
3132
4736
14548
16272
14888
10741
16792
21180
10744
381
10109
5659
3545
12190
13893
11157
17299
17501
21421
8691
13658
16642
18953
19811
19498
8876
8259
4030
19285
3634
12050
12988
9314
19452
15108
10771
15390
18422
20520
10775
10502
14345
4398
3032
7799
13474
21902
10783
9852
11407
19953
21136
10788
15616
10790
17726
10917
7084
16324
13690
7318
7617
17435
5740
16783
4597
10423
10803
1432
4297
6919
13948
17817
11715
5458
13818
12140
1500
10814
2066
557
17002
17843
10819
8797
464
10822
19608
10824
9863
2663
13824
7220
11491
18753
6313
19575
15177
13387
17165
18865
21581
10838
19056
8623
10841
958
13949
11343
3638
17918
16142
19412
21632
823
3411
10852
10853
10854
10855
1541
993
14101
10859
11513
10861
3018
7109
9635
20098
10794
10867
11692
19501
3646
10871
16115
10717
17961
9954
13092
18329
10590
10879
6561
14072
10882
10059
10884
9518
12773
10887
9154
20720
8756
10891
9570
972
4429
3113
3705
8328
3648
11357
16628
9979
7141
13900
17498
7309
19331
13856
10766
19180
16481
19144
523
12610
16791
2028
19553
17268
6842
3853
10920
11165
18023
4758
16710
10060
18036
6656
7730
10929
21630
16175
15591
6912
5098
10935
108
17273
19208
7945
751
14650
8837
16315
6402
7482
11464
9495
13222
10949
4606
20015
10952
10953
5170
12705
5842
19914
7181
13446
10035
10961
2040
21262
7980
13616
1490
14018
10968
7941
12475
12047
2129
18607
13863
15979
7091
6223
18040
21838
1318
10981
474
2768
10984
976
4101
10987
18723
1448
14218
20988
10992
7433
1084
10995
11453
14468
17198
10999
15160
11001
19674
11003
11004
5003
8354
698
21039
13994
9148
651
11012
4712
992
1501
11016
11017
11018
10563
18977
8402
11022
5336
7775
20113
9659
11027
11630
8364
9799
12458
4988
4896
20516
14242
9897
11037
9745
4689
15216
14093
1083
16602
65
6376
5763
7494
5259
19258
2547
5203
11052
2188
18699
12231
7255
11057
13274
21849
953
1939
13523
3065
19041
18848
11066
3548
16635
9642
1931
14591
10036
1778
10038
18332
8908
2408
8703
11079
7369
8234
13541
16563
5002
6577
9334
6918
13433
14972
5093
4155
17451
11049
4411
13761
4200
11097
18825
11099
11100
14995
4793
14127
12111
12528
11353
18589
17896
7480
4946
13004
6542
334
8838
21073
5088
5082
4295
4075
11120
9572
11963
7706
2804
6412
452
10968
9424
16039
11130
1551
4474
15569
14950
8927
11595
11137
9775
9158
9385
14551
12899
15639
11144
11145
19276
2420
18104
6434
21343
15852
11177
5949
1726
13786
11156
11899
11158
11159
17185
11161
11162
10932
11164
9801
9714
11167
6869
9031
8416
20709
10088
8012
12770
2838
5102
9229
17861
6837
5016
5970
19876
12708
17389
21985
13311
20255
11188
11189
10496
11191
11192
16414
5801
275
3473
5199
2264
3432
15773
7674
16231
2620
6015
8535
14466
15892
20303
10185
6561
11211
17679
11213
18301
303
2761
20028
6356
6513
20081
20418
19150
11223
2721
19868
8878
6146
4092
6882
11230
4119
11232
14685
11234
2661
5019
11229
7405
5403
2351
15140
9589
11243
3674
13105
1851
15215
3678
20518
20495
20946
1682
5171
2783
5113
12436
15064
11103
11259
238
11261
11262
16395
12079
8509
5280
20212
11268
21391
9643
12399
19959
1666
14646
11275
6582
19191
2260
21739
17992
14029
11374
10330
14467
11285
2413
11287
16376
8956
19738
10392
11292
18875
10148
13207
11296
8140
11298
16482
13307
8651
16207
1023
11304
4125
14466
11307
12850
13102
13015
7984
6635
11313
17225
8982
18384
1975
16730
19921
16271
6999
21955
12052
13855
1009
11096
11327
21070
4217
21075
9327
11332
11333
4170
11335
11336
11998
11338
5900
7525
9465
10683
16025
15868
7339
10902
12420
5445
2395
12868
12284
11352
9624
4687
4396
3272
12117
15085
7726
13809
18729
11362
11363
18713
2919
7840
7479
11368
11369
7177
13244
11372
5042
20405
8265
11376
3930
20389
18851
14490
15700
10982
20123
11384
761
21680
16303
755
13427
11390
13461
11392
16083
16164
19994
8916
8873
16090
11399
6030
21501
11402
1703
5398
11405
1030
16932
12714
21224
11159
5364
16203
10525
16999
19919
1791
5495
19831
11419
21425
3369
11422
11423
10716
11425
10112
21137
16029
11429
763
9306
16928
20826
16713
10608
21241
17451
7647
18786
4056
11294
18882
10799
13418
13902
17292
1802
11448
2812
15688
12489
17888
3058
21726
1131
495
10706
3305
9002
3626
11092
9239
3421
6850
21453
3367
2933
4265
11469
11470
15455
77
13125
11274
8266
9804
2201
21165
11479
8933
11481
16963
16739
20733
11149
10737
21671
2699
11925
14152
17567
14541
6427
15710
3120
6355
5349
18209
13743
12756
9625
20643
11509
6047
11505
5801
9778
7452
21774
14983
11511
9957
1233
1493
5201
5897
4869
6593
11482
9500
11036
12473
20041
19782
11525
322
12486
14520
19764
3310
21115
14598
11533
5111
19743
13620
14605
18950
11539
4757
18512
16568
9187
173
11545
19353
11547
1168
21282
2960
3065
14980
4394
11554
11555
19841
11557
19898
19377
5672
19693
8649
258
11564
368
7092
7792
14754
19528
11570
11571
7537
21339
11574
16908
12587
10466
9940
16905
13223
19197
13572
11204
11584
11585
20579
21879
6368
13280
19217
11591
19639
5071
10372
14285
5465
6158
1852
5440
18242
11601
5539
6845
1673
11270
11128
11607
9287
2876
2836
1360
1322
3289
11614
9894
11981
2750
15728
11619
8851
9129
14965
13496
1119
11625
10698
11627
6079
16371
9489
14198
11632
2878
15294
11635
2854
5900
12489
8564
6445
11641
18258
19245
11644
12564
11646
10341
11648
14978
19859
5100
7805
14107
10271
11655
2579
4717
17270
9947
11660
6496
21452
20880
10478
184
16332
11667
2111
14350
11670
8774
12319
20779
20935
13407
6526
18674
1176
11679
11680
6313
4006
11683
795
4604
11686
903
6846
19836
12516
4415
20288
1885
9438
3941
6589
20396
20117
15808
3911
15176
8401
9605
21057
9109
3633
11753
2645
19779
2423
1526
3947
1475
17632
6352
11659
7370
11718
11719
5047
7632
11588
857
824
11725
11726
1313
3258
11729
16757
5316
10483
3862
10895
6755
15391
19566
17556
20881
13614
11077
2559
11743
8951
3559
15871
14222
11529
11749
7483
11751
3749
12013
3848
17380
11756
11757
7371
16686
11760
11761
7254
13334
12511
11609
4227
11767
9951
7612
11770
3814
11772
11556
18171
3097
19295
15820
20851
21612
18211
21539
8074
18856
10746
21272
6391
419
11788
84
16172
15384
2122
19379
11794
13130
101
8743
3983
11799
4841
2545
18633
20342
13885
20341
4890
2134
5787
10518
11982
12388
11146
17185
8914
3720
12369
7494
17759
19429
6825
2304
5809
10292
20091
11825
9968
12550
12785
18275
19553
1900
18799
15625
11883
5403
17670
256
1908
6586
3875
3964
20653
13352
9758
20468
2684
9336
5729
20078
11850
16905
12406
8065
9011
15491
18036
3524
11714
7728
20085
16972
18882
21543
5455
18769
10496
5173
21176
7873
17188
2545
13728
20533
15162
15457
11876
15842
8167
3033
18046
4241
1098
12992
11884
19096
15639
11887
14795
10031
12474
9860
4017
16966
14404
10248
8401
14506
13443
11899
14912
1459
15952
11903
14094
11905
10947
11907
11908
18404
2358
20756
13440
11913
16977
9092
9123
11917
7208
19643
18372
14278
3054
15828
17153
14501
2309
11292
11928
18173
3679
11931
21077
11933
18166
21089
9491
2575
11938
11939
18298
1065
14734
17279
19256
16097
13956
11198
17927
1663
18488
4480
8660
21948
1076
15615
1676
6221
8604
7350
19635
11961
6751
16680
9180
13126
1022
10940
12870
9110
11970
13590
7543
3668
4353
5165
10476
11977
1877
4342
11666
11981
11074
19205
8720
11985
7155
4242
13755
603
9888
2468
11992
4313
17265
11995
6904
11997
1935
11999
6804
12001
10325
8419
8886
1135
4541
11586
8894
19594
12010
12011
12333
5864
11514
6732
12016
12017
12018
12019
12020
8537
18172
21284
11277
10872
9754
19506
11508
15396
12030
8469
5969
20253
5783
21535
13357
9567
12038
15685
21162
2787
2650
12043
76
14798
14985
3433
18271
2797
12050
1834
12052
9058
16179
18910
9305
18599
10520
7191
12060
12061
6260
20261
2966
21976
6887
3526
12068
12226
8629
8386
4860
15666
12074
14909
12228
19603
17035
11098
21865
20153
13144
12083
20583
1001
7781
5017
3359
9246
5309
11372
20470
15460
12075
6539
12096
12886
21587
12422
13427
18162
12102
16088
19622
522
19252
12212
12759
1474
8674
19501
14812
12113
12114
20378
5000
12117
11243
500
7723
14200
12122
13360
12124
3437
14070
12127
12709
8882
16994
16978
16547
10525
3389
16377
18688
903
20216
21402
20643
21687
11342
3673
12144
4708
12146
18971
3487
11110
451
2396
18472
2681
3201
12155
2060
19506
10895
1347
1181
4058
16624
15734
18552
10954
7058
12167
12168
4573
13951
12748
12172
5809
1861
12175
12176
12177
12744
2925
5566
19037
12182
16793
15515
2213
11947
4110
15004
878
1088
13333
2641
17283
5669
9537
9248
12162
15026
12199
3084
12919
20093
13909
18629
15784
3559
1091
18374
12209
21273
10499
5829
11430
8683
12638
9091
5576
14790
13008
4155
12247
12222
4891
14153
831
7308
21139
7584
2545
3866
6596
12232
15717
7438
1094
6319
20129
2533
2255
12240
5455
17002
15325
5295
9848
16993
3794
19909
1317
14318
1611
18501
11340
2168
17964
625
12756
6840
11561
8124
4547
13523
4106
21968
3366
7011
17543
15285
12269
15250
21879
16121
12273
13662
17580
12276
17401
15683
4170
18020
4663
12282
18603
12873
3901
18873
2351
7947
11193
3333
7966
308
1446
9258
12295
17007
6215
18487
12826
11657
13651
12302
20821
16762
18318
12881
18032
2165
19292
12310
13695
16120
12764
21236
13764
6264
9064
12318
20475
10037
2788
12322
8752
10811
11238
12326
11383
10988
12329
12330
13464
14925
20812
6242
12335
14883
4916
1939
17203
10571
6581
18298
21324
12909
12345
14614
5464
1999
12349
11298
2897
12536
12024
12354
6238
7187
19539
20611
11147
12360
21008
18980
9520
12364
6398
15859
13636
12368
12369
9271
12371
12372
12373
12374
11065
12405
977
14252
14847
7425
1802
20960
12383
1585
12385
12386
12141
15167
6162
2982
20060
2222
5060
9988
12392
15217
12934
1851
17742
15393
1408
11455
19060
12404
13554
21980
13115
4286
21299
1679
9349
12412
12413
12414
11986
5055
16785
12418
19189
13152
10446
10892
5423
12424
6055
9238
13532
19914
14489
18546
3285
12551
11257
12777
7827
7548
12437
13191
21930
11403
1059
6390
11672
14533
7505
2962
10569
11489
8484
13224
2270
7468
12453
1647
4030
7897
5406
1507
2625
14589
3801
12462
5028
5234
3992
12466
8929
13652
12469
459
2041
8370
1839
1421
1479
18082
21749
12224
12918
15002
1882
9725
8602
19416
1961
15885
18672
12488
17842
13316
4147
12492
12493
5252
16348
13955
8298
20451
6074
12500
17597
21748
12503
17616
1802
16154
2988
17559
7283
17037
3792
12512
12648
18499
17197
19910
4125
11203
8612
12520
19624
12212
12523
12524
12525
19117
11694
5232
4986
4367
19992
12532
17231
21465
3798
19668
10179
5553
17154
21801
21627
889
10678
19115
19808
4462
20879
12548
3584
3811
8667
17515
12463
9292
8751
20710
12557
10707
17947
2949
20005
12562
11786
20474
10212
15210
15232
17469
18213
6027
21653
12572
16544
288
10568
10686
11814
5755
2250
10701
2343
6929
21729
6027
20058
12586
21461
12588
12589
12590
5566
16600
15442
10404
18553
6193
15065
1950
4256
2159
20982
10014
21791
10731
18241
2380
10799
12608
3115
1280
12611
5614
16828
10023
15188
18974
3853
12618
17217
12648
14820
2901
16997
17826
9382
17201
12627
851
14374
1168
15308
16401
4458
12634
17530
8120
12637
21681
16509
1253
12375
15962
9471
4069
6956
5288
12647
3394
15702
16644
2838
1687
7877
9656
21935
2216
12657
3925
2145
12660
17322
12662
18419
6298
17094
19108
10320
9836
5057
21037
5657
20208
19819
20403
20830
16739
17245
21940
9121
12680
12681
19795
5138
261
12000
16913
6532
5301
19653
5106
15914
21472
6758
21896
12695
15862
1058
15783
12699
12700
15068
19530
18911
15554
3756
21953
4386
370
12709
12408
8037
7328
14355
12714
20472
3155
9634
5039
5309
12720
11812
5770
7554
2194
19615
12726
14164
5307
8346
3229
12731
12732
4588
2018
19984
12736
6186
17614
14052
1582
2278
129
14854
5015
12745
9929
15404
4310
5744
15000
18405
10638
12753
19423
1161
8420
12496
4615
10626
12671
8277
12762
12763
11298
19729
10285
5832
18383
4485
1628
1545
12772
3356
16189
12775
2180
17183
6776
3304
12780
2326
5550
12783
21158
12785
741
12787
1395
13927
20380
243
845
16870
21293
12795
3004
13044
4094
19530
16497
17612
6592
17683
12804
563
6210
16471
17605
14769
12810
6599
12812
10972
11757
1831
3112
11838
11563
7922
6117
8389
18210
16109
14276
21930
20168
13292
11816
21880
12830
12831
11213
10722
12834
1815
3454
12505
12393
2947
15344
12841
20706
16181
15653
7964
9706
19848
20461
14204
5189
7066
13213
19127
16331
2371
2547
14873
1580
9630
1410
20826
17044
16499
17510
17606
5962
11370
16039
472
878
12871
10482
17796
7962
1495
7842
4020
2108
18762
4515
15013
21774
10108
14167
14346
7691
6605
17016
12889
16294
18681
20721
15394
12894
12895
6692
14908
15834
9826
18552
6354
11416
15085
12904
13150
8842
9929
14527
3643
10587
5001
14628
12913
16865
13254
1590
21100
672
12919
12497
2701
13376
3871
18573
7208
478
8244
15825
16745
21419
12931
13779
6787
12934
6952
17848
12937
7960
5724
16597
19220
11290
3861
746
5337
17791
998
14830
9260
14767
16228
11729
11309
3187
3357
11407
8470
1356
12959
321
12853
12962
6711
12216
6614
11220
20084
15839
2990
2502
15025
12972
12973
2632
9340
2518
4760
21355
20989
12980
9979
12982
6070
10691
12289
11551
7593
12031
1781
19772
11595
10537
8647
18429
4401
20121
11533
9889
7319
8256
13001
13002
4733
20364
1314
19777
5948
1495
13009
6773
3506
4611
13013
20512
1485
11356
19492
10127
21168
3318
9197
13022
6165
20701
3028
19622
6957
21024
13029
4633
13751
13032
930
18611
6093
20466
13174
21321
18786
3444
6062
7331
5134
13044
1139
13046
13047
14928
18326
20694
13951
13405
1345
7943
13429
10189
5644
7147
13570
21214
6334
808
4465
214
2155
13066
8637
20810
2255
14447
12318
19614
13073
20555
11288
6145
1125
6759
13763
12312
15314
2636
7474
515
9138
13965
15905
17771
18184
17718
16254
18098
14957
2973
3145
13096
13097
13098
13099
1903
20499
4989
8724
3709
9850
13106
17291
13618
5384
20887
563
261
6873
9911
2409
18410
1589
20871
16948
2510
17328
13122
3624
8701
10169
7676
13084
133
18411
11351
4532
2581
3452
10247
4087
13136
10560
2403
13785
13140
13141
19628
15377
18531
21957
2925
16348
13148
13149
1270
16737
17849
21586
13154
3033
13156
16149
19172
8996
13160
704
13162
12042
20531
4407
2857
1670
13168
4659
18431
14248
14165
14843
6039
13175
5943
278
1510
21331
6785
19421
13228
9978
1376
19912
14833
13575
6101
17246
21667
6945
13038
4736
13194
19902
15376
17928
13198
13199
644
11347
13202
13203
10627
4783
14939
19146
18719
16209
18118
7641
13212
8618
4304
9440
12170
16329
13218
17905
6746
21563
10871
14761
5906
1807
17904
13227
9442
7229
13337
13231
21762
13233
7947
3434
1632
21688
19522
13239
11391
21537
20334
20693
13244
7312
13246
13189
7647
15978
3015
13251
83
5868
19525
1865
13256
13257
13258
20985
13260
769
11243
6828
8909
13265
18603
538
5186
8888
13270
2653
13272
6366
3599
16592
13276
2526
13278
13279
2030
4835
13282
3269
17521
7538
6713
1758
8521
5279
15299
13291
5601
10406
20907
15084
7176
13297
14336
3789
13300
16770
13302
13303
4493
8891
3603
19316
10243
18471
17608
11657
13312
20782
4838
2068
11398
714
10121
17781
15089
21378
12052
20648
16020
8728
6091
13240
18789
19429
3556
13331
4865
12914
9125
1373
3909
7501
13338
21340
4101
11207
7585
9893
4268
13345
10889
3344
1418
19048
14514
15273
13352
1622
17028
12968
13356
13357
8921
10479
12123
13361
21703
13363
17448
9679
13366
15741
10174
18591
7606
1253
13372
19338
13374
8516
10944
9851
11793
3344
6790
15863
13656
13383
14386
19132
2197
4685
13388
6395
9321
1341
13392
3139
13394
19420
17075
1281
13398
19340
7568
12396
13402
2993
1750
83
2920
4535
10565
3543
1544
15525
17532
15411
3157
13415
11172
6766
19303
8471
12063
1887
566
9683
13424
21557
324
6742
7810
279
2473
13431
13432
14172
7558
11978
5365
8267
12208
13439
20339
11348
3337
1382
13444
9878
5470
2123
17586
1057
5793
11627
21874
11087
17765
19466
10450
12958
13458
4932
19173
21118
18536
14946
2532
1618
21096
11886
17318
13469
13470
18877
4852
4901
13474
5565
4491
10834
13478
13479
13636
7714
13482
13483
4336
1397
5190
11517
18454
628
7426
13491
21560
13493
15287
13495
3255
18347
20435
16865
442
13684
13502
15798
6680
10744
13506
10057
17002
21525
9587
4636
13512
14250
3395
16058
13516
10456
10524
3603
8359
20860
8992
8601
13455
18754
4533
14159
18684
14892
10724
14087
15141
800
18075
5526
383
13537
1801
12899
13540
8279
137
13543
15165
17897
11208
6045
11925
16127
1311
18534
13552
13553
16058
13555
15942
16012
13558
9324
15464
13561
12686
15074
6141
21360
21624
12279
11521
584
18816
1159
15414
18335
13574
4053
20167
13577
13397
5073
18038
10240
627
3597
20551
1534
11663
8405
12949
19566
13268
1379
13592
6499
10271
13578
19335
5927
10882
13599
13600
16271
3009
13603
20855
13605
10554
6606
7251
17911
6729
18815
3112
13155
13961
3894
18570
13617
19246
20381
71
1738
17857
5998
5800
10970
4080
14050
13628
20915
13630
10734
1404
12308
20783
18000
9685
6038
12858
4456
11095
12490
20383
13643
4817
11365
958
7700
10384
21114
12650
13727
13652
14577
21736
14795
5454
14778
17986
20382
5772
20129
5550
10705
13664
3014
13666
1712
8969
19314
13561
900
15965
20679
2992
18149
7136
13461
15577
18029
18594
13102
20837
8541
13684
5916
8483
13124
4128
19357
17216
13691
16895
7126
13694
11416
17401
14154
13698
19035
5331
14399
9885
5881
13704
1880
18030
1578
18569
13709
19320
152
9848
4023
12910
1260
211
13717
2853
14630
4079
13721
7742
13723
8459
15835
16245
1803
9048
12995
13730
2468
8943
10941
10646
1667
18021
19630
16119
3434
3898
8172
2512
6758
3383
13745
3227
13747
1624
19378
11387
17106
4482
13753
17301
21796
9994
4335
7645
16312
13009
10960
13762
10105
7846
520
21626
10576
565
5231
21580
20663
15877
13773
13774
10599
13776
2046
13778
16377
7059
13781
10223
4832
3142
8454
16690
3407
13788
13789
11731
855
3635
11510
21901
19668
614
10185
7003
18830
20308
13801
4309
1728
19774
966
7104
13202
13808
13944
11600
13811
5382
13813
13814
6132
444
16893
18380
6340
1625
15205
13822
14016
13824
16718
13826
1113
3189
8311
4992
20878
13832
12793
5379
15254
8834
3316
16504
18781
1671
1450
16661
2727
897
9326
13846
20771
5630
4667
20409
12843
10285
3068
3537
466
17303
15960
21027
13768
17236
12252
19770
18145
747
9454
21249
6893
16957
15421
15096
17226
18283
6867
1785
3325
20750
15866
15863
10199
17113
13881
19294
8572
13239
12996
5477
19709
3405
13211
11340
16398
13892
8340
21217
17232
12781
13817
21109
15735
5161
17430
10443
6458
4671
6114
12806
13907
17878
7832
20975
6676
14368
10985
7213
14102
7765
20077
13918
375
3818
4345
3448
6897
1998
914
13926
13016
9550
7718
4340
7189
9556
4544
14647
1934
10516
4163
9727
21237
11349
9737
3665
11000
12443
15438
4734
6151
13948
18115
6555
11873
5796
10766
21835
10043
12341
20268
17194
13959
11356
13961
9299
13963
20415
3207
21981
6679
11335
9125
21335
7146
15982
19008
3387
2963
10476
7208
20868
20962
1626
580
13982
7374
14965
19424
19370
2988
9535
15196
21333
13991
4244
3898
10552
2592
21662
4968
5493
17995
5345
6638
127
13188
4263
11346
3290
5313
18846
14009
2013
13843
11418
14013
10668
15138
2535
6865
16567
11800
14340
18658
8413
13090
12288
9619
9497
8783
14028
9477
14030
438
18657
14033
15417
3849
7780
14037
5076
703
11414
10817
17420
15511
13422
12387
246
14292
6480
1266
6104
4118
16293
11837
14054
12173
3927
1314
11052
9649
16389
14061
8206
14063
6918
12105
19843
306
4452
8569
17313
14071
2327
14073
6491
19433
14375
6923
5376
19828
10007
8028
12446
1592
19288
2833
4536
7963
4640
17358
14090
17416
15031
18917
225
16496
18642
10244
14098
7121
9198
13306
10356
21124
20405
4843
7393
13731
5329
10797
18416
3727
10953
763
18415
14115
21321
6844
10150
18690
14120
21376
14122
3063
5642
1313
20727
9335
11253
14129
5955
17856
8058
19606
3562
18101
7327
18266
11765
1122
12110
14141
11730
18715
13859
14145
11062
14147
6368
5563
13480
17404
7482
10522
3873
8132
14156
11582
14158
6704
10917
20038
719
10945
18910
7395
14166
14036
18660
1429
2169
8759
2074
10575
17056
20525
17659
17729
4648
530
9869
7388
6606
8445
13980
13007
14186
11507
19933
14189
7011
13080
20858
4448
15003
14195
166
605
14198
11483
5568
17701
19058
14203
11359
6284
8434
11475
8734
13229
20015
11268
21339
6839
5958
6954
12881
21122
1384
18538
6150
14167
1652
19266
10840
11476
10198
1819
11866
14229
16991
2603
15902
19923
14234
14235
15914
18831
211
7948
12384
5979
16777
9254
21031
432
5311
10355
15178
3239
2136
4223
14252
3713
8735
10439
19349
16980
10814
14259
12694
18571
7761
11955
11098
19628
14266
14267
8717
14269
14270
14271
2309
8236
10284
20536
5876
1392
19801
10349
7327
7345
21465
11520
10167
16362
14286
14209
12109
20763
837
7828
15201
1987
5285
21137
5265
14297
3733
8634
14300
19250
9863
18766
21834
14305
698
14937
20326
14309
6498
1665
14581
14313
12813
21886
14316
8640
16708
4348
14320
9282
12935
19272
14324
1790
16411
13346
2674
11541
11720
13645
5106
14333
17282
13178
14336
14337
14338
17390
12088
21091
6019
19675
19973
14345
16935
14347
12061
14349
3124
14687
8044
14353
4417
12566
4763
14357
18438
20488
14360
16098
18199
7906
11749
14365
13967
10134
16438
16257
18372
2201
14372
17870
17377
9235
19939
14377
14378
14828
8760
19948
3947
11808
20109
20736
10391
19072
14589
9902
3995
19685
21225
17517
18482
16062
20305
14654
588
5023
14400
19405
14402
3492
10427
15862
11654
14407
21727
20323
14410
15704
8087
10314
15703
3958
13403
18971
13623
12678
1797
14421
14422
16047
8021
2683
11844
9543
5693
20549
3697
18834
19666
14617
2503
6431
11402
16953
14438
3735
3240
1967
18860
2868
10372
16333
10654
7021
15178
17495
11384
11421
7209
14453
396
1264
13046
15345
17930
18860
19797
14461
17815
3299
1185
14465
21039
11319
14555
4595
11121
2142
16643
7117
6942
16644
18029
2095
3779
8635
6595
21146
4922
1855
14484
1289
15267
20712
11408
14489
10306
14491
6961
21680
19723
12246
6656
19380
14498
14499
1535
363
21603
14503
1242
2771
13718
15964
14508
17063
144
16058
2209
21500
14758
10601
14516
7280
573
8402
19017
18310
15337
1501
7547
6055
14526
5305
19320
4196
14530
14531
8099
7207
410
19171
5269
20284
14564
14562
4842
2806
13473
15060
1105
14545
13489
21624
13420
14087
14550
14824
14552
20663
14554
20191
12293
9150
17925
12395
19969
7908
14539
625
15451
14565
11180
14567
20533
14569
870
16319
5116
20867
13827
14810
14576
14577
11717
10308
14905
8945
10553
4271
14391
14585
4845
14587
8430
21756
7222
14591
20053
19143
14594
19758
14238
1053
14598
3157
13853
4425
132
14603
20930
14605
13941
19351
4854
15919
14040
17799
8050
6465
9501
7897
19516
8296
5701
14619
14620
12062
16677
14623
13597
18455
10262
2985
14993
16056
7269
489
16654
9524
5660
20153
15817
17804
10907
8773
19356
10551
19311
15934
17824
1448
485
12770
7716
20475
7786
6655
2683
9246
16656
20505
6611
13883
12546
14659
10617
16456
18288
12806
14104
17848
18437
14667
2084
4174
6684
14671
1362
17854
11274
19227
19269
7820
330
7094
12464
17982
14682
3488
3970
4618
14686
8620
4933
7978
12164
21628
1494
14693
247
18797
18136
14697
18829
20970
7593
10344
14702
19596
14704
7048
4248
21863
817
14709
19656
153
17489
8173
15105
14715
12660
4323
3365
3618
12433
14513
8772
15612
6216
14725
17201
17480
1588
14419
8171
9702
3497
14906
14214
6109
14736
20778
1829
5866
202
21026
5099
17411
10528
3390
10999
17034
17265
3186
554
13979
7920
14329
19821
1993
16813
16360
15804
17140
3365
18296
14762
14763
21911
7967
3314
14767
2915
15431
7495
14771
19566
20853
14774
12991
3285
11807
2835
8641
5064
8205
1712
18092
7218
1753
2932
16278
14788
14789
18868
4621
13763
20632
17176
10415
18749
12102
8250
14799
18742
7744
14802
20772
4055
2948
5441
2204
5330
532
4782
14811
15729
14813
5350
21517
18977
8440
6507
15848
12798
14821
21942
14823
628
1766
421
20021
1160
14829
21383
17966
20935
17994
7407
20441
10563
14837
9739
726
14840
14841
21521
13173
16520
14845
8655
7801
12472
9120
9499
20652
14852
14853
10813
16051
14555
13207
14858
6526
3685
19460
8488
18017
21938
12949
14866
17671
21616
2239
7060
14871
20276
6058
14874
17412
11491
4966
3439
11705
6055
15379
18040
17406
14884
14885
21664
20865
14888
14889
20429
20328
18382
14893
1551
10893
19450
2206
4555
9239
16616
18107
8721
13547
15985
927
14906
14907
14908
4644
1626
2256
1637
14913
15336
3773
19428
5913
9974
3701
14920
6853
15838
14923
20834
14925
7302
14476
11329
7127
14930
14931
19006
17069
13424
20335
10850
16186
14938
1044
4159
16744
15153
2787
14944
14945
17156
8590
10487
14492
6280
18392
12129
14953
14954
4806
12157
7073
14958
14959
4774
15090
2911
14963
18506
19253
20385
5363
13374
2026
14126
16264
4073
14973
5693
6750
8905
15625
15651
19523
14980
1344
14982
734
14984
12046
3985
14987
11477
7798
14626
3395
165
21920
3715
2742
10821
6092
14998
14999
11050
19287
20732
16650
2114
15005
15006
15725
3569
15914
6769
4756
18765
15013
15655
11105
3872
10155
16666
653
1686
4446
11759
14538
15024
11976
12379
11473
15963
896
20880
7433
17995
21475
15717
15035
3307
15037
7139
9815
1642
20024
21425
15043
3939
15798
15046
12125
15048
13787
15050
19347
12879
934
3393
20087
5262
15773
6263
1965
7853
14398
18928
13102
16793
5691
19345
15067
10681
18906
12680
13680
12753
14555
4488
16085
12780
12318
15597
21219
5687
20807
19837
15083
17974
12237
3152
12915
10977
21108
18067
170
7754
10920
15223
6759
5958
8616
21098
1089
16912
15101
4472
1721
3119
1549
21918
14364
9492
15109
15322
1453
21697
14133
15114
17021
20550
11589
8381
15119
9442
19427
17890
7843
19302
11608
13273
9095
11613
12902
15130
6724
9851
17942
2921
9131
12601
6699
5374
7638
7797
13690
14107
19441
256
15304
18605
1835
20455
15869
19867
2476
4230
20072
9514
8808
20692
233
15158
13326
12169
9083
14146
21157
21591
6703
10190
16398
4767
20108
17493
15171
18855
16778
5794
17789
15176
1462
3270
2855
11789
6268
4262
15183
20857
17084
21525
16919
13930
15189
15466
15945
21368
10790
10608
1878
11622
15691
11439
8756
15200
5569
15202
2253
15204
9963
13969
21607
17134
15209
11819
15211
735
9083
15214
11247
6573
7673
15951
18250
742
17254
10338
10593
17229
9330
14390
11886
19895
15229
15230
8091
15232
21109
18713
15235
16945
891
2270
10307
4793
3659
13308
1976
18705
5425
21980
14072
16706
14898
10244
191
11659
9726
19362
15255
12928
21904
6533
987
15260
15261
5692
12607
14667
5919
15266
3287
18385
15269
11629
5827
12148
18070
16302
908
7709
4444
19204
11226
6495
1386
11500
5639
2611
12938
18648
3885
18782
15289
7414
1061
10063
10053
3555
15295
835
10633
19891
584
19667
15301
15302
15356
19593
17652
10962
14521
8374
2143
15253
9090
1145
15313
15314
4014
6946
3273
18435
10460
14556
6454
6567
1376
13728
4623
15801
15327
15328
10475
4496
9655
785
20094
20238
13494
7501
21300
10059
2355
12699
9664
3099
14501
3852
20606
7442
21956
10281
15349
15350
10939
11538
21428
4586
18014
15356
9906
5508
11150
5274
8835
13648
12685
13453
19416
525
14031
4612
5427
13231
125
10332
5845
16771
21584
6443
15377
6835
14281
13704
14399
19127
15383
9458
11276
15642
15387
9867
10244
9688
13608
21016
11813
577
16660
18629
4427
14194
21806
15934
1416
17014
18228
13679
13434
12665
17815
8143
15409
15410
15411
7680
12864
18053
13369
18220
10891
8194
8421
19955
17512
9845
9173
3246
16615
12062
17630
17755
10695
14323
1218
1469
8774
2273
14779
19210
2426
3101
3470
9190
5734
3646
5427
15444
18245
15446
19759
18547
1762
5826
15451
21055
3129
19911
18292
6426
12982
5951
15459
6905
10597
15462
10995
13165
19782
12948
17477
15468
8374
9747
15471
15472
18245
19767
13475
13459
7325
15478
15479
15480
21325
21646
20192
1348
12282
5928
1096
2100
4824
15490
14385
15492
17674
21820
10802
19386
14292
4430
3971
8170
6277
9193
7257
15545
7397
18225
529
10565
15509
20772
18897
10335
12766
16190
1751
15036
11748
12505
3156
19972
141
21335
8084
2175
11740
11930
15527
20328
764
6401
5912
15532
4210
18292
3055
7767
12365
9128
16947
8371
15541
3966
18903
21106
12823
15546
7874
11288
15549
20153
14022
15552
9368
16364
12242
11673
6343
13903
13206
585
3771
5383
6794
18123
15801
15769
17728
17286
15569
15886
17003
7332
16571
15169
1245
15576
7397
5741
10261
7553
13110
18198
17573
15584
16711
15586
2184
3827
15589
20604
4430
8644
4108
5546
11292
5246
1320
2505
421
2396
4352
12955
13656
15604
12730
13199
15607
16846
15609
20284
5779
20584
3016
19081
21155
4305
11121
6873
5952
9540
5676
9467
21412
8937
19882
1559
14347
2236
18728
15630
3181
20308
2070
21997
21120
13728
15637
18132
13615
15613
6213
21121
17751
15644
10858
18650
19557
3650
20734
15650
13546
20112
21715
15654
21105
17655
16509
5589
8546
9194
15661
7998
15663
15664
15665
15666
8334
16146
10287
12460
14103
18186
4870
15674
12094
853
5302
1484
20471
9786
13395
8834
18853
1357
5688
15495
8215
15688
20027
15690
14746
17743
15693
5448
19507
16753
4735
3470
8789
4299
12570
12486
17631
5853
15705
7758
18683
972
4189
15710
10490
15712
10033
15714
7928
1936
3981
7363
6831
7230
15721
8088
15723
3314
17278
5928
15727
5519
14581
20181
15731
2997
8367
8142
6142
14918
15737
6309
8889
11154
15771
15742
4224
3053
9444
21747
15747
16269
15749
13990
6905
15752
5637
15754
13058
15242
1291
12517
14339
21818
18652
15762
4166
13874
15765
9819
1547
10050
6283
19241
12545
6354
20840
4649
3235
13288
15777
21294
4342
4388
4210
20274
6640
8223
2148
21900
965
7697
14469
7857
4536
15792
17093
15794
14245
9203
15797
1546
7209
18724
9938
15802
15803
3822
6190
8921
2666
9115
3987
14285
9317
8319
9526
18214
6850
17347
7777
16853
12309
2389
7245
6948
4290
2354
19594
7188
15827
5852
15829
15830
18732
14972
15833
6040
15835
8873
14012
3408
21851
1576
2389
5138
15843
15844
9266
18314
8008
10245
8270
21323
6449
12633
2058
15854
14967
10908
9234
18390
16418
7990
15861
16009
15164
21226
10094
21288
8272
15868
15869
20362
8984
13537
1630
541
1544
18357
10687
15878
18021
4864
1380
14355
9385
8408
6129
4739
3718
14695
9307
21814
1202
12701
11050
14528
21007
2622
6080
12454
6106
4869
15630
15902
10134
20210
7076
15906
16131
4194
1254
17908
12475
16252
13088
11631
15729
15810
11499
14917
15919
8663
11331
4254
3736
15924
19786
10157
15927
20814
21349
7745
7239
16383
19962
1018
8151
18027
18818
15938
2104
3617
9897
434
21832
15412
6095
7607
15947
2346
21004
11093
20689
5684
970
15954
5781
15956
19596
11570
12068
5099
1998
17720
15963
15964
3964
9815
7657
18330
17583
17471
18995
12784
5646
15974
6105
9657
15977
8485
3023
20694
5567
13382
12730
16536
18916
10254
17262
14591
15989
13494
14525
2402
2899
4766
12654
4881
6409
917
15999
16000
11751
21306
15412
119
2117
15306
17885
581
16466
17064
12137
19642
20130
16014
13936
19182
15000
10317
21066
14690
17296
20833
721
10479
514
19662
10610
3599
4957
6369
20977
2967
7247
16590
1620
20822
9599
16038
17539
20177
16041
21805
12035
16044
16045
1448
19036
1429
1937
14936
16051
17819
10772
9345
4607
1780
14603
14622
16059
3021
7234
3768
14507
18289
18278
19667
12473
12788
1384
14487
20316
8715
9679
15391
8847
16076
16077
3030
9779
20543
147
14624
7032
13739
21145
15366
17649
18110
16089
11500
3227
15826
8307
21617
13565
21575
4105
20704
10134
16823
21300
21413
554
6167
3460
6698
16991
9904
14669
18768
1569
15362
16113
12646
8446
14326
14302
20217
10463
15014
13393
16122
14952
21296
16125
15300
10750
16128
16129
5432
7705
16132
3815
1702
6847
16136
3972
20685
2298
9966
16141
8377
21133
20824
15227
8869
2672
16148
16001
4979
16151
6521
7380
21234
21823
13343
19493
9218
16159
7758
13323
15730
9183
12419
10937
19497
14370
18219
11629
5398
11666
20243
4897
10680
16175
16176
3381
14055
10729
14892
20107
14910
6920
2602
3982
18363
20600
1609
1243
21834
13958
16192
7591
17929
6341
12698
21811
16198
16886
8644
4771
21204
8622
15055
4524
2164
310
16470
12014
15532
17324
16212
20638
3030
16215
21543
18010
7588
16001
1704
6490
16222
1474
18065
9201
20237
16227
4104
6143
16230
937
5466
919
19026
16235
18907
851
7323
7975
2595
13425
11306
19373
8343
7883
19101
10422
5842
20921
16250
6460
11277
20459
5264
16255
13191
14573
6673
16259
15415
2843
4827
20599
13189
21566
13507
6572
18730
2548
12777
6596
16272
21861
18128
5880
298
7041
16278
11331
18880
18408
1001
19360
13096
8792
1042
16287
3775
19397
16290
21994
5460
6048
16294
2478
10964
16297
17078
16299
16300
16030
6073
14255
5330
2807
21844
16307
13151
16309
3870
16311
16955
21854
15659
21115
4941
14859
17846
1585
16320
7383
8289
9249
16324
10569
9444
21958
16328
15846
16330
18327
7179
16333
11734
1893
3567
19806
16338
15969
2593
16341
16342
17249
21476
18655
2047
8103
19002
20745
17361
2514
426
12030
16354
20035
16356
7920
10986
20342
9082
9652
480
13306
20449
11250
13831
16367
8966
13049
12293
11141
9143
16373
18557
16375
15409
12537
8451
16379
16380
10499
16382
8397
10339
16385
1581
10652
16388
13687
17053
5025
16392
12972
16394
16613
17350
3848
10801
2183
2094
19192
19435
2011
16404
1893
16406
8648
20032
19763
937
1200
9339
15539
1564
17100
201
1204
15951
12352
12530
2831
2431
20918
1889
16425
17557
8491
19303
2060
12480
11058
16432
11001
21119
7335
11082
8414
21950
13889
11222
6692
10465
226
7505
7975
20591
2042
6052
14385
4957
6947
13776
15757
13000
3717
16456
5998
19575
7518
18004
2157
2251
16545
15590
20667
4421
13226
12969
18399
5375
7193
17999
2098
16474
4266
9682
75
11109
7967
8014
16554
6684
3257
1146
17294
10861
15018
16488
3049
16490
14788
16492
10613
17799
13103
19991
14031
19644
3873
16500
7996
5795
16578
16332
14455
20240
1656
7896
19807
4772
6305
5647
21142
20400
17396
19401
11060
15029
836
21496
16521
2535
18205
16810
3759
7714
11749
19005
21202
20719
10677
379
13475
20557
14479
2065
5664
5873
15973
16540
4965
1827
875
7940
7298
16546
6929
6553
17282
4106
8451
9657
5907
6998
16489
3851
11070
16558
3007
5627
14019
12788
19862
16572
535
7540
5167
16568
13363
21879
16571
11445
19893
20491
20768
16576
16577
5180
9257
11662
16120
8586
20719
16584
8776
67
10751
19872
2902
11721
16591
8910
19576
10795
16033
3847
7369
16598
12872
21509
19834
8600
12066
16604
9684
7859
16607
16608
18450
11845
11244
15580
16383
16614
11688
1258
17401
16618
2616
12441
18323
16074
14702
21395
155
20133
17175
786
9913
16630
9494
17772
16633
20443
10200
18933
17764
16638
16639
4039
7516
6744
11231
18825
7575
4738
16647
20566
16649
21181
15867
13352
20862
13205
4293
9006
17524
21569
10472
20755
10281
11021
9359
16664
16665
18153
2152
20645
16928
6145
1515
16672
3135
8787
16675
16676
1897
19481
14607
20290
6191
16435
657
11458
12112
10339
16687
8596
13258
8768
8216
13164
20075
8926
15629
16696
334
16698
4110
17634
15558
11955
1977
6665
13375
21811
5861
14480
21916
17476
8523
13370
20602
13184
8168
12314
16717
431
7440
8211
11821
5929
19417
14227
2432
21892
19906
7117
11715
13670
6461
4951
11954
20103
3573
12632
11201
17565
1620
9846
956
20735
4098
6627
16745
4001
3041
8121
17923
1154
3758
529
4948
1196
12413
16756
7851
2541
14793
11042
16761
15017
14914
16764
21839
9528
4566
10235
9763
6511
10914
10173
16773
16774
10177
7080
4843
16502
17776
11050
1381
16782
14345
16784
8892
9736
238
20116
11385
3796
21910
8808
18751
19980
9082
3275
17678
5402
5892
16800
4775
13713
12792
7426
7604
2923
16807
7813
13437
9161
16811
21284
16813
14388
18362
12618
20612
16818
1180
10572
3598
222
11318
18858
17632
2137
12806
16828
1470
10805
3717
2246
16833
5208
20749
17377
10305
18868
16839
10825
5491
1827
6023
18421
6411
14218
18262
7664
16849
21821
12542
16852
16853
20594
1487
10702
9046
4600
11124
4767
21233
10528
2407
16304
4418
448
17282
8869
16869
17352
2317
16779
4466
16656
16875
11843
16877
6394
1119
17355
1152
9236
619
15468
4896
14389
4157
8255
5113
16890
16522
10953
2748
19359
9230
16896
10114
6717
16899
9899
16901
3008
5726
2411
10843
13839
20420
16908
2802
699
7787
20859
15622
16775
615
20327
21741
7037
6748
18845
20992
11809
14431
7073
7687
15173
16927
7131
5935
16930
7574
19327
18826
919
9629
6629
7636
20123
8447
1569
16941
16942
17146
9768
17481
21836
19925
16948
16949
16950
16951
6664
19410
16954
16839
11845
21625
18818
16959
21437
20279
3643
16963
19254
6207
6379
14464
17818
16969
16970
16971
12190
16973
17807
5124
19832
10428
3207
16979
5615
20520
19112
12597
5118
16985
9743
13328
15262
15374
13971
14468
16070
15681
5900
13045
3500
16002
4462
1696
3602
17001
17920
14301
4041
20228
4276
2388
17008
5816
14715
14034
4134
756
14170
17015
17689
8944
4033
19070
18106
17021
12426
21314
6201
8280
2326
7807
7864
6723
4489
19181
17032
17033
10288
12078
15390
11352
17038
15707
11645
18729
17939
21917
17044
2113
7389
9323
4350
16260
2824
10970
7065
9027
1078
15564
17921
20086
3818
17059
3755
3951
17123
5777
8260
5790
9052
17067
17068
1730
4061
995
17072
11189
3569
17883
6148
15802
17078
17079
5321
13338
21374
17083
5232
7967
17086
10143
20825
11788
14108
14582
12568
18276
17094
17095
12361
17097
17098
7834
806
14977
6404
7047
19106
2125
17106
3593
1760
11860
10880
10760
669
10669
9687
17115
17116
6439
14836
16459
15907
9030
2730
15714
7483
16531
16934
18489
1670
14275
17130
17131
3521
2262
17134
17788
11791
1996
6702
17139
2866
17855
6882
2487
2322
8021
12850
6279
5394
6568
18429
1889
18967
16733
4830
6584
1647
7056
7180
18165
344
17161
20889
2887
18053
1255
21553
17167
2030
15686
2601
13858
166
17173
17860
3137
11152
17177
10800
17179
12287
13126
18005
17183
10680
1426
9467
16498
7624
20140
17190
17191
17096
21095
18912
15228
21364
6375
10175
20570
6361
15861
12918
4490
737
2550
17206
7996
662
11303
7865
18568
18022
21251
3059
3401
13646
5422
17218
13782
3458
12632
3935
9840
17224
12863
12385
17227
21598
17229
14921
21845
13757
18416
15327
17334
15500
3230
8003
11101
20605
7482
17242
10640
5387
7738
17246
607
2998
9185
14766
15634
5169
10417
15860
19529
10480
11429
13519
10842
2058
5606
3441
17263
5210
19388
5617
17267
17268
17269
10062
17271
6195
17386
7924
1428
12445
2019
15079
15584
17280
12369
20051
6848
3192
18477
12543
17287
1734
18292
17290
4773
16453
13879
17294
19710
12056
12922
1017
19840
20701
6236
578
2417
9251
5881
11162
21490
5258
2330
21573
17311
17312
17313
17314
21665
17316
2506
16911
7884
10837
19434
2878
15169
17324
6691
17326
8900
6001
8231
20909
7441
11226
6820
12707
21606
17336
14327
15717
7443
16845
17062
17342
9740
10286
17345
17346
17347
12281
17349
9898
17351
17352
16114
7948
10791
5711
8032
1320
928
9489
2605
19036
21112
3318
20556
16719
20273
17368
19948
7224
8166
17372
12571
3682
11256
7927
11983
20659
3727
10868
17642
1836
3993
16317
2493
17386
11724
5506
15986
3101
17020
21126
9623
19183
17395
20539
2229
17398
16965
3106
18163
7039
17403
7229
17405
842
7312
422
9164
5244
14706
20136
10016
6687
16270
9513
8820
2476
2133
18830
11800
15090
2926
10641
17425
21256
11348
9820
16756
18236
20955
21038
1981
17975
17435
12355
12502
15906
20414
9454
7215
16204
1074
1082
6211
16686
17154
4484
16112
17450
19715
5321
11216
6801
20321
6776
17604
17774
20309
7068
4480
1544
8388
12294
9780
19513
14848
13703
2661
16707
2869
7124
17473
13858
750
276
17477
3012
17479
14137
11505
4112
19248
17484
2977
17486
16762
1358
7467
10779
11558
15444
7289
12770
14336
13655
17595
12718
17278
16618
6457
4282
17708
6895
10660
15715
13366
5577
7044
17510
14300
20797
21096
13158
17515
11769
4908
14188
17519
1311
12041
17128
18755
17318
10658
754
316
19072
4011
1377
16498
20537
18914
11545
15278
5528
18312
21354
12537
17540
16553
12775
509
8095
7081
5190
15852
17548
14364
9343
17551
17424
374
13213
5656
7653
17557
8894
20246
12138
6506
17562
6911
13144
9703
7549
21790
15882
14667
17570
8986
7422
17573
7752
20584
2543
19699
17578
20919
17580
17581
14986
4697
17584
13646
21557
12554
650
8031
17963
18853
17800
19215
8543
5514
1850
2083
15786
2501
14288
17135
17602
13480
6241
17605
15424
12712
7107
17609
17610
14491
17612
21320
11406
17615
7053
7840
12189
17619
9717
14001
15075
17956
1738
15747
3448
1408
20678
11581
9182
8444
17632
18589
3246
11439
2113
17351
17638
8887
4211
17641
4906
20730
20273
6631
14943
21147
2068
18296
10743
13615
14401
11615
17654
18992
1445
20577
17272
21733
19749
7061
17662
6690
12073
21736
4410
15546
9145
7507
11106
8771
17672
7174
2484
21103
17676
17909
17678
14722
21713
3207
16242
1517
17636
13658
14956
4679
21109
17689
17690
17611
13593
19372
9521
16659
17696
16580
20769
5463
9232
17701
7457
19363
9323
17856
14242
2826
21763
10748
17710
2346
917
21329
1624
12807
5017
7381
17210
10576
685
9256
19912
14352
17724
2650
14651
6500
8906
2639
3140
1095
9404
4251
17734
16130
14229
17737
16485
17739
15435
17641
6376
10547
6193
6036
13905
328
19976
21508
17364
7258
17833
8748
12664
581
7658
16161
13896
2449
20913
17761
10899
3522
9325
19310
20642
6213
1710
14269
17770
8180
15394
10940
14342
17775
8234
6296
18837
1512
17780
11079
17782
9768
15030
12142
447
6770
14807
5486
17790
1354
6968
3168
7202
15842
5392
20298
16794
11397
15914
5331
14675
10222
17514
17830
8548
14137
14436
14989
12612
19080
17812
3767
13402
9375
15117
15780
15958
3975
11173
14972
3765
9478
21965
15492
17826
3795
3828
3312
17238
16600
14573
16307
2064
17835
21230
17837
17720
17839
15430
18881
6859
16262
16431
3248
19040
17847
4838
17849
10828
17851
17852
17812
21888
296
5807
4354
4131
20842
12788
2877
17067
3841
6689
17973
20588
21902
21066
16078
17870
17871
14497
7681
8597
13282
21709
21222
21482
19107
17880
15252
9412
6334
10411
2781
17886
20985
17888
9640
12703
15532
21976
9468
17894
11669
13221
19447
21476
2429
1876
4420
17885
9317
18889
13219
10636
3838
9786
18602
15518
19833
8713
21030
17154
19947
20196
11009
9512
10462
19263
12739
16796
845
17687
19679
17926
20257
13110
17929
2856
14382
10661
6714
12349
9068
21511
5144
2465
5731
11877
18378
17942
15903
17133
17945
19003
16240
11658
3148
15284
21310
17952
18125
9141
4356
3702
17957
4883
9416
8441
21050
17962
12448
17964
21612
5377
16088
16710
17969
13922
17971
17972
1426
17974
13229
4061
3757
14598
17979
14315
8850
14681
8725
17984
7345
3026
21975
4036
1548
8116
3565
10675
9595
18782
10216
8858
950
5401
9191
18000
5918
21028
18003
18004
18554
7282
18007
21787
6746
14123
501
19384
2575
12293
20955
13928
16053
5366
18019
13484
4129
18539
14502
5888
16999
18026
14934
18028
9757
5345
21547
7885
17746
17597
17477
4598
12330
14279
18039
7853
7141
18586
18043
5429
13609
4855
608
5651
18049
8675
1355
2317
7441
4933
15119
19619
3930
18058
17468
18060
15223
20940
17650
18064
18065
18066
18199
12873
4341
9093
1112
9728
5774
18074
11978
1228
18077
5490
7182
6069
7855
19251
8764
4457
19747
12847
20929
17916
397
3967
12458
16172
14130
12818
18354
18096
5843
11474
7015
667
18101
12874
18103
11730
2776
10652
21127
16288
18109
8217
19998
15850
18850
19779
18115
18116
15943
19164
1119
13548
5681
14095
18333
18124
18125
18438
18127
20559
18129
18130
6557
15911
18133
7785
9821
6788
7318
18138
11795
19416
18141
11165
11612
20832
18145
18146
3550
17222
10894
21034
15068
18152
9502
20544
5409
14938
1514
5626
18159
9124
13740
20570
12159
21172
11620
3308
4063
20226
14915
17377
589
18172
13313
13145
12461
18176
18177
8668
8049
5698
3143
13048
12533
470
18185
2236
18187
10844
2566
18190
18191
17104
4805
18194
1323
10671
15547
10066
19746
4985
10934
12810
1806
12465
21239
2711
13836
18208
16261
15182
11047
19284
21822
2426
13056
9299
18217
18218
18219
18971
9884
18222
11637
116
4892
18226
15284
19239
13197
19531
19974
620
1876
18234
931
20091
17829
18238
18239
6852
3048
9211
2422
7279
8832
9414
12059
9627
9054
18992
5331
4048
18253
6235
1078
19728
18532
11642
9148
20037
15971
21107
888
18264
18265
5564
9060
17840
8400
18270
2702
1520
8347
3874
9762
11910
8371
18278
20476
18280
7906
4997
4996
6002
1565
6886
5889
20350
7357
2821
9449
2306
16050
5910
16757
1288
3785
15755
9700
12984
18301
20157
9868
18304
6513
18306
10386
18308
18309
6745
8300
21533
7967
19262
18315
8038
15976
8697
18319
18320
18242
14638
1393
13774
15712
18526
21283
8962
18329
15694
1540
11281
14945
12098
15333
12185
18337
12345
17506
19761
20215
14537
18343
10488
732
9094
5536
15562
11629
12412
5667
15488
14634
18354
3996
18356
18650
21230
6222
18360
3637
5664
13354
13378
7737
18366
13479
12016
819
18370
18371
8235
625
2400
115
18376
2191
13511
2673
21080
20416
14705
7070
11199
6676
7862
14091
7596
18389
929
15265
13535
8253
11859
18563
2342
18397
16479
3705
18400
20596
18402
3467
10713
6299
18703
21982
9758
15344
7280
10885
18189
18413
1735
18415
17910
12560
12449
21180
17348
9312
19670
14468
13518
5907
6877
137
6520
1086
377
12482
12043
5786
15187
12219
5325
18365
2406
2460
5275
12994
8857
17743
159
20392
3911
15986
14928
18449
20034
18451
19453
18453
6345
18455
5890
19395
10877
15631
6718
18461
18462
15353
18464
18465
7614
1772
18468
18469
19847
10780
18472
12599
10712
9568
18476
2332
10396
4133
13531
11131
20812
9965
11835
16879
11519
8398
18488
15317
20955
18491
12956
14895
16670
1932
1120
19933
20611
18499
1140
3523
10009
5650
18504
2975
1423
1558
8286
18509
12395
4496
17224
11179
16695
18515
19254
3617
18518
1465
18520
1308
9944
8384
18524
18878
18526
2921
7582
18529
5141
16983
14911
16018
20753
18535
568
12353
21171
12073
21929
18541
13860
3081
6245
10035
13882
1462
4977
14475
18550
16673
17401
9625
4416
19680
21253
21151
16063
19870
15528
13335
6181
6828
12103
80
17838
13833
21538
17187
18570
14261
18298
17328
13126
12969
11737
8829
9916
3577
14181
1150
21756
2089
5218
18585
18586
20725
8512
3984
11879
319
7916
4666
5201
18647
4120
21796
13680
11119
18600
18601
6959
3979
2410
15146
17970
18607
18608
304
18610
5041
832
18613
2222
14236
18616
13707
10284
14320
9535
17838
5298
13599
18624
2665
7159
11928
17475
16237
2763
8423
11723
17382
21486
12551
18636
7864
12308
11334
6382
15012
18642
12662
18644
11921
6086
18647
18648
3122
11704
11565
12918
16356
3246
15248
17784
7176
9825
10844
7912
8406
14211
16052
21624
11143
6980
6651
18668
18669
8716
18671
2393
12366
371
3786
15980
21284
18678
12384
11838
4060
18682
15482
2812
16932
1530
19548
18688
18689
10687
1065
20318
11984
20359
17187
18696
7193
18698
10519
1794
9352
11580
17428
18704
142
10262
18707
1559
1935
956
18325
12677
11364
18714
13842
12344
11320
8366
18719
18727
3143
6230
17402
271
12312
19939
1818
18728
15407
8976
12296
13910
849
19554
19198
4661
4116
17219
20419
163
3117
4723
11027
19497
7453
8401
14825
16936
16592
11932
18075
14753
20322
11882
19838
8542
20567
16773
21521
18760
15158
13254
18763
18764
544
14272
18767
18768
18769
18770
18771
1039
9970
15024
1189
16554
18777
18778
21741
18780
18781
10274
10706
20195
9117
14379
19299
13117
20846
15627
9568
18792
1481
18794
18795
18796
7304
12615
10263
6249
15924
7757
16342
9081
9088
19646
1005
17140
4160
14880
19740
8320
381
15926
1524
8676
13484
4509
18562
2495
15813
1559
19247
21678
18825
19386
1466
9284
16897
18718
18831
18098
16760
15703
18835
18836
19682
17439
3427
13006
10217
5401
17284
9242
14312
4941
7748
14411
17122
11466
16735
12658
19990
17963
13896
3272
16232
18780
19156
17217
18861
5150
13974
13517
6887
18866
18867
21699
15799
18870
17499
16926
18873
5540
8732
18876
11420
4354
9491
8994
4200
717
19159
18884
18054
18886
13003
9910
8129
18890
6249
18892
14452
18571
18895
16829
2004
18898
14322
11319
19780
4370
9606
18904
16343
18906
19969
17914
2488
9558
10948
3557
7178
17589
18915
15985
9369
18918
13679
11744
18921
14412
18923
20423
18925
9303
4500
14568
19248
1684
18931
10497
7828
21099
18935
850
18380
18938
8096
18940
9660
18942
8229
14306
2532
17654
12174
21532
17398
4916
5253
21097
3791
17778
4756
18202
15687
18958
6984
1199
8222
18708
21961
18169
18965
14546
11756
8671
18969
18745
16298
18972
6095
19723
9795
8811
6632
21181
15015
9946
9216
1326
729
15834
18985
18986
10933
9664
8802
20300
16336
11262
18993
12609
4637
3617
20175
6674
1706
5603
15032
10215
3696
19004
4450
11253
961
3588
21332
20059
10120
19449
2799
19745
20025
17399
15785
19018
19019
7211
19021
15245
4708
12024
13549
15831
18237
4636
14814
15930
19031
18542
10530
15500
19035
17248
15212
19038
13495
20236
4546
12849
15010
1233
19045
21546
791
6089
19049
8718
21977
13831
1857
11645
14936
19056
11762
7459
21696
8127
7378
19062
3944
6621
13503
19066
5147
9120
21393
17018
19071
18990
1407
16848
19075
19076
10145
19078
19079
19080
9107
7503
21939
11889
4847
6490
4768
18917
4408
13493
3192
15840
5064
20057
11418
4283
1538
4254
18565
2693
785
1062
14969
7658
9994
1748
16785
12181
4958
19110
4129
19112
12802
17841
17086
1349
1193
14097
5424
9500
19121
10937
741
1303
10148
13576
6810
21934
2225
16930
19131
19806
16134
20384
18449
14818
18281
19138
3640
19140
19141
11271
3175
7686
13902
2653
7139
19907
12431
21550
19631
19152
21634
10626
19155
20040
17150
15180
1639
8952
17595
19162
1366
3707
1724
1784
19167
1151
1134
19170
5396
7778
4932
20375
19898
19340
12135
7123
1455
5024
14060
20319
16479
21436
360
3740
10562
3361
2563
19190
5744
5279
18816
1281
728
4729
21706
11367
19199
3960
12376
21062
3949
2907
11983
18444
19207
2891
9870
19210
18611
12606
5641
12593
5511
19851
12731
19218
5814
1341
2635
14834
5338
5887
19225
12641
19227
13624
19648
2529
1329
13795
19961
8680
21090
5109
5772
15680
20668
5914
2152
6423
18902
19244
17650
16825
14900
14309
8306
19250
13952
9765
6352
9242
19255
18479
3871
5295
3580
19260
7777
2514
3656
14015
13116
4802
16759
9907
881
19270
588
15465
19273
19274
9441
9919
19277
3006
4626
11874
18323
9417
21811
534
17204
19286
2051
9080
16605
1213
6904
4635
4984
19294
2601
19296
13832
2508
11179
19300
17325
5908
17433
10444
19305
18494
8113
11403
14139
19310
5926
4915
2072
9966
1248
12329
4067
19318
18502
17808
13422
18357
19323
4441
20833
19453
12346
20919
4445
16437
19331
9801
15868
19334
13596
21951
19337
19688
968
20431
2326
17812
21314
14201
11285
15085
15282
6094
19349
17476
12188
19352
9823
9637
8549
1245
15294
19358
15284
6008
19361
10937
20058
9665
19365
21033
7207
19343
18069
868
3897
6706
106
15163
9090
8700
11559
6947
13987
17133
18801
9787
14787
2927
2506
19386
19387
15413
20947
19390
5799
19816
828
19394
17250
20305
8980
8043
12628
4292
13524
5196
19403
19404
1771
10249
11764
21059
4672
19410
8148
1145
1560
19414
21648
11789
736
11828
9935
1607
9431
12707
17938
8306
19425
20089
18175
19428
2087
14350
8663
3884
13293
17020
4553
16871
3577
19438
19439
15145
6428
4960
12171
15837
18523
4002
5535
597
17777
19450
13149
19491
9521
19883
19455
19456
19457
3845
19459
19460
19461
663
19463
20697
19465
4543
11484
6848
13078
7904
18057
4479
21445
21350
9641
6341
19477
7143
3419
17742
13810
16897
9327
17596
7384
19486
19487
16277
13579
15912
3453
18308
5691
5871
19313
9208
3047
8390
7605
8195
19322
21236
1316
12639
19505
12027
12324
8694
11874
7206
9814
2531
9278
5094
13170
19516
14151
7555
16965
2379
17498
9041
499
2572
14479
6890
8958
7045
19796
20150
19531
10458
13582
5848
220
18031
14710
14553
9748
7182
16747
19358
19543
11528
9460
2383
9475
16590
3863
2451
4880
6412
19560
9466
11548
2321
14003
777
19559
7847
187
9450
18925
11227
18009
19566
19567
19568
1575
9204
877
937
19573
20150
11184
11282
10345
10277
778
8373
3077
11506
16931
5770
19585
5145
21346
18837
7758
3350
18008
19697
6799
21869
8816
6435
6678
7819
12030
11647
17175
6974
7887
14371
21325
3456
17017
15472
19609
20312
12474
4131
9873
10002
860
19616
20750
10402
20368
10408
19621
12104
3313
6622
14395
19626
5498
17938
19180
5835
14572
19632
20488
1625
1236
3125
1630
6171
3351
7223
13111
19637
13219
19644
19645
19646
18099
19694
9989
1990
19418
3082
14183
19654
6016
17949
7818
2644
15608
7950
16631
19662
13143
19664
4664
19666
2442
8443
19669
18767
7966
4181
20508
16851
11950
19069
19677
16873
12676
16104
5636
361
19683
5128
21908
8856
12537
20004
18288
12818
19691
5993
3216
1863
7977
18333
13054
4303
15070
21314
802
3167
17983
1565
14670
7544
19707
6834
21728
19710
19711
73
10175
10450
19715
19716
19139
14119
20039
19720
20040
1035
7330
6544
7645
17892
19727
14104
7553
18155
10701
19732
852
19734
8368
1459
9663
15230
12575
10548
17270
9751
8473
2756
14414
19746
19747
10770
16239
12710
14883
16324
15483
11192
10580
19756
4907
1050
16827
5951
18074
10682
4327
4651
11121
20824
10636
14626
21172
11605
19771
1849
11214
19774
16760
17120
16135
14306
18114
15081
19781
8707
9634
14872
14947
15570
16472
19788
19789
5854
5937
6745
19793
1447
13426
4540
21896
19798
8741
4960
19150
11904
11110
1973
16466
19426
18287
19096
19809
19810
6697
16010
5139
1524
7853
8500
19817
19818
7646
4301
18896
5863
19823
16658
2554
19826
17669
4825
15168
436
3520
12393
19833
1113
19734
9645
3817
13349
15796
21859
19841
18382
4133
16606
20793
7916
19847
19848
3212
20707
19941
2574
266
6371
19855
21801
19857
17307
19859
5444
6949
4404
19863
8937
11431
8328
17721
20951
19869
16247
11864
14563
11549
13864
19875
19876
6424
7290
643
5933
12804
6082
16512
4702
19978
4571
8697
19264
15468
9950
16389
16063
21245
18646
13510
18906
17965
7412
788
11826
1535
13195
19903
3138
19819
11136
10073
14514
11542
3330
18951
903
14782
19282
19915
10083
3851
14720
18577
13699
2099
13778
20959
13644
1258
21155
6150
1273
16118
19930
19931
11844
13269
13410
19946
20042
793
19938
14376
18012
19941
8131
5720
14317
13832
184
20504
21527
439
1594
2372
2917
16641
21817
12971
5947
9257
4279
19959
18748
16596
16923
19963
21850
535
6430
6826
7301
19969
9574
1743
15520
2621
10638
21032
7743
12470
21223
17438
2560
8041
18898
8462
16245
3211
20354
19987
6942
19989
8169
18602
19992
8763
4946
14298
6202
16544
19269
20705
17599
16263
20002
16754
19659
17733
20006
7888
4643
10863
17753
20197
20875
12957
13792
2759
11368
5725
20018
20019
4572
11636
5551
10161
20024
14257
16289
21245
15099
5115
20978
7327
6403
20033
4638
574
6636
10915
20367
5869
13911
1340
20042
16642
4570
12624
14207
9948
2700
7416
15414
20051
16018
13317
1312
20055
2835
19115
16729
10981
3099
19102
665
18436
13938
4122
20066
14385
5459
76
5577
14504
6708
21537
5982
14457
20076
20077
16059
2516
4097
4784
20082
9167
11031
1328
20086
13504
20088
20089
8189
6669
20092
10728
15523
20095
20403
20097
9181
20099
9048
1401
14151
18560
3874
2046
16001
7561
17989
16601
1643
4957
16375
8730
17422
19511
21996
15817
18865
7366
4332
1581
1968
16938
20124
9350
7177
20127
1587
6644
545
15304
7377
9878
20134
7279
12507
7337
2338
13067
497
14997
9756
6442
10245
17665
17343
16738
8859
20149
12307
357
11701
20459
461
21899
20156
13246
21123
20287
17891
7519
208
19071
9885
18190
20166
14683
6256
10357
18969
16921
17388
8047
775
9638
4188
2292
1006
20179
15397
4670
3119
6901
13808
13861
12724
16378
9746
20189
21657
14192
4335
20092
6345
3575
9448
20197
18654
13653
3747
6798
20202
20203
9633
5123
8062
6628
20208
20209
20198
21771
3123
6484
4592
4213
20216
5279
16841
20219
21273
7368
14106
1274
1271
21034
2300
18197
294
11912
20230
8896
5620
7594
19457
2291
12069
11617
3613
275
13018
3706
17377
4270
14161
17440
4887
11442
15164
11248
21230
14342
9180
1786
1657
18369
10424
8053
20258
730
12973
6980
20262
20263
17710
5700
14668
13658
11105
9705
20615
2838
11823
13857
20274
8481
125
6642
305
7630
1878
6852
4763
18894
18251
14383
18115
16088
5050
17132
10807
17050
7435
14546
7959
5312
12401
5524
2539
7384
6916
5695
20714
13173
6857
1053
16300
13141
12330
18418
20310
18167
20312
11517
4056
7288
17005
19780
20318
10360
3633
4872
16256
10452
9508
16054
1380
13421
18817
8594
16522
13694
2704
20333
20334
15501
17778
8213
20338
8212
15259
9257
13825
13950
7866
16989
10609
20347
17225
5518
7448
6791
19312
15497
6631
18602
10066
1750
20358
17064
2617
10656
9240
3592
20509
2096
12466
20319
13134
16566
8389
1268
8196
12760
18069
671
18918
9913
4509
5980
4798
10894
6294
7839
20384
6078
3766
8667
2292
13878
1309
5207
18268
5936
20394
20395
20396
4915
11741
13849
19587
776
18431
20403
11663
7940
371
20407
19169
1256
1224
14049
550
20413
12265
6845
20416
4368
19066
19016
20053
710
14509
7343
4021
8001
3432
6948
4973
10054
18484
584
10008
11278
3703
20435
293
18844
14971
17729
6911
6870
1547
18731
18214
16332
20446
11336
20448
3156
9676
19628
14659
20453
20454
19340
3405
19462
15913
10382
3592
1127
12917
14038
15566
7696
19099
2221
10379
13390
5077
3698
5268
13148
19367
20770
18193
18754
12218
5797
20480
9690
20482
2697
4644
13332
20486
7899
11841
12165
20490
19014
7809
20493
20494
18067
7585
14504
20498
21287
1997
7260
20257
7894
19363
5946
20963
13470
1272
13316
786
14865
8287
20513
18161
3499
21599
7666
11991
9773
20520
10790
78
20523
14120
20525
2212
20527
12155
126
20366
1337
9773
1755
17807
18343
19088
14755
20538
4129
14853
8255
7987
20525
2371
19754
20546
20547
2466
10070
876
14899
15213
11085
4688
2786
20556
9612
16178
13433
12742
15228
21143
20563
20184
5665
20566
5897
21955
1009
13343
15387
18939
12878
493
1680
6975
18129
20578
302
17449
20581
3071
753
7952
11036
14284
20587
20588
9432
9329
9086
19922
14231
8690
20595
1554
14756
15991
5492
20600
208
393
21682
7070
20605
5242
16013
10401
5146
20610
3828
4943
14029
17055
20941
19029
9517
20618
21990
10656
13373
21428
21600
12818
11616
10001
18169
20688
21227
14613
4559
16845
3775
15513
19613
13910
1848
8229
2608
21428
20641
7335
3606
20644
12005
17676
20647
10512
12428
13196
20651
17235
6763
17055
13463
11764
17283
13733
10558
11599
16602
11498
7377
18397
20147
327
11282
15632
5728
4587
20671
1354
581
10131
7465
17410
3326
13466
20679
20680
21792
4943
3698
8847
9300
21599
6057
15702
15815
10246
8981
8490
1160
3539
20014
8496
20697
2667
9419
20700
16421
10991
20703
11162
1211
10018
15055
20708
5949
20710
4264
9282
8838
13166
20715
5231
21994
15323
1567
4390
11314
20722
21031
8483
794
20726
7973
20728
5206
16665
20731
20732
1005
20142
8137
17566
14394
20738
6456
5746
2747
10563
9296
19283
7372
12319
16961
19511
2293
4955
17824
3576
5315
18559
654
16920
20757
17251
20603
19464
20338
11234
14289
14814
5468
17614
156
21560
10539
13620
11133
14157
21964
1468
19346
11152
20777
1446
1521
15438
18417
14544
3452
15252
11432
5334
20794
4945
10253
19119
11470
2071
15015
20787
20795
5594
18495
20798
6910
19908
20801
16570
14353
6646
14916
16210
18383
15523
18968
7404
21625
782
20813
20814
20604
18354
408
20818
20819
20820
21333
6403
8155
11827
20825
20826
1765
6408
361
12772
12851
2138
7444
12512
6807
13181
19487
21392
20839
6225
19638
11973
229
16804
21380
15482
15992
119
13631
18113
12914
388
3702
20854
16964
17019
15816
13137
14889
8546
14168
20862
12850
17934
10559
20866
3658
4174
14014
20870
19569
18267
6076
2784
17730
862
15461
886
2109
20880
5906
3375
1812
20884
20180
15600
3277
3653
17049
21541
14351
5365
8568
20894
3638
20896
15419
2090
16520
20900
5946
16081
897
15560
18621
8057
6705
20908
12364
7496
16841
9004
15665
11535
14614
12277
3682
2550
19353
10064
16249
11114
10187
5190
16989
20926
13080
19195
3667
20930
4884
20019
4130
20934
9911
9166
21194
20938
18679
17995
7497
19295
20281
18911
3006
16148
15921
20948
6800
20950
17161
20437
10339
12842
8152
21390
9636
20889
3682
11290
4482
20962
4694
14808
15921
1246
20967
2199
15386
8534
4903
8448
15963
1892
6073
12148
14201
20978
6429
19504
8268
18334
6918
20984
17097
20986
20987
20988
20989
20716
20991
10296
13732
7449
8859
21662
5986
6232
17323
21000
21001
8375
8845
21004
20009
3122
4859
19519
6980
9398
17600
1951
2103
8910
5126
21016
11003
14229
21019
17306
16124
5834
21023
21024
215
16543
6588
4215
1804
21030
11759
6563
10500
12652
11191
19067
12670
1924
16819
11465
12910
12740
21043
11693
21045
18904
13805
5599
12939
10562
19070
21052
8040
16944
3807
21056
2631
11815
14564
21060
3595
18814
21063
17224
3315
19167
21272
3875
7595
13458
17859
20183
21073
11648
1372
19270
21077
2621
15654
21522
21081
1229
17008
8998
9467
12270
12112
15207
6486
21090
11696
21092
11851
18580
20747
1011
18234
19771
16798
2038
12002
21102
1865
6826
7464
17338
13456
14414
21109
18203
7732
21180
6502
21114
16611
2013
666
13461
10814
17295
1653
14478
21001
21124
19946
14839
21127
10764
14019
21130
8716
6976
21359
21595
4642
12340
10934
2022
17175
21140
21199
18579
11236
21144
21145
1613
11142
614
7995
13613
13555
21152
14674
3678
2332
3091
7509
7005
7038
15579
21161
14734
17436
245
16756
6082
21167
3288
21169
3468
21540
9437
2667
21174
11388
14678
11133
21178
16338
14165
16580
2077
10436
9459
19954
21186
19336
2154
21189
8253
15734
14068
17607
19483
18497
21196
17333
21198
15444
6813
9065
174
20291
6068
7847
21206
11775
19234
12763
8905
9337
477
9367
6344
21215
16779
6775
14938
9617
1276
18095
9176
3375
9794
16899
15463
21227
8766
18592
20250
3853
2311
15770
15719
6570
15021
5191
21218
17534
21240
2118
7732
19778
12398
8842
16012
9307
21248
19472
21250
21251
8730
8132
21254
8450
10737
16166
6946
21259
252
14770
16283
19751
21264
9770
7964
13369
4877
20612
2150
4437
7084
12210
3639
7048
2156
10389
8779
20025
11626
15854
20586
9986
21284
12600
19059
915
18927
2875
8596
11436
20445
20511
10030
21295
21928
9069
6175
4966
12722
10297
15707
2568
21304
21021
942
19008
21308
10895
5726
3471
12646
11381
12688
21315
20756
10286
16214
10472
16580
15824
6005
20445
17260
1284
21326
12565
4560
12875
21330
16241
19164
19043
3188
21335
10591
21337
14951
15849
9998
9472
12992
16314
20497
2367
4651
18087
4337
1851
16298
21824
13171
1955
5143
4492
5317
21357
3396
21359
13897
1590
12867
2887
20331
7643
11794
21367
1277
1162
8742
17782
21372
7132
19837
21317
8945
20849
18200
19586
1832
3106
6069
5653
21384
19926
5548
1718
19307
16025
1960
9767
12370
15218
5001
9325
10897
7867
833
8255
17718
15036
12792
19870
17972
8970
5396
7907
17879
9112
3695
15127
13748
18816
21414
21440
19901
21417
21418
3130
5716
21421
21422
2856
21424
19352
11490
19583
8323
18182
2628
17552
12680
2657
3806
16391
15537
17539
21438
17008
5120
11427
1118
21443
3908
9579
7682
11324
16066
13160
10293
14923
7114
10465
5950
1465
16565
18092
14222
395
9565
15761
21462
10970
3700
9738
15129
12258
21468
2706
13390
14089
21472
18088
5827
8501
14139
21477
9431
1632
9805
4477
15467
6883
18711
4445
2158
16169
18513
21781
12072
8190
14095
16304
16032
21495
2320
19300
2587
17962
21500
21501
21246
6647
2371
4394
21506
6137
16666
128
18857
14224
16161
5493
4653
15414
19940
14676
21518
8283
13623
7158
21080
6038
20864
11040
21526
12371
14281
20703
21530
9232
12093
21088
4679
21692
1250
12541
15094
15577
7734
21541
113
21770
10133
7268
17063
3932
2113
12411
14917
21551
869
21553
16090
15635
21013
16374
4466
8640
20696
11947
21163
3153
10424
21565
3672
4034
12956
19558
10369
7972
10361
14098
21574
967
9639
20463
16182
21484
8301
9314
18405
13030
14260
17805
1848
18240
9501
18593
17303
4403
2125
6125
3686
18304
3771
20965
19755
16271
18627
899
21882
12886
7774
19281
21606
2599
19572
9627
1717
21611
21612
19122
10154
4192
21517
542
21618
14132
18704
993
13554
7742
2454
8293
12764
11444
16945
18293
21630
17710
8904
6394
11015
3958
3472
6595
12179
17304
11137
9847
7821
7281
10467
21645
6505
18445
7529
17532
21650
11560
21652
13204
6682
4796
12296
20190
21658
16824
2599
20760
21662
9411
1374
17808
1495
1752
15733
2605
11239
14610
6497
21673
16105
18216
2796
9168
21678
3051
14427
14177
19913
1649
501
17497
21686
12107
14215
13790
21690
21691
15392
20543
21694
11950
19711
21697
21698
21699
11724
3454
11442
11507
13889
21705
16153
21991
16964
12166
9257
17013
1777
10279
21714
21715
5226
20952
9358
4345
12157
16102
2816
4116
18112
12182
18811
11638
1117
12583
2527
21731
21489
11694
13639
9243
21736
21737
389
21739
2904
19277
16471
21743
21744
5503
21746
18463
21190
10864
1291
144
14218
11284
8400
21755
4659
10152
2322
17452
2274
21761
7132
16728
15210
2228
10636
19233
19794
21769
13739
13735
21772
19655
11496
10443
8882
9325
7414
86
1817
3412
3986
21806
17364
12556
16783
16582
21788
13769
18449
13949
1499
11137
17673
10971
6216
4773
14435
17475
20906
6272
2701
3531
3859
10967
10772
21807
2131
19001
21810
794
2990
21813
21814
21815
21816
12375
8452
21855
9594
20580
6268
4726
20486
77
5274
6736
15716
13640
4970
21831
8638
20872
12170
20744
11603
3499
18336
16532
21840
21841
21842
21843
3508
1760
17156
182
7526
21849
21988
21851
18427
21853
19952
3500
2629
21508
21858
15850
14957
16960
10687
12450
21864
11302
20272
21867
7955
1412
14441
11433
21872
21873
11636
3617
21876
2957
21163
7214
21880
3909
17141
21883
20685
3472
5541
10716
10980
13158
21890
3737
21892
10327
16839
15437
3671
6580
21898
21899
805
7745
4936
8423
8475
19811
14944
17857
16622
21909
6762
128
3810
21913
2491
5985
19266
12177
3907
21919
21920
21921
4652
20657
20062
8167
16934
14180
3581
15316
18698
21830
21932
695
7259
1084
21936
21937
5274
3545
4053
20408
6176
18139
14858
3986
16143
21947
21665
21551
2141
3497
13689
14723
21256
3037
21956
243
21958
21959
7421
11284
13556
2264
8019
7408
2417
79
10849
16231
20566
21243
12882
21973
11262
6262
6681
11539
8642
17626
5786
8509
8880
1265
11627
20478
5159
17196
21988
21989
13416
21991
3954
16419
5192
13511
8177
19186
20227
7930
22000
12147
1240
20696
3047
68
3242
1068
18748
21791
1881
1591
3962
15455
4280
20522
2521
12946
11894
9140
19767
20940
9655
86
9901
6857
13013
90
273
19550
1457
94
95
96
9462
4428
10323
7156
3844
13289
18613
4864
20471
19718
582
108
10240
5182
111
4286
14784
647
13825
116
13300
1158
119
1268
21598
20189
14609
4576
14384
6068
7492
6154
10596
16790
20915
10539
169
6318
11895
14527
14625
13554
139
12292
21038
142
5742
10623
145
4097
17708
11464
7497
150
151
13711
153
2663
1779
20703
19501
21967
17695
21837
10127
19886
5547
2688
2743
12552
167
12929
17276
16641
8403
172
15998
13578
996
176
177
17297
15645
14330
16978
15130
15416
21125
16786
3037
14045
5142
21082
20147
20538
192
12361
14014
12151
2867
1866
13908
19723
1285
15953
3877
9643
6944
7315
2450
207
3052
12717
6518
211
212
13688
4138
15494
10042
20771
13062
1471
6666
13362
15355
17215
10394
10450
2857
11206
11799
1351
12444
6471
232
20567
234
20985
21096
237
1491
15620
240
6541
12844
4702
14585
2374
11570
16988
8679
249
17791
9997
17443
19359
19494
255
21047
15136
16498
14074
12337
10768
15754
9386
2627
18726
5944
2882
2277
18095
11231
13477
11249
10248
7876
4716
276
10048
7749
7418
8355
260
20621
6713
284
14540
20797
287
11415
20766
1917
291
292
10586
294
9838
5766
1246
8091
299
19598
5970
15709
303
304
5794
306
1715
10151
15016
1265
1353
3158
313
12511
11240
5253
8607
12822
319
13367
14657
15155
19265
9062
3772
19787
20702
2589
12005
10191
6936
332
333
13914
335
9611
19318
21687
339
2810
10364
18213
16700
4074
16822
346
14380
348
3935
21460
351
21390
2397
5567
1939
6228
21753
220
7028
11835
1248
5940
21041
3491
19572
3353
19612
13886
18142
370
20161
19738
19488
11750
13008
3481
21247
14885
379
5252
381
382
18070
21480
385
386
5215
16646
21269
17750
15220
805
13026
2808
12795
688
18559
753
399
5195
14056
402
12666
2978
2480
11994
407
408
920
11023
9348
21545
413
414
12174
17483
3173
14395
14052
9557
2445
16220
18148
8564
12870
426
16114
428
1366
430
17071
14239
9569
20312
435
12030
437
438
7328
7225
441
18581
21761
10753
16534
12332
7499
2232
20143
450
844
3830
388
2779
2181
16139
21099
15866
5698
14533
4231
20125
463
19458
465
12606
21759
12561
9733
19775
21522
472
195
8874
14279
16017
12042
20179
479
8177
481
10575
13028
484
2263
4563
16244
17762
14664
490
19997
21022
7626
5666
20619
6214
6062
592
5803
9730
3408
19476
140
13330
20011
506
20128
14986
15427
20392
13164
512
11246
17266
1781
14529
2712
12193
519
308
1794
19961
14327
524
16911
21820
15776
11923
7034
13141
531
5971
16619
4300
11683
17465
7558
293
8881
20590
2191
11452
543
10677
12694
14206
1853
21470
7057
15937
551
552
553
5079
555
19822
557
16601
10326
560
16191
4329
17542
16727
4709
5024
567
3999
2095
18817
9405
13583
17346
2171
5883
14775
9162
242
19993
10282
16850
19481
13139
14124
7751
5651
3136
1177
8992
14947
5506
6940
593
10628
9903
18322
2412
4260
599
600
14173
6087
603
6383
21581
7365
13374
20454
609
610
19149
17896
17678
7277
13750
616
617
618
3449
17651
16394
17092
2609
9208
2697
21906
627
5006
1615
10174
4219
1204
1067
2803
635
636
14098
21094
13601
9021
19718
19119
9075
644
4665
21570
16716
21220
649
650
11181
7575
653
4578
655
20474
14256
7498
659
18066
20162
662
17556
17397
21980
666
19522
15711
14852
18932
14596
12452
13234
674
16091
17114
18700
1549
699
15281
14370
13759
3044
684
11898
686
4720
688
689
6128
15232
21163
20621
15381
165
696
8365
1011
11177
19938
6590
6359
12716
21404
705
706
13692
4826
5036
20421
3356
491
713
10081
13039
18804
16239
20005
719
16705
747
14849
18633
14867
1528
20957
727
21313
20807
13831
20792
12268
12551
17515
735
13599
15529
10550
10048
11855
16907
872
6176
15493
8871
17726
11576
5739
1043
750
9771
5130
2626
2219
8629
756
5890
758
13503
13572
11385
14485
8274
16167
9723
766
21290
15789
7612
6020
9759
6064
316
21384
16809
15978
18271
10102
13040
16478
12752
5113
20936
2633
11279
14881
3266
79
5120
7421
1074
627
13304
6019
13767
6547
376
10734
19053
800
9129
11720
6266
6527
9811
13664
9247
5583
15621
810
11431
2787
1430
14575
7349
816
18675
746
21056
6115
12602
11331
823
2877
2530
9995
19411
7314
14247
830
831
20302
14339
1428
12430
836
13460
17258
19199
21042
841
10765
2216
1757
17572
7993
17071
848
5600
850
17952
18661
853
17584
13417
19379
21404
858
859
2454
4362
9182
20711
20691
11505
18258
2512
7771
869
5798
21301
11077
3756
5940
8925
449
9186
9732
1944
13593
15449
21571
6375
18717
885
886
16501
4785
889
343
9101
20847
893
16914
895
5361
11516
6148
4479
2847
2086
9055
4748
15556
20100
17476
1826
18185
17748
10378
813
13814
2613
914
10213
19926
12941
14415
16233
18670
921
922
2142
18466
10152
8060
205
8809
3713
18365
18022
1002
21581
13144
11263
936
5349
16243
19476
940
941
5467
15999
18261
10769
5278
19924
1896
9805
10703
1165
13996
18728
8300
19578
1179
13836
3639
225
8182
5045
962
6112
12805
965
15869
1795
8889
10320
970
971
9307
2880
10193
14017
17533
21968
17581
10423
12227
1799
1811
10380
984
16838
2394
5875
6923
19204
990
991
4359
1623
17265
1776
1005
16176
3328
11774
4274
4452
18271
3268
1004
1005
21051
6886
1008
7090
15167
4015
10395
1013
14325
1015
3244
6641
14709
10483
1020
8329
6096
5939
3282
21946
8980
14328
1028
20998
3867
12401
2517
1033
18316
4273
729
15434
5926
8096
3683
357
1042
1043
17441
19472
1046
17969
5825
21209
19278
14008
20291
16142
5983
17085
2461
760
19345
8120
17080
1504
12198
19242
1064
3561
17501
1067
1068
10711
3630
10922
18654
1073
12529
18037
11374
21620
12221
17157
20220
1081
15966
15197
14684
1085
19675
1087
5116
1089
1090
10328
1092
20949
7277
12852
17773
5614
18777
3080
1513
11041
5525
11777
11046
13451
1106
21686
16528
2819
5009
19866
15248
17015
8870
5613
6365
1117
17076
18430
13632
20711
8506
7162
10628
6016
21830
20908
16186
1129
21047
10847
4147
1133
20686
8752
16859
1137
16810
1139
4326
13104
10112
1143
5957
13273
19956
4434
830
15406
11810
5782
3533
16738
20022
14461
3027
21969
1158
1427
8782
18520
3276
12060
1164
1165
19497
1167
14338
7778
1593
15173
6087
9219
1174
1599
7636
19505
18657
1179
6482
21123
10774
9319
15191
1185
1186
3367
1188
7108
10319
21773
10535
21068
8125
1195
19222
4237
994
6668
20647
1201
1202
3926
19518
20398
9779
14827
6927
18442
15968
5687
14628
4369
18670
12337
5366
5458
3649
2807
2566
21483
3638
3963
511
7219
20697
1227
10446
5897
1230
1231
15075
1233
10819
13718
21406
1237
9977
12925
1240
1241
18990
1243
5586
13976
18755
16160
1248
17540
19563
9091
3968
1253
6362
14115
21874
9270
1808
1259
16292
20609
18197
16360
15852
13030
17236
20865
17044
5495
4944
9318
14602
1915
5333
7145
16397
1277
15007
19005
10067
1281
9887
1283
1284
1285
4625
5540
1288
2837
10990
1720
15788
8851
2145
10947
1296
9933
21247
20911
12342
1301
3593
8106
1304
14212
6939
15508
2665
5571
3342
1147
14235
1000
11252
11803
3302
3495
15818
2777
20890
5449
5202
10559
2356
13353
14061
13732
9723
10804
517
10088
1650
20081
11825
3663
18155
6241
1338
20717
7328
1341
3777
8999
16919
12084
2344
1347
17761
634
6253
1351
17753
1353
20075
15740
1356
5257
2585
5118
4316
20127
10352
18473
10354
18441
16086
18697
9464
21993
18171
4019
17445
19097
1724
1375
715
15967
1378
11641
5127
21571
998
11917
19748
3313
16330
8077
12456
5524
17798
19290
14975
4500
5272
1865
5581
465
2671
727
17039
5568
1624
782
436
4184
1406
1407
1408
12965
13075
4402
1412
9831
3607
21751
1416
1417
5549
1756
16236
1421
18227
1423
6026
1425
17973
8840
14696
6700
14756
1431
11887
17353
4887
16202
1755
1437
4085
2034
11540
13421
21619
1443
4082
12074
2993
1447
12284
16632
20808
18302
5020
7551
15450
21632
191
2483
2719
1459
105
7803
16422
1463
6903
8299
1466
14407
8028
5223
13674
6511
8375
3108
19752
17726
14387
1477
18956
15347
1480
11235
6048
21142
10321
7268
992
12219
20027
1489
10792
5917
6103
5045
2633
9983
20548
5892
10998
11720
11172
451
12647
5266
1504
13169
1506
1768
10156
13060
15093
1511
1158
9762
16508
9937
3628
10212
1518
1756
18272
5654
1522
15001
5962
19155
8662
15344
6125
16264
21079
20184
7274
16339
16795
14500
18564
21234
14679
19106
17104
21229
17075
8017
16212
446
5919
3878
6695
20443
3926
2031
19641
12291
6007
760
9025
3072
5971
13463
21827
15171
21190
4244
18126
3834
7908
15353
1568
5786
5307
3720
1572
2861
5823
2357
9856
6565
16343
371
1580
18620
13872
1583
13939
1585
21994
12659
3371
1589
1495
18386
20281
8294
7326
8191
7161
9040
1598
10153
2938
15593
14894
12230
2277
1605
1606
18664
743
1858
1610
14114
6423
19591
1614
12572
13074
1617
1387
14794
18617
15352
19903
7106
7924
10206
1626
10816
8772
16094
11540
1631
17230
1633
2081
3779
20034
10602
2391
3664
2605
1641
7818
16652
10096
1645
16476
21835
1648
19425
13698
3012
3110
20921
2690
11786
18709
4878
8080
10441
95
10375
8245
2372
2787
1665
16998
14121
764
1424
5300
17923
8682
11604
84
15512
114
12856
2725
1679
5930
5571
16654
20607
16318
9639
1686
3320
12920
1689
13459
6556
6236
13572
5318
8209
7762
20293
4405
20576
912
13414
1702
500
7202
12455
2413
1707
4858
4834
21722
641
14812
9889
1985
13546
6167
18012
7089
19255
9556
7372
1722
1723
9647
12248
10322
7808
11715
16385
543
1731
1732
19279
1734
10964
1736
1396
13277
2265
13744
21766
20531
1743
11350
9822
1746
7000
15363
1749
5783
16913
12198
8188
10237
16755
19125
14786
7145
2766
11146
21089
21924
8861
14772
1765
6300
5537
19223
1769
13371
15955
1772
19565
18988
13036
18579
14645
20478
10300
13490
2042
8361
12412
10031
1785
20179
1787
1815
16093
76
5860
12035
1793
16251
18968
1922
10342
14058
19681
18439
7351
11447
19272
3498
18014
1806
1807
21275
5226
3270
1811
4438
9495
21606
17964
4949
18098
13361
16164
19211
17110
1822
19082
1824
2272
19322
1827
2753
13871
15231
5655
1832
1833
11301
19610
5954
19107
784
15970
21150
1841
19055
1843
8103
20830
18044
1847
11976
8087
1850
2788
6685
15792
18320
1855
7929
12926
18999
244
1860
16473
12187
19904
1864
20689
7460
8084
1868
3956
6118
4631
19251
20175
1874
1875
4396
21689
7539
1879
13298
4628
1882
8509
1884
11693
21177
4338
11293
12148
327
1891
16436
2478
8105
3221
13508
17110
1898
1899
12359
14394
16824
1903
15631
1905
21031
17743
8953
1909
1910
1911
5874
18465
19545
11618
2247
2860
9149
9116
13050
7611
2430
20987
7533
15517
21156
16396
10188
1929
1930
20654
13064
15841
1363
8839
6854
13979
10286
19786
17461
7177
1942
21764
12001
17260
973
5754
4083
18712
13151
1704
6073
1953
5555
3657
21364
15432
18325
7753
11515
6921
13086
1963
1964
1965
1966
220
11755
3412
1270
17014
14791
4375
10928
2996
11178
16433
1978
15573
18402
3946
3640
17800
16998
7273
15350
10525
20565
3219
10392
1991
17582
4587
19821
3976
12506
6232
3105
16401
9359
20699
2002
10041
12872
2005
19965
9567
10686
4479
2010
15251
8307
21116
11210
14085
7290
19421
14762
6502
12883
2021
16270
18689
11865
450
11880
4564
14431
2029
19658
10978
325
1206
17362
21380
20682
2875
2038
16436
2040
2697
2042
607
20003
18827
2439
8600
2048
9188
2050
8518
5944
2053
12659
2055
1263
13071
15853
20528
2060
8921
2062
14291
2064
15984
2066
16346
2068
12807
834
467
2072
20463
7824
19362
13481
2691
13906
10031
15215
10390
13992
17913
7512
20116
7366
6938
3555
2198
18249
8440
2092
8660
1417
19253
8573
6461
19971
18598
4325
2101
14943
5844
20903
5243
1298
13094
13293
2842
2110
17643
4477
1173
19318
17345
2116
21820
18137
6235
2120
2121
2122
5365
2124
2125
7753
11215
17400
19844
19464
21379
16509
8242
2134
2135
14256
4923
17456
2139
18287
12924
2142
9785
2144
15769
16379
9265
18309
12254
4188
2151
9933
7332
21381
13065
2156
2273
7591
2159
2160
7005
2162
17057
6282
14255
16805
12388
19698
21443
2170
4503
761
16060
2174
1574
17492
20398
6507
7688
20049
2181
2182
14114
4093
9783
11576
17082
11943
2189
839
343
18569
18122
17690
2898
14045
9692
13041
1044
633
2174
20029
4759
19229
20276
2206
4317
21027
1990
8628
14734
21176
4035
2214
14735
1913
9309
2218
8042
13000
10336
5360
19827
2224
2225
12390
2227
18270
21444
4939
2231
2232
13312
12733
17004
7216
9225
15912
2239
2240
13756
9869
12423
3870
19409
2246
12744
1373
15368
6094
3034
9400
20804
10543
8124
2256
1089
15157
6306
15894
2261
11523
1293
3957
21588
17703
15542
11444
10635
8500
2271
5010
18474
13547
2275
10764
7746
2278
17797
18078
15763
12627
8756
16908
2285
16579
9690
19214
2178
15263
2291
17011
6209
12800
7770
15487
15668
15476
2299
6567
1360
20067
10165
2304
15545
19308
19574
2914
2309
15419
17009
905
2313
11809
12620
4979
8006
2318
16902
11032
403
11547
20564
158
2325
21877
12044
4308
3094
18779
5946
2327
2691
19499
5738
18297
12674
2338
14514
12166
2341
21285
123
1669
15907
3735
18286
4185
12647
2350
2952
8733
2353
5032
6310
5117
16983
2358
15626
2360
16495
10924
2363
12300
6950
13399
2731
4024
5813
2370
21247
18649
15062
19941
3160
20150
9217
20285
2379
6829
10555
14968
9975
2384
14981
15590
4176
4278
20158
12488
13801
11549
14455
8256
8352
2396
21992
14287
2399
10252
18277
931
2403
19527
18389
5081
12160
14355
2409
18604
11706
2412
3010
20825
13933
2416
16428
1063
13815
11147
2421
1741
5798
21778
17754
21463
7228
228
2429
2252
2431
17741
19362
7473
2435
14179
12162
16974
3219
3636
8432
8004
713
10492
11577
10101
2447
2461
10471
2450
1951
2452
2928
5079
13084
7240
11454
2489
2459
10950
5846
7407
20741
11665
12981
2466
2467
8751
12205
2470
2471
2070
13430
15735
19538
10941
4896
12351
2479
14354
5689
17647
2483
4491
20125
2486
19825
2488
4961
21537
13517
2492
19871
10162
19473
2003
8353
11023
21304
6762
21045
11650
16576
20326
12985
9525
17588
2508
5496
13812
8518
20572
7995
4893
2097
6392
5482
10658
6752
2520
19564
9121
14895
15343
11032
14683
7173
5635
276
1812
16931
15224
13648
15276
2535
16831
19545
16814
2539
10233
17222
14844
2543
14639
2740
2546
11066
8880
9412
8042
13063
10860
8967
10801
1945
18933
589
16933
2559
2751
2561
2562
13097
6033
19474
15425
21126
2049
16427
16831
7988
7273
20400
6914
15549
8923
4564
14984
9531
2835
19154
7675
6876
11298
14395
14568
19903
638
13423
4025
14221
17605
16340
12127
2595
18424
10761
3444
1363
1548
2601
15046
4543
5593
17193
7672
20433
18751
15222
21363
14429
19021
2613
2614
1634
1110
9483
12970
1970
10876
21283
8145
21050
21735
1961
2893
20210
1102
870
10683
18888
7310
11971
2634
13201
3894
2637
2638
8364
19549
20512
12049
2643
12750
2645
2646
15555
5812
7048
8922
8773
20047
10902
8293
13192
6409
7309
21222
10640
14657
15595
17127
11287
19213
21454
7748
8110
4781
6633
14200
1578
6690
4768
7352
11125
16463
2677
19830
18084
19511
19495
1083
14499
20820
20743
825
6841
14428
2689
14294
13790
1796
2693
13311
2695
14826
16286
8699
2292
20048
4420
2702
13946
263
4891
18451
9710
17061
2709
7130
20001
16653
16838
15538
20631
2716
10070
2718
10170
2720
14044
6054
2418
2724
2725
2350
5364
20223
16510
10328
4201
4685
2733
15144
11427
12227
11515
3235
17007
6991
18397
3069
8521
2198
19582
7759
11986
17740
1000
1876
7758
2954
16684
2754
7686
19744
20002
10942
14210
18275
2761
2762
7692
3794
2675
16956
2792
8924
2769
945
14690
19089
8602
7416
2775
10257
10885
9512
11264
2780
9025
17833
6315
20874
2884
18783
19937
20738
7299
2790
2485
15792
19446
6906
205
14277
15036
8673
7761
7614
17657
14603
17172
2804
2805
12451
14928
2808
2809
5497
1912
2812
17681
13355
21756
11866
19038
16054
826
2820
10082
2822
2823
8581
19981
13372
6387
10733
11837
18739
12729
15233
17569
2834
7578
4468
4043
18716
8978
10897
2841
11435
2843
5564
2845
6112
2612
12853
14118
19427
10234
2852
10345
19728
15979
3402
15673
8971
16043
288
5856
4820
2863
9725
11805
5342
196
2868
14706
10955
11762
2872
8644
5916
2629
6302
2877
8395
5932
8005
9311
5689
6901
2884
20235
8820
16497
4190
11373
15212
7503
3464
3873
2894
9038
15626
2897
4690
6816
14312
21213
19915
13970
19464
6094
4053
15422
14729
13700
13172
2911
15796
11812
20518
2573
2916
5124
2918
3823
2920
480
12395
2923
3943
3595
5776
19384
2928
392
19231
20400
2932
326
2934
6320
10459
14664
19337
2939
2940
21515
12907
2023
20440
2376
2946
740
14805
1037
2950
8098
15150
2251
2954
13851
2748
18840
8687
7675
11403
18047
16082
8360
15726
2965
19768
1399
2968
2969
13568
17561
14796
6446
21507
612
4329
17485
4393
1343
11007
970
10457
2983
13864
18353
7364
10196
20477
7567
4812
11072
7851
6589
15012
21593
15853
6078
4778
15089
15375
11903
11237
114
17993
4320
2900
3007
5684
1114
3010
5802
610
1787
6282
8148
20486
2058
3018
3911
3020
4152
18041
8131
2690
7063
3026
11404
3028
14650
6242
12113
8952
17061
16155
3035
6153
20568
11004
20731
16327
3478
13869
10264
6913
20587
10256
21267
5724
13297
3937
1918
21201
20806
2536
15187
8710
3057
5157
21708
16885
13991
4054
6369
1874
2364
18403
7055
3068
18918
5135
6415
17193
18017
18020
3075
13922
3077
7331
12642
3080
16564
15685
3083
15694
12279
19081
3392
3088
13664
12229
10226
13536
4834
20424
6519
7928
15311
3098
8305
4127
17734
7348
14076
16596
4437
3106
19424
12599
12765
12034
19373
11858
1601
15888
5348
20822
8412
7672
10972
19713
2723
8418
18535
3124
5404
3126
16070
5080
3129
5316
15851
7108
3133
20001
6823
2373
3973
3662
3139
18630
10570
15194
19142
15395
12598
3441
14459
2583
3149
3150
13887
129
18912
12530
13409
10595
14599
4757
3159
17341
17696
5354
21111
7470
3165
12435
14850
21357
3169
3170
14722
3172
11633
16195
18391
14652
7098
10649
2979
15878
5698
1842
2067
3184
9086
14830
3187
6429
13551
3190
17885
20545
5980
13034
8130
17897
182
1153
437
17993
3201
21984
21593
1681
21638
13757
12659
9043
19993
11171
10796
3212
20353
10438
3215
15249
13758
3218
18055
10069
5099
10238
18157
10702
21466
3226
6190
6540
256
16180
11899
15513
3233
8288
579
17429
1714
3238
15899
1517
4898
20659
11387
4458
15584
5102
13485
9111
8247
11790
15066
9569
12177
1003
964
9876
2373
9602
18243
12164
20810
3262
572
6892
10648
17880
18094
13972
13386
11212
1284
1970
7530
5767
20477
9674
8596
3278
20378
11732
3852
11199
15170
18811
17174
7942
18114
21023
8198
14006
11395
3089
17635
3294
1175
20043
8829
4928
17312
3300
9152
3302
15280
16442
16352
7333
3726
10617
8601
8457
19389
8349
4123
19451
928
3316
14961
12300
6001
6000
3321
10437
6693
3324
21615
3326
6521
3724
15536
3699
16016
5668
3333
3334
939
8222
17914
20544
20406
3340
19042
17884
3343
14563
18331
17133
3347
5904
19688
20954
15995
10118
16445
2244
865
13959
18049
707
6889
17012
3615
2744
1390
3364
13464
14327
11466
15458
3369
7772
17103
16221
19617
6782
8882
3376
1083
9964
7080
10805
19172
15433
3383
13177
11703
17026
2564
1314
1338
16534
21018
14763
8688
16939
14651
2656
21653
21831
16629
16068
21912
6004
12412
14597
17862
13793
18410
21526
3409
1508
3930
5638
16447
13797
3781
7249
17775
19597
9743
3420
2634
3422
11072
3424
21271
10291
3119
6018
11164
10729
464
21812
3433
7014
17691
3436
15166
8801
4648
4875
10668
3987
4280
3444
21274
3446
3447
10819
12391
3507
4621
10400
18540
19502
16297
9260
5849
14940
8824
3460
3461
1318
10981
9577
7519
14255
3467
12515
20046
3470
7989
12963
1810
11593
3636
10621
21916
12057
3479
15209
5536
6756
7112
14033
19589
2888
19824
18532
7565
13158
12035
3492
3493
16602
5656
3496
13742
19929
10967
21214
16975
3502
16061
20252
9288
2364
13123
2176
18173
7727
20033
4991
10365
21628
4464
19433
7634
7833
7406
21792
16994
19864
12559
10336
1804
3526
2539
11968
17481
7716
10511
18433
7576
9864
3535
3536
15685
18068
1111
2951
10846
15299
3543
16347
19664
15294
8573
7100
3549
10941
5578
14183
1053
3554
5569
6692
20443
14848
15076
16356
6794
6106
20126
3564
3565
15076
4239
3568
19792
2386
15312
21044
90
17254
5119
14462
6758
5472
20960
17892
6227
11713
19271
12550
5806
14677
21810
20275
10966
19684
3090
8849
9181
20234
20728
7383
6684
4495
20692
4429
8295
877
7083
2540
7112
7875
3607
19182
9764
2000
2241
3612
5389
3614
15535
3616
2168
9660
12222
4638
3621
403
3623
21729
5756
3626
3627
3628
3629
21595
981
18057
1986
3634
10355
3538
4095
18168
6851
2175
9354
12095
7419
8696
8164
20292
3647
1311
4654
3650
11206
7849
1740
3654
19582
3656
20839
9992
10190
18473
13105
14146
362
5437
18798
17262
15845
3066
3669
8862
3671
14191
15800
20995
5872
11965
8493
9780
12033
6834
18551
10841
1154
3684
6281
15079
14829
195
2001
15231
985
13551
17075
13201
14931
19800
3697
18216
3699
1093
12846
13172
10407
3704
1950
21930
18637
7296
13436
3710
8646
18498
14575
3714
20427
19063
13434
7034
14894
19972
1855
7446
6411
21193
10498
3324
5020
15643
3729
3730
3615
14185
18937
1371
3735
8344
11529
1988
16520
20881
16310
4955
9646
3744
3254
3746
4329
10068
14322
17968
5587
11900
3753
3754
3755
15561
3791
7854
21740
17996
8968
3762
3763
18603
11675
4236
5322
13108
14877
15141
3771
13048
21649
3850
12012
10981
19580
3778
10216
1932
15411
578
13293
20452
21610
7533
12047
3788
3789
8932
21036
3792
9208
5693
10103
3796
17239
3798
3799
1953
20394
3560
14868
5347
3805
18827
6888
9421
4634
12986
21221
11166
17550
6384
20712
19885
8574
14973
3819
355
3096
3822
11881
8587
10360
7501
19456
3828
15039
19785
3831
19414
13243
13514
459
3722
20176
10066
1520
17107
20229
21312
9758
21570
7897
3846
16333
15221
3849
3774
16857
2785
11763
10231
4339
10971
14942
13033
10117
3860
15470
1148
13404
13332
3865
12725
19230
577
3869
8745
14832
3872
17022
20104
15505
6479
1950
8419
3879
11072
2858
3882
3883
8038
19823
3232
5819
13705
321
3890
11259
11774
18873
16977
9684
8237
16538
14504
3899
15832
6797
21510
1676
13107
14004
8692
3907
17397
7468
7040
5920
4243
14125
12358
2709
8316
16337
11330
3919
20421
587
9203
3923
19243
14876
8279
5239
7896
20402
13786
6773
8889
3933
3934
20838
14042
8341
3938
10550
3940
9253
11919
15601
19868
8373
3946
14190
12639
3949
13064
18809
2890
3953
3954
3955
3956
19905
3869
20169
5662
6820
18614
693
1131
10845
5184
18090
7555
10546
2248
3971
12847
12833
536
3975
14042
10022
16518
4693
3980
7625
6592
3983
12339
3985
6603
3112
15589
3968
533
2526
10219
6032
109
11264
8754
831
3998
3999
14131
15060
7769
3176
2825
12401
4377
4007
11534
4009
14042
4011
15900
4013
16417
1011
15579
19958
6917
4019
7212
8482
4022
20469
3902
11576
15147
1736
13255
12015
19862
8901
18859
6293
8631
19193
18527
14217
16793
4039
4040
7739
511
4043
16573
18240
3346
2301
14153
11238
3957
16219
9368
4409
11323
7435
15689
19918
10726
15987
3606
3546
7102
21241
4948
1804
15863
17963
18177
18846
20284
10712
2948
4073
14836
9597
4076
4797
1692
16335
1392
16915
14439
1633
15191
8960
4088
10494
3895
5821
9626
14109
4092
6097
9171
4095
4096
4507
18313
4099
6317
8552
6468
14199
2877
4105
18565
18598
5291
4109
5133
21159
4687
7782
16622
8834
21953
11136
15131
21754
9200
4121
4122
3768
19236
6498
6943
6944
10598
7834
4130
16920
11312
4133
3532
11512
4136
11990
2892
14151
9635
19657
4142
4143
19064
12317
14802
5088
1673
4149
18430
6796
20870
19023
5206
3885
4156
17528
1913
18570
21967
20526
16659
18245
10178
6993
14463
13182
4168
4169
6987
8625
2896
1970
16883
18897
5169
2750
8898
1981
8659
19672
4182
21843
12215
4185
4186
18627
14640
15766
11621
5352
17560
4193
7204
4195
21840
4197
6688
14006
18872
3158
5727
10257
14318
8335
16218
502
901
5893
21048
10823
21684
4417
4214
2063
19582
10133
4218
9276
17960
18684
863
4223
4224
10095
4226
5505
20374
4229
3111
16674
1325
2035
21342
16944
20416
4237
1696
20780
6244
5699
4867
16461
7955
19610
7843
18606
2714
5376
7559
21792
19408
4608
10608
21260
2419
16144
632
21261
21025
8403
7170
4263
4324
9796
4266
21271
16573
2228
20604
9755
4272
19129
18143
611
4276
8275
12394
1486
5018
4281
243
4283
16771
12814
16581
20526
11113
5941
8276
4291
16004
6795
14351
4716
13413
4297
18657
5437
4300
776
17574
19698
8811
2343
4306
9902
4198
8394
12748
3952
11269
1247
12816
21291
9790
20817
10778
21974
8193
3896
20944
20562
12093
2100
4326
20610
8511
4951
4330
2681
4332
21213
10983
19796
15936
1245
4290
14524
12677
4341
1049
3738
6558
2095
594
7892
12072
19233
9614
1705
13247
12567
664
10821
11557
14228
2220
21258
15648
11265
10003
7000
4364
19087
4366
17267
11206
17332
21749
4371
19291
7582
2389
6730
19288
20924
163
20680
16064
19877
12068
10603
7415
4385
21131
14713
4388
17016
1519
12825
20562
21638
12831
608
5984
10540
12018
17623
13845
19104
10355
5481
2234
19630
11534
10145
2724
4665
223
4411
4412
7185
14067
832
20950
6658
1791
19491
3086
9654
18797
5893
4424
4425
6805
1114
14356
15343
4869
17563
14607
10258
4434
1640
4890
15005
5715
8912
2460
7590
14532
3042
15277
2470
4446
14963
7810
4854
3254
5767
21103
19778
18326
179
8510
4457
4800
16996
3657
4461
14658
6604
4464
16395
1670
3685
8529
3653
488
11552
6471
20054
4474
10238
6316
4463
15512
16188
21234
21985
10965
17274
8835
2850
19772
21297
444
18869
7311
10242
17504
21928
12526
19198
4332
18060
4498
4499
5312
15566
4032
1819
4149
6387
12779
8191
14022
1727
4561
6825
4512
8153
19392
13604
7475
20658
4646
21475
5049
2959
14132
18658
14621
4525
4526
19949
4528
10445
1775
3539
4532
4243
4348
4535
11130
2816
7785
16843
19092
4541
2812
516
7618
2686
18718
15086
3796
362
17770
8877
227
18666
6896
4555
8101
14982
11515
16163
4560
8973
4562
4563
15816
21802
14659
2127
188
14248
20724
4571
12887
13222
16137
7791
658
20608
4150
17568
391
8907
21839
14983
600
4585
1507
272
7898
11975
3507
7490
4592
17464
16517
4595
4013
19221
14068
4599
21292
18054
4602
9406
14405
21281
12928
18015
285
4609
2023
10643
6760
19086
2890
4615
4616
4617
9633
19869
11498
2523
4622
12289
4624
18006
18453
9111
9648
9807
4795
4631
21435
4633
7794
7942
6902
21488
10775
13846
10341
12332
335
4643
4644
4645
19365
9426
1107
11000
19042
4651
8404
15530
4654
5370
14482
7855
10726
13522
4839
2951
18623
7173
19665
4723
4666
4667
4668
20898
14852
9463
4672
14290
4674
6756
8939
20856
2426
10086
12577
21351
7196
8514
6793
17891
4138
16372
8745
13421
4690
1770
15959
17831
12571
3695
6057
17335
14207
4699
3784
2636
4702
17904
3647
4705
14196
21520
6748
17039
7945
17498
4712
4713
18759
3001
11653
14433
4718
3309
13820
20157
4722
951
20953
9613
8112
6450
13654
5174
16484
7323
4732
14467
4734
16771
1773
17209
15131
4520
2186
19827
4742
8606
15364
20375
4746
2195
16546
8588
19017
9080
905
4753
7257
20941
4756
7376
20068
9022
12542
12434
4762
20107
11224
1962
4766
11493
317
4769
21903
19405
4772
12504
14395
15709
13870
15853
17510
12562
9634
4883
2268
4387
4943
2864
4786
17845
11499
18077
10419
4791
963
12796
21192
14541
4796
4077
8928
8042
13796
14425
2588
4283
17045
15115
1538
3339
4808
5378
7966
15028
1006
6397
7781
5849
18143
3374
5795
2259
16842
4821
7806
2344
4824
15586
19490
18914
10907
4829
14897
8016
12642
19274
14316
4720
18722
17951
3055
7205
18699
7071
10977
11714
4844
17862
4846
17434
13880
18422
4850
18282
7439
2339
4449
14674
16477
5812
4858
1992
4860
10039
20809
3271
16649
18778
4866
4867
16214
8897
309
16133
7663
3661
11652
4875
9245
5736
17572
3973
18660
8415
19246
13705
13412
21951
13543
4887
12217
6385
21342
21525
7015
808
10580
5553
7361
4897
6587
11426
2886
21889
17637
12621
2147
8548
19438
19757
4799
9893
12933
15457
4692
329
20673
9718
10561
11002
8152
8293
1586
13489
8005
3130
16412
4925
5616
4777
2435
9498
4930
4931
329
910
8673
12974
13090
4937
10592
13892
8687
9584
4942
20682
21643
21535
13418
5402
4948
4949
4950
6480
4952
4953
9509
9757
7058
4957
17022
9415
16119
6244
1072
4963
4964
19356
21863
7106
20669
16217
21830
4971
3738
17551
6309
4975
15384
4977
9732
5993
4980
8143
12350
1236
10817
4985
8322
15115
4988
6736
4990
11941
4992
4993
7934
17874
3327
2590
1472
17526
10352
9249
11084
11005
1022
2679
19525
968
6886
20349
4197
1705
20023
5013
10716
18617
5016
5017
21421
16763
11195
16667
17537
10607
843
5025
16778
2161
5028
8319
14093
16544
14397
5033
5538
21641
10866
5037
17490
20734
17972
8123
20438
5043
18772
5045
9380
10510
5048
21782
9926
5051
21552
13502
5054
17329
15433
2718
16921
1390
5060
5061
4447
11921
8602
318
12812
11069
5068
1716
5410
11224
1887
3419
5074
10475
7859
14785
7530
5079
2829
1983
18781
17261
5084
15107
6556
19542
4165
1604
5090
5091
5092
8368
5094
11605
5096
6663
6373
3749
13534
5101
8349
16124
13017
18572
5542
1061
11915
6822
16005
19310
21048
16645
11813
13850
12796
1607
1359
8763
2083
11137
10343
12349
1091
3663
7710
11187
5128
2785
3223
17873
12817
821
8117
17941
5136
12243
7491
12697
20376
20484
20530
8432
154
1749
13575
5854
10576
11118
20420
1900
15886
5153
8760
21019
18750
15233
13153
21986
15985
818
14380
5163
17771
3418
7057
13513
6130
6920
7407
1716
5884
1361
9612
515
16748
17793
6182
5179
10207
5181
18681
9519
8083
1398
3702
5187
18042
6888
7188
3017
9119
11718
18859
9122
17838
12381
4360
20942
5307
13166
13549
9492
12545
8312
12338
5207
19157
1275
979
7447
15286
18008
21021
13108
5952
1039
18064
5806
16938
18175
164
18138
16954
9096
5226
13209
20488
17023
1342
7002
5860
1659
15522
20458
14716
5623
1468
1666
8449
5241
5242
9343
8895
5245
19486
17115
19917
6275
9154
677
230
5253
727
18962
9014
12101
6616
10002
5260
5180
97
8112
5178
5265
9729
12778
4302
3677
5270
3832
5272
12103
11115
9120
14283
6687
13559
17058
263
5655
12161
20322
13863
16830
6243
5155
4257
21644
10804
19184
13308
10513
1973
14385
16349
6173
91
5888
5300
6588
5302
17444
5304
18516
485
19801
10374
11487
21803
9644
7601
14047
5314
14488
14557
17211
1694
228
5320
9657
1180
5323
5262
20912
5326
17642
3261
15864
5222
1780
10290
16417
5334
5335
9427
2170
17536
7593
14349
3087
11425
9693
5344
5345
5346
2737
14502
4115
2818
13802
12948
16155
11229
18583
5356
5357
14231
2132
9530
13305
17692
13445
17560
18539
3005
5367
10447
2002
7111
1733
1121
2820
4232
20209
12965
18024
12426
17144
1898
8543
8657
5383
16153
13454
12357
7952
682
5389
20869
5974
4837
3530
17223
5395
17772
1181
5398
6283
3836
18842
9275
11239
20278
18365
16491
21459
19248
10963
16157
12448
20672
14102
672
5415
7479
13958
5418
16993
10401
16184
16170
9824
6822
5425
19268
5427
21652
374
2211
5431
9024
16676
5434
20459
14405
21501
13772
2917
5414
20627
9372
16020
5444
233
7233
704
18962
10108
8048
11654
6683
12113
18653
15890
6962
17071
12898
5459
6673
2705
11561
17699
2448
5465
5466
2026
5468
1433
5470
5471
20459
5473
5474
1956
19739
5477
4850
14108
19342
1013
11512
8436
19366
8802
19478
5487
18345
7898
9087
2791
20553
13735
2344
13070
16195
20504
3876
5499
16183
5355
12486
17599
3297
2776
14408
5169
20646
11232
3913
4473
5512
11896
4001
17626
8948
8854
10820
9265
5520
2957
15387
1451
15306
4096
18392
11049
20491
11194
2427
16413
11337
15813
1256
6916
21628
18130
21293
5539
14050
20654
5745
3056
9008
12271
15594
18977
4084
10451
6514
19521
7400
7344
6909
5555
19489
5557
13632
5713
21464
5903
5787
14809
21152
8788
3474
20766
84
10087
8856
16198
15917
8706
5574
2043
13934
6230
19870
5484
18696
13634
18573
12534
2006
5585
2374
6607
17569
10385
15128
21083
16638
4572
8326
513
7597
1551
5967
12837
824
18233
11463
5603
14915
5605
4113
5773
17504
16419
14272
5611
21974
7413
21769
4998
932
19600
4682
5619
16557
19405
8945
20850
1430
5625
5626
20131
8855
21152
5630
9554
3116
7459
14201
13707
21683
14937
1678
12751
5640
5482
17103
695
5644
2498
16148
3593
13563
14376
17541
14988
21693
16862
18951
5655
10080
17367
9409
5659
5660
11969
4728
12651
8627
8632
5666
13130
5847
18440
16384
3144
5672
16165
5674
20728
21860
13086
5678
10302
5680
21651
7282
13771
2147
20105
5686
320
16062
13723
13525
21647
18278
9924
18022
8153
2849
4215
4253
16138
9030
2715
5702
21546
10221
10775
5706
21564
5708
5709
10133
16801
5712
5713
17240
5715
9293
19044
19206
10078
8725
10707
3795
2439
13286
15809
17626
20479
18459
15927
18012
5731
18176
10378
5734
16836
10654
8639
9388
4529
8996
13624
2018
16591
20324
19722
1155
10757
20884
12247
5750
623
5325
5753
5754
20399
11769
5757
4061
5759
5391
4059
19561
2997
3136
1116
10947
4451
5768
5769
21535
5645
5573
6865
16814
15928
5776
5777
19784
16746
15053
15872
4026
9763
7248
15026
678
21818
19894
8516
19326
3932
5792
4857
7792
731
5796
916
5798
5799
11320
5112
16210
1622
5804
13584
12247
11735
1530
4440
6539
2734
21860
10284
21170
19347
2626
11667
4515
7766
8671
5821
14714
19798
16326
10861
1247
5673
11300
16699
6374
5098
1761
9095
5834
15309
4243
5837
5838
19128
10793
5841
9982
8858
11806
12248
16062
9553
14455
3457
5850
8642
16416
5853
2495
471
9283
19557
13973
9989
5860
13968
3153
12985
3905
21011
5866
8648
5868
10562
21743
18651
5872
13550
21127
2494
3073
16668
5878
5879
19949
18799
5882
4396
5780
19171
6982
18114
2815
19219
5004
2240
11432
1240
4289
21269
21143
3809
844
17099
3281
7465
2440
20119
7245
3068
1511
742
5908
2474
583
3339
20222
2669
5914
8180
13685
21793
13197
1546
5920
583
20365
14991
14361
7703
5578
710
13439
9423
5930
5931
5932
5933
5934
21376
19670
8368
14376
12609
10229
4629
18649
10917
18551
3394
16196
18530
6612
4545
444
5951
6765
9524
20200
18506
13268
11611
2654
11598
14764
19187
5857
21749
9239
6405
17504
2722
17889
1875
8111
1136
5972
7974
5791
4944
19399
9133
5978
11543
16175
18681
5982
9099
4520
6955
5986
9701
14303
21106
20924
5991
19296
3908
5994
5995
3085
9089
17084
2192
17026
9495
7292
1169
6004
14285
2067
5967
7214
993
15131
20555
3920
6450
4422
11309
4262
18770
12076
17370
15295
5869
6022
9992
6024
2241
17514
13953
7707
16955
21932
14226
16609
8973
17531
2964
14542
7213
3669
6039
13923
6041
5582
17727
16402
13953
6353
19143
9284
11932
15645
18045
9326
21047
6054
14880
6056
2063
14873
6059
6060
3564
1553
11199
14389
6636
15187
16581
20253
18823
3588
833
7006
16199
10093
8529
6076
6077
6078
13731
3373
12671
6082
12562
2237
6465
16885
14303
13539
3514
6090
6091
8564
3989
21215
14432
21053
12403
20422
15071
7418
682
6102
646
13530
11876
9072
6107
4941
19050
6110
21232
20053
16766
5421
267
8046
11010
1025
11322
14812
8578
8133
8784
12430
8736
6126
16047
13272
9661
15539
19980
17827
10214
13165
16713
6136
6137
21719
6139
6140
8315
5348
6670
1111
2044
6146
608
17319
7810
9074
6151
2402
6153
13476
6155
7083
8603
13047
20434
5747
6161
4719
17767
12121
12522
1298
14265
21051
7194
5845
18333
6240
7087
14966
6175
10255
20789
6178
1587
8292
14129
9462
13626
13527
12203
1496
6187
6188
5132
6190
13415
7059
14751
4790
8099
14426
21103
8734
8308
9227
8750
6836
21845
6204
15483
17003
6207
6208
6209
9340
13584
6212
8933
4171
6215
6216
1586
19441
6219
6220
788
18359
7163
14895
428
14495
9113
356
1531
1916
18085
11188
4095
2164
6235
6236
19721
17988
14096
8066
17356
13022
18949
9987
14067
6246
6247
10883
549
3780
13208
6252
15053
403
21568
4761
3418
301
21625
5275
17977
6262
4579
1439
2844
13830
18110
7884
11808
4487
9483
3472
6750
6277
17625
5930
15198
15166
10473
20599
17126
4657
17616
21664
21371
9056
9958
14964
20211
18274
6291
9806
19113
9545
21875
8084
18334
6298
5066
1179
3644
19447
18828
15708
20838
6666
4211
15865
17927
15650
17240
13217
3891
9487
20033
19235
14522
1473
766
20876
6321
16672
21219
21716
13168
6326
2544
15474
3835
6105
15743
4747
13736
14109
4205
19726
6337
15101
6339
15118
11269
17590
7487
14962
5111
18060
3180
19486
9821
6350
13792
16594
20972
13663
19779
15410
9261
6358
6359
6360
7398
2267
2116
10910
17118
5036
2694
6258
1684
19511
206
576
6849
2638
5634
7499
3171
3056
1611
5117
15397
17704
5908
3416
4889
4668
4505
14638
5354
2576
11953
17883
3664
1564
12047
8225
9138
5298
15910
20193
2148
2571
16418
16874
11499
5513
17405
19537
20718
6410
19152
7387
6413
17079
12003
16512
3807
6418
948
3741
7543
6422
1316
11974
15911
6810
6427
3635
11527
6430
6431
7803
4015
6434
16940
20589
14311
9562
18672
6440
6441
379
6835
10440
1294
3969
13019
19815
15578
18057
10344
15333
14864
6454
5411
6456
4537
8902
10637
945
3630
12499
6463
4673
7971
7822
11828
14025
6469
20535
7695
15974
2879
13502
4011
16566
4955
15593
14477
7171
7946
6482
5976
859
15132
10233
5362
7323
3591
6490
14074
6494
17322
15184
15280
21725
10471
20498
13885
18721
6501
18461
6503
11135
9541
18663
14818
8285
18295
6510
14046
10515
11849
1494
21999
6516
6517
210
17461
6520
12642
12459
12711
20503
6525
20723
18899
6598
15042
9884
21497
7944
11858
17903
6401
6536
14531
21388
5247
371
19338
9247
10504
14924
19664
8080
21072
16565
18596
13697
11417
21751
18514
13123
6555
6556
19906
20227
21132
20169
6754
21217
20771
13952
15263
21149
6567
4414
16723
11481
14615
3714
6573
14823
7771
6576
6577
18715
12819
8391
9285
18141
6583
19573
6666
6586
14877
11294
7581
16682
17487
20431
14276
14979
7918
6596
947
17125
2515
13536
6959
6602
12023
6331
9473
11021
6607
1237
6609
21045
18499
14233
3379
17311
14335
1556
495
4081
16985
6620
16586
5849
6623
15494
2319
4183
20802
13780
2309
6630
7755
10061
6702
16607
19557
7067
9673
4790
13647
6640
19926
11132
12651
16466
7121
15643
1877
6648
7296
6650
8043
15902
9662
10520
9140
4074
13441
8779
4444
6660
4630
15047
143
6664
3259
9517
18903
5183
859
7325
19966
11933
7298
12168
16715
6676
1095
14865
18792
6680
6681
17725
6013
7371
17674
6686
6687
10126
6689
14333
17164
1478
6693
10012
4693
5817
6697
20465
13549
10101
14844
19688
2034
18989
6705
17506
6621
4413
13041
12726
8102
18948
7004
6714
12585
6716
16998
3968
2725
6720
6721
6722
6723
6724
6725
7236
12732
6728
6729
7120
19636
7903
14239
20337
6735
8321
15559
6738
4387
6713
13162
6742
11176
21976
1553
7493
20319
3715
21470
18857
6751
18209
3163
10880
15683
14264
11569
18385
8236
1148
652
19681
14644
3220
15495
659
447
7007
21392
5372
1894
14809
15054
12432
16123
21232
7542
578
6779
20348
6965
6333
14147
6939
11532
6786
6787
753
11942
17151
20351
6792
16483
14127
5987
8035
18001
9886
21120
19751
6801
16118
6261
10948
2024
11951
10548
5527
11291
89
13933
21430
1220
13605
9418
8206
5752
697
13650
7140
19976
13785
3960
6824
4511
17747
6827
14685
13408
10622
6831
17391
6833
15734
74
14521
6837
5392
6839
5015
12654
850
6843
2179
14297
3464
8358
1493
14320
9340
6718
13253
17102
14058
2559
20936
21695
10015
12457
6860
1825
19960
6468
17465
7931
6866
3225
9424
15328
2673
10784
323
167
2037
7866
20641
17583
14655
19589
6757
11970
14113
8954
14982
6885
6886
6419
11063
16981
7078
20998
6892
740
10143
20974
19828
13241
6898
13416
5696
14257
19381
6903
11952
9493
19518
14884
5456
1431
21849
10431
6896
9455
6914
12367
13425
6917
12602
1003
21018
11446
6922
5591
4614
6925
15535
5327
20873
16766
7573
3918
8684
6933
18296
4964
18450
17576
6339
12185
5728
16915
6942
441
4109
20056
9805
11369
12891
14132
6950
18349
18414
11266
1949
5263
9202
15505
19073
20432
5595
6961
7659
944
5680
4022
160
10815
8063
14041
11085
14639
6972
8815
6974
9029
5434
1356
18327
6979
3354
13999
5003
6449
6984
13353
9997
8152
10268
10106
4919
5386
3778
6065
9250
8281
12968
8077
6998
6999
9401
8338
19103
5677
935
5755
20475
12719
13901
7009
6099
12561
10291
11817
4711
9719
6121
7017
7018
4575
7020
18673
8265
6126
19877
7025
7026
12753
21870
20466
6709
10938
1461
7033
10786
4860
7431
2714
516
11563
19099
11939
15349
6779
18769
17078
8092
7047
8236
7049
6057
3459
16564
21111
9338
6603
16655
4114
14013
15038
1301
938
14549
11627
6872
19877
7066
7137
10060
7069
1385
14735
7915
20852
7074
7075
5859
17978
11045
7079
20280
1759
20965
7083
18899
4161
8647
7697
7088
5549
352
17327
7665
12427
21592
12893
15874
7097
5478
3978
11824
10240
15778
20279
18452
7105
21989
20118
2795
7109
17656
7111
13946
3217
16834
7161
11354
18886
9528
12309
7120
13118
6148
9448
9562
6989
6320
15120
17413
17269
9260
17206
7132
19748
9889
7190
11897
7137
10137
7139
19556
16514
16933
5820
7144
7145
5159
5911
7148
5379
12553
13768
12875
13337
20727
10860
17612
17120
5297
14668
7160
14441
4127
12259
5673
14728
10322
3105
8572
18777
9136
7171
15822
10746
1943
4738
9683
12114
107
7993
17104
9289
492
18898
15359
8899
19191
6672
8516
4009
3721
20860
5573
5319
11066
13798
12093
7197
13556
7199
12906
10461
231
19278
14078
7205
7206
4455
7208
12789
7210
7211
18488
16207
11449
19087
7031
1615
7218
18847
1506
7221
8086
7613
1444
9909
12604
10425
17601
7622
743
10718
20204
14777
7234
12191
20656
7237
7238
7239
9695
7241
4115
4605
7244
11307
5244
3336
5784
18426
7250
15139
7252
11134
15763
11687
7256
3809
3838
21448
2121
17704
15805
16056
7264
2360
20779
9845
14241
2063
3293
13498
9382
4470
16231
14784
20270
12841
8420
6971
3217
19258
11811
6061
17772
7285
7286
7293
11987
21483
14759
14788
10535
4579
13550
20428
8378
20750
15968
14715
18701
12275
13886
20482
7304
14446
15492
6515
3272
21166
8876
7311
13514
13995
4109
4242
7684
7317
10796
4137
7320
7321
7699
7323
7324
19917
7326
16214
15193
5118
9283
14457
4738
362
14721
10998
5885
17315
21429
7339
7340
2161
17315
6926
10545
16797
7346
7347
19605
13156
16485
12976
13488
10302
7701
18498
7488
7357
15858
16936
4213
11117
21453
3168
17296
606
19547
7367
16185
10564
7370
18977
6032
18567
9836
14374
10276
527
8536
19131
16153
11766
7382
8862
3128
12276
7386
11125
1998
15303
6659
15278
21110
11386
349
18292
2774
9222
6642
7399
7400
12471
2525
20136
20062
1073
10218
1501
12116
12393
4580
660
12015
8954
20631
8497
8510
11252
4696
7419
7420
7010
18037
723
12693
4454
12009
7427
9074
5571
18548
18318
1883
13121
19368
6628
11798
6341
14534
7452
14691
3260
4077
19325
15513
12239
21542
1260
19377
4166
18676
13061
17084
16729
16415
11134
16864
3673
7458
3883
3882
10366
16992
20293
5069
13548
7466
4338
5195
13613
7470
16260
7472
12614
1189
14684
19092
7477
5414
12745
9369
3706
11372
20211
7484
7485
5323
21176
11023
16555
16588
3938
5972
13628
13716
4404
7496
16322
4534
21602
19158
3575
18886
20436
19421
4902
19274
20623
6644
8605
7510
7120
21295
20885
7514
3650
18243
18432
7518
15471
1897
7521
70
15918
6127
19176
10230
18772
7528
21598
19462
5144
3058
14308
6170
2249
9312
19278
7538
19988
15367
4932
5051
11563
3829
1822
18813
9734
6910
3619
7550
21342
20489
1782
7266
5148
14230
3370
6443
7559
1033
7561
1867
15052
7564
7565
5911
7567
4493
7569
21828
4152
1727
458
7574
20050
7576
9993
7578
19575
2220
19013
8525
13005
21206
15690
7586
21566
3041
18864
7590
14609
21964
9204
19463
7595
17915
16555
10003
7599
8650
1710
17078
7603
18732
6634
16714
16529
17003
17593
7610
7611
10695
7692
20793
493
7616
4012
18583
6275
20278
7621
16443
18342
7994
6266
12088
12051
12136
14463
5089
15392
6257
17621
9888
12869
663
18924
14996
21273
375
6200
5140
16194
7644
6852
7504
5324
4162
13962
7650
9183
13643
12769
14995
15396
681
7657
3743
6962
13989
13472
7220
7663
18447
21402
5260
16517
19183
12273
4475
10865
3149
2572
15338
2582
20911
14312
20660
1429
7680
11588
10135
7683
3842
13253
8783
21783
7688
12328
21929
7691
1475
11912
7694
14405
7696
7625
8128
3605
2036
6373
12577
18665
7704
18447
4765
4704
3830
19665
8622
6506
7712
17445
16904
7715
13264
13007
7718
5326
19037
14030
21758
8849
21084
6462
12559
19805
19541
13929
7730
7731
3540
5294
5402
4030
10385
7737
7738
15073
7740
16448
17380
19026
15971
11592
13138
7747
244
7834
285
16866
7685
467
2215
559
7756
5840
16160
1207
7760
6925
19907
501
11881
11367
7766
7767
17518
14802
11892
18447
18696
9814
21415
8849
7776
7169
11893
10273
8246
17497
7782
6505
20227
8433
8138
7787
6032
10072
6308
2716
7792
9433
17902
7795
15750
7797
13488
7799
4263
6367
18752
6432
4518
16622
11412
9112
15179
7198
2140
12031
7812
8801
7814
7815
3757
10215
4876
15784
19255
7821
1210
7823
7824
15211
15949
20404
69
14940
7830
2569
8719
8262
5836
4953
7836
7837
7164
13793
9196
16904
16305
15138
7586
7845
4798
9960
11942
14128
10128
21748
12034
19815
2376
6413
15618
16445
7858
10834
7860
11573
7780
6431
16049
12287
17203
15420
6169
17305
4420
9650
19696
18306
1947
5967
16890
9727
14043
7165
9833
9149
11566
7883
2379
15332
16056
11739
21940
9107
5794
3319
8997
6255
798
9816
9218
3466
16789
4629
13681
1377
2502
473
16695
4989
13598
9536
783
3143
7910
7911
5395
5796
5351
7072
6129
20383
15428
7919
2956
16445
7922
1755
17153
6307
7926
10396
5473
5044
20063
21114
5752
10837
7934
11510
21998
19140
1202
13931
2814
19856
17476
3249
17221
10172
18084
8894
19887
10483
7950
11087
5193
7392
5828
13890
10512
12357
10454
7959
5916
17257
12319
1034
21266
11637
9625
20972
16479
7969
7970
7971
12664
2474
7974
21359
8592
7142
14317
2268
9619
6484
6736
13956
7984
13375
18687
7987
2571
20146
7990
5283
7992
6937
21448
2513
8089
15188
9983
20901
17571
9011
18337
4774
4710
15376
16393
20317
9349
20638
3708
15849
7552
8013
384
4608
12569
6857
16271
4557
20524
14426
4938
2233
8396
21094
21507
9637
6257
21254
927
1533
918
8033
8034
14719
6601
7482
17536
1048
8040
8041
13612
8043
8769
2788
4402
7151
19929
8252
8533
6908
4811
10540
5947
11713
16238
2301
8058
10531
8060
1207
16475
13949
8064
15342
11664
8067
8415
20317
16080
8071
12543
3009
11963
19591
20744
7082
18160
8927
13844
8081
470
21620
7283
7484
15473
1849
10255
17950
10527
10023
5329
3705
8094
1257
17231
10430
6653
21121
7936
15662
8014
17854
8104
13892
8883
8107
12975
17051
8110
8111
7048
16747
1203
12040
5440
20265
12333
8119
5187
8908
8927
18339
20432
16660
17402
8127
10268
17206
11624
17520
8132
21671
18299
13075
19780
11396
8138
14580
4596
9454
14581
4981
3689
10769
18197
21789
341
19597
1156
10838
6003
1183
14311
20851
8156
3075
21398
9417
8160
8161
15206
1441
7917
8165
15001
3601
14203
8169
14359
15221
4146
12444
9844
12406
20946
8850
9575
10476
5915
17117
19024
3292
8184
8185
17827
16237
15520
2680
8190
17702
6020
18875
4566
16023
13622
8197
1675
2074
780
18305
8000
8203
12994
21584
6178
3759
18128
8209
7118
3021
8570
4126
10584
10338
8216
19485
8218
9284
3555
5207
21070
21375
1042
16925
17895
17910
16350
16387
8230
6160
10319
6472
756
12624
8484
4995
8238
11792
1261
13217
5408
7316
12439
15767
17371
9458
7444
14073
14363
560
9911
21466
17406
16888
11827
11684
15975
20305
17226
2117
20750
3679
8264
20900
12902
660
4609
4109
16556
13566
11645
2464
17255
11890
15514
16009
6840
13230
20180
18878
21390
8283
7906
3772
5406
3645
5985
13043
16207
3144
10467
10202
20791
21479
10950
15008
18798
3482
15426
2139
8302
18839
11241
3003
14540
13620
21832
8309
8310
17697
8312
8821
8732
5436
8316
21839
21639
21889
138
8321
15783
12865
7645
21573
1363
9463
20857
8329
8330
4755
12105
8333
11005
8335
11156
14507
8338
12801
8340
9711
154
20725
8682
8345
19032
5598
14993
17089
11317
621
5070
8353
8354
8355
3612
1040
21322
21915
6655
13988
14512
8363
8364
9753
19146
19935
8368
12998
9572
16599
1599
17955
14034
4930
8556
4091
7265
8379
5453
1812
19962
8383
13013
8385
89
8387
18656
17479
11889
8391
8392
6925
674
6089
13504
17295
8398
4169
3294
11277
15887
1112
908
10014
7438
8712
10964
4815
583
13280
5725
16044
9104
19202
7186
12615
2895
6531
4942
9984
17690
13760
8424
20714
8426
13198
12624
4963
9127
8431
8432
12558
8434
7246
19869
3103
11007
2106
15077
4267
8442
9258
3996
20350
19109
8286
9176
17928
8450
15884
6695
14697
9843
8455
14181
2467
18404
8459
11691
9576
11036
2555
17364
14646
6217
8467
21782
8469
6607
8471
11073
7823
21570
867
18937
9950
5256
6548
11386
8481
2838
8483
1887
2377
13706
18393
2635
8489
17786
19123
9702
18090
5359
4063
8496
9703
2303
20251
3432
8501
3303
13232
8325
8505
10713
17736
1545
4487
10364
4402
12715
20580
20717
19050
20271
17556
12937
12550
11233
19412
8522
20130
361
2217
11049
13542
8528
8619
1296
8531
16945
14570
20184
5762
11257
3851
8538
12260
8540
8541
10342
8879
7009
8183
3540
10400
10136
13777
1832
20830
4902
7260
239
15589
9102
19765
21893
8559
16026
15410
19781
8563
17985
20300
18421
2965
8072
17698
8977
8571
10209
21014
8574
11310
9779
18389
2814
8579
16236
2512
16957
14353
20378
21478
98
8587
15401
6505
8590
921
6656
8593
8737
2029
3776
4488
15798
8599
3972
10010
21366
19214
5765
18730
20016
647
15660
8609
4886
926
7272
5158
8614
8330
9289
8617
13018
12508
12186
8621
3122
1377
8624
20345
8626
1312
11044
8629
8630
10214
14983
16167
13215
8635
8636
1192
11795
12227
2177
6477
145
19854
19290
13847
9165
9380
16655
13214
6466
8651
6744
630
1707
8935
10161
960
9280
9422
8591
19744
9855
2171
2610
21734
19064
8044
18193
19510
16762
6802
8672
12599
18029
4274
8711
10450
13278
11228
5623
8681
13830
960
19293
7571
7905
8687
8688
14665
2534
4678
20187
4898
8694
8695
20487
933
19259
8699
8700
2480
7640
4330
19993
2912
2475
8707
8174
17713
8172
2441
21158
8713
14006
8715
12267
4686
21227
4785
8720
7287
531
8723
808
1394
20259
5421
5981
8729
18014
3895
7350
1080
14057
18779
14639
18582
4499
17488
9677
8741
1420
17266
3324
11571
20116
16527
5003
2243
21857
4637
12747
8753
9915
4823
20468
8757
7982
8759
14388
14025
5306
6239
11057
14213
12070
17926
8768
12574
8770
19821
18851
19299
5056
17085
14859
8777
5631
10150
15079
5434
13561
949
4045
8785
6458
5865
15682
12163
5747
17315
13725
11163
7400
18183
8318
19388
8798
2469
18212
5963
19423
13366
18592
8805
4494
20026
8808
21035
6028
11452
17426
16150
13525
1694
8816
14135
7824
1252
9763
6324
9584
8823
1896
11028
8826
607
8828
14189
13317
20340
876
5481
5306
6512
9068
16046
4261
7929
21499
18940
15465
8843
2324
18364
8846
14105
2169
11362
17036
8851
8852
10508
2533
5954
21626
8857
18429
104
8860
8861
8862
15531
8864
18366
10317
6902
5010
4629
8870
15013
1369
8873
4822
1260
19456
1752
14816
10523
5329
1916
15484
12105
18807
3900
18449
20168
8207
11004
8890
13231
20598
18309
3223
8561
14803
3683
2965
14194
1057
7677
11624
17686
20207
16966
9863
9903
12818
10533
1103
12791
17994
5522
19422
3493
1401
15094
8958
19597
635
8162
6983
20194
15040
7020
20607
8927
13677
14872
619
2686
18937
13935
1936
8935
12062
13576
9037
11888
8940
8941
6125
8943
8944
4737
1133
5212
8948
6147
8676
12852
15170
7416
8954
5446
15848
1462
8918
8959
14118
18482
396
8963
16150
8965
1715
10313
12997
409
6290
18967
13164
19771
16942
15318
9890
815
8978
5707
9083
13580
8982
4260
4724
6378
15740
8314
19874
5574
5458
12243
8992
8993
12831
9627
8996
17489
8998
2366
8833
16765
9002
5163
18974
9005
12214
9007
10258
9590
3164
15330
20141
288
20046
9015
21386
17345
2746
9019
9626
18585
2536
1527
8864
5059
6715
7172
14768
20149
18039
5887
9032
3354
8757
15470
10430
9037
5850
17105
15196
6231
15577
3209
20238
12311
12404
8701
6988
841
13621
18828
20720
1208
9054
6009
12785
12657
17041
18361
18642
21610
5856
5587
11952
9065
5286
9067
11062
13823
5588
3982
15120
14647
4182
16628
2190
7157
9078
9006
12115
16311
6803
14172
4456
16843
2096
812
2707
19315
19494
6229
2541
3307
1830
5639
16712
19603
17033
18135
13022
6386
6310
6911
19951
13187
18221
9561
9108
11677
18506
10928
16075
9174
2875
19901
9116
19567
15385
9119
2586
176
5963
18173
9124
10335
1186
13941
10689
11236
6005
284
9620
18676
5153
9305
17856
9137
1368
9139
5836
8388
9142
6833
6331
1833
9146
9147
9148
994
16436
16285
1015
15045
11838
4896
6474
19309
11139
18050
12209
19650
13914
4271
528
6579
11719
18503
16806
5460
18441
6281
17293
3057
11980
20378
20819
1051
7716
11848
16358
21744
3483
9219
19078
17182
12623
12334
18469
14523
15100
9191
15290
19233
4568
9195
77
9197
5431
9199
9200
763
10500
12754
366
13702
17938
9207
17190
10012
1959
9211
6597
16741
4805
4535
6569
5830
18721
4457
3745
15330
20063
1640
3571
21655
7997
18592
5012
7517
16136
20944
20334
21869
12903
7271
6614
21348
8456
21670
6360
13010
19198
4677
9614
739
8365
20028
4945
2311
21988
3611
8585
3226
9254
2509
9256
5741
12337
14526
5380
21617
7296
9263
16811
16952
9266
1467
4553
9269
847
867
9272
9273
8947
1014
11346
15407
6203
21484
10232
9281
13281
13553
18790
9285
21523
8979
714
19180
5229
9291
10676
10669
4984
9295
9296
9297
1711
6168
3536
12345
9302
9303
16997
9305
13394
15889
9308
19467
9310
9311
9312
14261
6231
11828
21556
2574
14241
3194
3526
16867
7093
2933
16190
1332
9326
15078
9328
16651
9330
7704
2351
1207
8696
677
5566
6900
19909
18803
20744
14621
9342
3821
14612
9345
9346
1143
12090
13725
20873
1524
12950
21364
18723
18425
9356
9357
14156
9359
18481
9361
9362
14547
15115
6129
7342
113
1984
1012
16314
13010
9372
19810
8588
16278
19093
8499
6041
11146
9380
1871
7935
16740
19132
13431
2385
17992
7620
4265
8688
18761
17304
17542
734
9061
9396
17816
6849
13595
18111
10773
21022
9403
15826
2876
20223
17624
5690
20535
9410
2349
2619
16048
4248
12509
9416
8388
18706
1748
19431
5847
9422
16098
7402
7945
5340
16890
14997
7744
9430
15831
9432
9433
10694
19422
18722
18073
14111
2766
4373
10231
9442
8484
9444
15221
9446
16566
20348
13253
3597
18986
9452
9453
20129
21725
20241
9457
7903
17809
5637
6033
14470
8327
5115
8617
21685
6365
20357
17144
4465
7457
13633
18820
17066
7131
9476
15570
598
11411
4843
3466
15692
3358
4140
2448
10422
18043
7793
13464
16817
11364
19028
1166
16894
8822
9496
7443
4929
2135
13415
13247
9502
1647
9504
5428
9506
9507
20152
16478
9510
9511
14011
9513
11888
15345
17289
15486
6340
15969
9520
6873
9522
11049
11724
3556
10847
9527
8079
6243
9530
6451
3063
9533
16269
14569
9170
19045
18689
10370
12641
9541
15339
15011
18847
5494
9546
9547
21913
2524
9550
5641
11467
17245
9264
13088
12847
5103
9558
6263
3669
289
4287
18537
13053
14520
1172
20694
12165
19051
7964
5083
1430
9573
9574
21564
9014
9577
5489
7877
14182
15148
632
3922
789
9585
2493
9587
6448
17716
467
6452
21956
13876
16592
17779
9596
19012
8775
15180
531
21834
10728
9603
17277
9605
11519
4299
20463
9609
15400
21215
20557
16400
18144
80
15053
9617
691
14572
18127
4214
18373
6216
3836
11084
14159
11108
16824
9629
19159
145
10034
20138
20907
6205
21933
9236
5154
21576
16561
8245
9996
13002
5237
2655
6290
20318
2196
9649
6318
9651
14740
21330
9236
4086
999
20004
15081
9659
319
14312
5212
2423
17727
9665
10053
16540
4051
14454
9670
17413
18293
21021
21738
310
20450
4677
12212
12144
12786
12939
11045
2146
14374
12538
4229
1673
5497
13619
19043
17099
7630
6343
9100
9695
6368
1639
7227
3869
17274
9701
6452
10735
9704
10004
11368
9707
9694
9709
2707
12758
4693
18254
9714
4632
21663
9717
20869
9279
21268
219
8957
4140
12774
1483
3840
12292
6941
18121
18728
9731
14713
6416
9734
14075
19312
13499
9738
14485
12669
9741
4574
15559
4204
10890
2039
19327
16325
21709
3568
13307
21482
8946
9754
9755
91
19078
5376
20969
10016
8359
3646
9763
9548
21228
8039
6728
16254
9769
13967
13668
13521
934
6252
21852
12044
9777
13999
12116
19791
7590
19760
16909
9784
3052
17426
12595
10213
9046
17429
18137
11785
16158
10265
13954
13165
17437
6901
4403
4603
7703
19803
10639
1063
19240
8406
9130
9808
20460
1304
6620
3401
9813
1430
13012
7193
14902
11685
9819
3693
2675
8443
9823
17647
3645
14810
2804
8251
17259
9331
18889
109
10806
16102
8375
14665
9837
6266
9839
1914
10239
9842
1143
18073
9845
9846
13748
15515
20759
9850
9851
571
19964
14766
14112
20542
9857
21411
10926
17376
18726
9862
14371
8331
11158
9866
14844
11656
3334
9870
12782
3687
521
13320
9459
16432
16004
1350
17568
10188
3812
8819
9883
9884
13702
12305
12386
10908
11436
8982
8166
105
13489
4304
9895
9896
20283
21629
19216
19214
918
466
16875
20921
12595
13618
9907
21863
6572
15952
9911
10525
18664
9914
15469
6311
6993
864
11399
3024
9921
9922
8192
13997
13772
20905
12740
9928
13174
17399
11447
9932
16292
18185
8852
17904
9937
2510
15047
21564
11527
7823
9943
6376
14244
21639
387
18372
9949
3119
9951
4632
15050
10125
20934
5924
15268
2249
9959
900
99
21196
9097
19339
2641
8888
9135
10855
9969
659
6614
12821
18903
9539
17499
7948
14712
9940
15814
9980
9981
9982
8041
1119
4876
9986
15420
1307
3877
20941
10120
11871
4853
9994
5119
9996
9382
21340
14012
10000
17518
9471
5529
2824
10005
16083
1168
13146
11621
21940
8903
10012
1337
10014
10510
17538
4877
10654
12465
274
10021
8780
7942
1585
4742
4431
2480
5463
10029
11633
21124
1196
9082
3975
18259
16036
1195
19448
13407
10040
1728
11820
14661
12838
16825
10046
19430
1395
10049
21866
10051
3770
2528
2420
9726
5966
3260
12573
13589
11818
7348
17872
19560
13826
3897
8912
17414
21352
17025
12674
12264
5994
16657
3959
754
15517
1365
10061
15909
10874
18063
12243
1922
16554
10085
13611
4901
14885
6361
14453
10746
12685
15107
19979
19193
14214
21149
10098
13486
11104
20986
11352
10103
11375
7102
11554
8812
20251
11204
1534
14080
1142
10113
3036
10368
15876
10117
16814
6174
9991
17711
373
10123
10124
19190
8119
4245
249
11914
9546
17148
15849
21979
21418
7938
11278
4930
5670
7735
1601
10141
15949
1265
12696
18870
3518
19947
19616
12327
18695
4964
16812
451
11727
14643
10910
6815
7909
20519
979
10161
10162
21703
17800
4488
15160
693
7956
3175
11336
20117
16710
3672
6462
1320
739
10513
7855
7275
11924
11713
5183
12052
19531
3729
20505
20923
1928
3026
3817
21342
10154
6880
3011
10195
10196
10197
10198
6248
10200
3083
11543
10484
1427
4971
6539
17031
3222
21169
13672
10211
18486
2383
5825
12396
12341
3567
575
1849
7241
9158
10222
16603
6672
6020
20821
16983
10228
17827
19535
21802
13110
14743
13161
10235
6868
10237
10238
17822
9301
10241
4755
2741
7177
1205
15748
7701
9881
8070
4372
10251
12638
12405
17009
189
7849
13780
17003
21307
17585
6323
12665
9035
9522
2488
1602
10236
19688
15429
10270
18476
8537
12904
2071
10518
619
2434
12103
10305
2390
6669
20676
13398
3123
2597
15718
8670
10288
240
16168
14475
12237
2830
8520
14545
914
12922
20672
20876
265
15646
15389
9674
6198
15151
10306
10307
3501
4734
21020
15507
3206
10313
10314
19650
3450
19321
11258
8232
19795
15327
2832
11909
10324
12960
21275
15045
10328
14194
10330
18403
13993
2642
9062
10335
10336
15499
4284
19775
11644
21668
4833
16856
21153
2727
10346
9639
6115
17948
1834
7721
9717
9239
2813
10355
14102
12001
15808
10359
5142
20928
10362
17570
8983
4976
10366
10367
1209
10369
18806
12563
7711
5367
733
17904
11822
3360
17091
2185
16484
11948
12643
10383
21847
5813
13542
5636
19576
19120
10505
10391
20616
21507
11401
6112
4894
5484
2789
12018
15383
17650
10402
13590
18112
10405
10406
10407
10329
9490
9485
10411
14387
9453
11408
10415
15721
3070
20073
15181
21622
9914
494
10239
3979
5259
10426
1085
16663
10429
21344
5704
10432
10433
20763
10435
10436
12796
6175
5364
4744
17027
18924
19145
3358
10565
10446
8848
10448
6286
4909
18164
12457
16182
1568
3710
11492
20113
14992
10980
10460
11929
6538
4983
14949
706
6450
3302
11477
20570
6361
19125
9573
3549
10474
8939
14886
17702
562
5321
12847
9047
21656
11732
885
3093
7595
14948
10488
9962
10490
13405
1222
10493
16072
7326
3724
14117
3725
13474
4397
589
10502
10761
1746
9072
13232
10507
12021
13698
5047
1346
10676
4183
10627
8069
10516
7433
10518
6483
7869
11759
3606
2194
17043
13281
8163
2193
7236
16163
20616
1696
4304
10533
626
3565
6936
7953
8179
5049
10505
6990
788
12055
17094
2905
10546
8765
2834
16193
6385
7037
3222
19360
10554
20793
18660
1561
1972
12778
10560
7178
12029
5416
10633
3005
10566
6015
10568
15494
14271
5855
13515
10573
8154
21167
11591
19189
8631
10889
4486
10581
10582
13540
12359
7496
1202
10587
7018
20953
10590
3141
10592
10311
9314
21876
12494
4339
21870
12064
10478
10601
2827
6482
2555
10605
10345
733
14268
7963
2032
16924
5932
11536
17361
10517
3244
10888
5557
10619
13926
10621
12974
2828
13467
8836
2811
9169
10879
6448
13297
13154
12320
3761
10172
9451
20028
16620
14278
306
8479
5774
10642
2312
6635
2557
13460
549
19964
14048
10650
13581
20314
6880
16698
1347
6532
4879
1681
6638
3987
787
4670
2183
10664
5088
14920
3759
6612
5874
10670
17994
2591
6123
10951
10675
9292
14045
8235
18721
1942
14221
15957
10683
6453
12271
20539
5319
10688
10689
2889
11804
21403
9788
21188
18170
13508
10697
14633
3086
8475
3794
15061
3060
7968
1604
7508
3510
9179
21797
4752
19118
14935
10713
17790
10715
5014
2648
3314
10719
15597
5603
4391
1222
4178
5935
14062
10727
20845
1262
1685
12193
8829
8090
20092
4596
10736
17532
2635
5126
3622
17546
17129
10743
10744
18521
4638
108
10748
10749
18444
21733
1027
3429
16599
6602
19527
10757
21348
17707
10760
13707
14476
19657
9073
12607
7926
2229
14562
4694
10770
1215
18053
13194
7821
17182
10776
1758
5585
6843
5210
21993
1453
10783
17205
2091
1616
1315
16844
6620
11038
1537
10792
10793
7050
6743
10944
12259
9547
10162
9395
7510
13101
14543
13702
1455
2680
17477
16633
2980
10810
11068
10812
1630
5955
6143
15530
18389
3903
135
7607
11081
1720
10823
17832
12841
13696
2038
9484
6537
10830
10447
9291
10833
21256
15177
15460
101
1130
19418
3542
10126
1640
14500
10844
9007
16373
20523
10848
3681
4274
5130
2323
5294
7627
10855
10856
6815
13380
10859
7203
10861
3268
21005
5329
20335
10866
3995
2054
10869
19142
17266
5397
15083
73
5822
8544
871
18337
2066
2469
5405
10882
15252
10884
1287
21755
5882
10888
2146
4685
14981
12053
7025
10894
9697
614
9557
10898
4920
10900
18414
12897
16866
3864
10905
20343
3531
10908
7192
13713
10911
11397
8248
17937
16577
21262
16657
6432
10482
4065
20532
10922
17987
10924
10925
15273
6022
16249
10929
635
5663
6996
11526
11569
10935
1672
18788
1543
8268
13827
1395
18135
2451
7066
4403
9748
8267
13304
2468
9515
10674
21974
5783
10954
15161
19611
10957
1852
19554
10960
7925
16995
610
10964
1305
10966
3716
10968
15193
9582
10971
14021
10973
10974
5545
1519
19328
4892
1521
13530
3754
10982
14764
13490
15922
1555
10987
10139
6131
5883
20702
16361
10993
7161
12124
6859
18582
5858
19545
5309
3886
14250
11003
1099
16461
13624
2970
12985
11775
14456
8115
17305
6736
6674
11258
13535
2881
12421
10196
11020
21927
12134
2864
17503
18732
11434
17821
515
240
7173
6862
13977
6528
11034
17194
4921
9251
9628
11039
12164
18232
17953
11043
20728
15199
2778
2854
228
18011
5694
9271
12496
8021
8814
13024
8817
8634
3888
3179
1476
11061
9689
17384
21419
6712
21296
4196
1895
10691
11070
11071
11885
8248
11074
1115
3208
18418
146
17398
15454
18915
13904
12815
11084
14842
20569
11661
20470
6417
7569
11091
100
11093
4234
886
7861
7827
878
13647
13996
11101
16916
11258
11104
7441
21781
14403
5942
13738
22000
18866
5139
11113
16388
15098
10148
21064
6434
18599
14061
2856
11122
7026
15074
16582
7975
9797
10732
10641
2082
20442
11233
11133
20690
16499
7726
14899
13104
1404
15604
3434
11142
15716
1027
6523
12859
16074
1094
9936
15398
4485
3096
8607
19633
3909
11156
11157
10811
10931
20464
11161
1871
6786
11164
10109
18219
7794
13822
11169
7035
10860
11172
14091
11174
11175
11176
10649
3685
1724
11180
16105
13042
20266
20171
6519
11774
1450
1752
11189
14108
14017
9583
14098
1378
6696
11927
11788
15997
18384
21875
12225
7466
18466
15454
3782
17848
8113
21838
10664
16118
2442
1182
14219
11214
11215
16353
8085
12509
11219
267
6302
9496
15913
11224
801
11226
16181
6899
12923
5700
20371
17905
3732
10269
12075
18746
13786
14054
15030
11252
1076
17567
4566
3440
21773
4634
11247
6879
11249
11250
16009
5719
6858
5483
5204
11914
11257
16220
2067
1626
17737
9105
11263
4371
11160
14039
3958
11802
17041
15316
10842
3772
8165
21327
11275
2876
20785
11852
15891
16514
12768
9011
11283
8846
17356
19915
4502
14319
6754
5109
4739
236
17829
4025
643
9031
15836
12764
11299
11300
13660
8796
20978
5314
17383
11306
16013
6831
19884
11310
11311
11312
3749
10921
11315
3758
20579
4552
7956
11320
12086
12998
17587
7818
2893
3986
20751
11328
11329
11330
10230
1061
21029
15012
8036
4826
12964
13915
1749
21493
809
9806
20108
7420
11345
11346
2805
16019
11349
5273
19210
3809
11353
11354
17900
6609
11357
12071
16755
11778
11361
11362
11363
9612
20080
16502
5563
20016
10835
20593
12435
2322
14320
13465
18420
14404
19573
11378
9167
20069
20376
10573
15048
6286
14422
11590
11387
2202
14393
13835
11391
6902
11393
11779
14904
5816
13901
1498
20995
20876
11401
3566
15208
8104
11405
429
21634
3538
11409
11410
18284
11412
3186
16074
20814
3933
13759
16072
3184
4261
19687
11422
1178
3797
11425
7434
17251
5948
11429
1378
13912
6624
12848
21091
3083
3519
16855
11438
9186
12409
12603
11442
17665
11444
11445
18978
9931
10393
18973
7710
377
9129
12403
11454
20519
19442
10521
18604
3845
2738
11461
10053
11128
15588
2047
12308
9300
4080
11469
19778
9093
12153
13910
20592
19937
6134
18403
17911
11043
6196
13061
11482
3525
2229
5384
15799
14728
2905
11489
9569
11491
17967
5756
11494
18701
17162
4292
18408
6405
20121
21052
118
13188
2412
6421
9374
4783
5432
9689
21856
11511
8758
11513
4151
21260
21450
5325
20480
11519
2199
11521
13837
15345
2087
10517
11526
2944
7476
15998
15019
2790
11532
12335
21076
16439
11536
20513
8972
13245
1630
7628
14495
6836
654
124
1407
20109
12071
21372
11550
3959
19275
11553
368
9636
21773
4494
16869
9029
2614
21088
11562
3605
13401
10207
2014
11567
9310
11569
6187
19010
11572
11573
205
18005
11576
6357
3313
12995
15115
11581
14521
18291
16881
16113
7294
11164
7115
1057
13359
9774
8502
6233
20949
4416
11596
11597
1029
17478
14592
15686
2855
21334
12089
14752
10023
11607
6946
7166
16333
21252
13457
4386
18517
19444
14295
1359
11618
7064
9235
194
14601
4856
11624
19760
1754
9450
152
21392
925
18102
15961
20883
9220
16547
5385
2655
7506
11639
6133
3058
19869
5525
16959
11645
10063
12214
9188
11649
5545
1770
16686
9501
7703
6615
13579
6185
2946
7394
2475
12684
16967
12675
13289
11665
4551
8857
17229
4775
14785
12413
20524
3093
9769
19010
15655
20158
6938
7225
11680
5391
6075
204
18707
11685
686
19062
13644
561
5599
7088
18440
18208
21391
11695
12494
19965
11698
7838
14136
17685
17250
16351
19321
11705
15125
4803
10377
2561
16978
16628
9456
14738
15840
3483
19766
11717
11718
9929
16259
11721
4161
11723
20779
9358
17923
3185
11728
19181
11730
18844
20758
9601
71
2635
11736
2402
16289
9487
16768
11741
11742
18482
15843
1640
8481
17542
20005
15461
13274
18776
11752
15366
8588
10720
14415
4313
20991
11759
8256
3665
21609
5413
11764
11765
13183
4395
13529
6006
2217
7858
10480
9548
1892
10338
7702
14703
18515
11779
2598
3166
2606
9586
11784
11785
2760
11787
11788
6976
21097
17727
7835
11793
21366
17373
10992
13355
1804
6601
17902
11801
13501
14437
17285
17840
16443
10230
8356
7847
16355
10542
13224
11813
12519
9589
5857
17759
566
8867
19391
12079
657
12758
19986
15118
17237
16330
3301
11829
21346
20079
11832
11833
21528
6507
14510
14885
18474
17928
1711
17534
8282
5532
6578
19713
1420
18623
10013
15856
3346
15422
17472
7094
13290
1440
1602
16874
14089
13422
11860
6821
11862
6467
12702
15326
9262
11867
11868
8403
81
1282
11872
3906
1106
11875
18016
16910
15910
3923
21329
8781
16222
13193
20064
17148
19368
6781
19145
15350
3921
17665
2610
8507
10516
5890
8492
11383
20380
2622
19624
11901
11902
21024
5568
11905
17502
5339
11930
20547
13398
19216
8205
10224
19132
5175
11916
3619
5347
4676
18322
950
21894
2811
17412
11381
11926
6951
17080
11929
14985
11931
11662
21366
21117
11935
14259
11937
8986
2673
11940
10098
9669
11100
16032
11945
11946
5818
14240
15544
11407
11951
4510
20558
18907
12272
12356
20672
21990
11959
21861
9396
20078
3157
15178
21596
15767
11967
17877
21582
998
1208
21436
20539
16033
4825
3654
18710
17598
4533
10112
1275
11982
6670
3900
2899
4070
13528
21724
19804
10194
21770
8477
15667
7030
7141
19432
17496
370
13185
18710
5391
19401
6329
6053
12005
13541
12007
2700
10593
12010
1777
17264
20632
21529
12015
12016
11870
9045
21616
6525
20785
12022
15172
15614
16246
616
12027
9630
1488
5863
10767
18480
12033
1764
17001
15668
8656
4900
18439
11011
9393
11620
20729
18427
11398
17576
16368
15078
4205
12373
9724
21235
10892
12054
10573
18384
12057
5460
20981
16052
21960
12325
19256
12064
12087
12066
12067
12621
17631
7750
19555
14813
974
17277
13986
12076
14232
13137
16486
13581
12081
12082
21405
3871
12085
14191
11808
8298
10984
18297
15657
21847
794
17453
17874
19016
1327
12098
1136
3801
5928
20074
20543
1310
7179
12106
14172
16057
19483
14140
1880
12112
4117
2831
2520
21648
6684
4467
16412
12120
12121
10959
21274
9624
17756
11620
15747
19853
18511
19361
2970
12823
9033
1971
4115
13371
18385
6278
18408
8415
13577
13330
11110
15078
18732
5959
2218
6790
5891
10033
11580
11851
20095
1349
6076
14848
17581
21365
12356
13038
4471
5803
16211
14726
12165
1182
10896
20972
8559
7642
19250
17969
19712
11686
8249
12176
19043
8173
12179
13310
190
16369
5515
21069
9546
21414
12187
15632
11703
21042
20190
13023
12836
12194
5505
12196
441
12018
14571
11817
2698
18006
18643
12204
2690
12206
9406
6911
5797
3516
20362
18609
14089
12622
10906
1298
14892
4307
14408
21449
13567
12222
5996
2109
4017
13564
1976
14037
13422
7820
3501
18119
8565
12234
12197
577
8407
4959
12239
21821
13347
5874
8251
12708
5832
7843
13989
6946
19815
16883
19936
18088
10916
18036
7364
20379
5520
17356
18295
1353
12261
8513
12263
755
19798
4630
20174
3042
11934
17608
12271
10623
12273
19977
16173
14943
12982
13996
4300
12280
3871
13837
12283
6470
12487
12286
17180
12288
5656
252
13399
15380
9580
1121
12295
12296
7390
13545
11701
1461
12620
11777
1692
11590
17954
18373
12307
21207
15904
7666
6764
5410
8332
8034
5038
12222
19084
15077
9852
12320
5185
12322
12323
12324
14927
12326
12327
11373
8479
2208
6619
10501
19963
11378
15847
12336
1563
12338
11989
12340
4650
8093
10979
14051
11539
17523
14525
17723
12349
5696
7634
18342
5392
299
17462
4781
10181
16149
20754
18161
18456
21383
17387
11619
4238
19669
20165
12368
17281
4424
9417
3357
21709
19391
10377
12376
12377
12378
4292
1658
8152
12382
12383
14716
16991
13477
3087
9925
10449
15880
12391
4071
12393
12394
14299
19854
12397
12398
12399
5176
9037
7385
18401
3883
12376
18419
2117
9322
17781
11167
3858
7702
12413
3467
12122
7128
5224
5316
18470
17924
10110
7192
18567
5071
20426
14302
9079
1848
3440
12430
11595
10598
12433
13337
12435
880
12437
20783
576
15837
17301
15298
12443
12444
12917
4441
15265
6420
559
12450
6304
2828
17420
15724
1036
18994
12457
12458
20695
12460
12461
21254
16639
14259
8258
17415
11329
12737
12612
9350
10120
6740
13726
1621
15911
14809
4516
13168
17070
18027
20235
8076
11818
10724
8206
12486
15704
720
16889
2408
12491
570
4918
11696
16513
8919
18312
12498
18863
12500
8510
14849
15999
7359
10606
18589
5590
21753
9005
20724
14523
15534
3837
20577
14361
2821
13187
4749
12519
12520
4132
12522
11208
19254
2318
13298
17624
75
18909
21827
12531
12960
14846
19608
17760
1491
18103
15632
8358
16474
16584
6279
14902
17692
9411
4151
12547
1564
13455
1725
128
5530
9099
19381
21312
12556
5959
12558
12150
15370
10225
19240
1760
2008
8559
20855
21767
1652
5257
9652
12186
19469
18103
3529
12575
20297
12577
20746
17069
12580
12581
18539
9686
4711
1226
2029
6182
917
12589
5563
1719
19808
20034
15105
7557
12596
12597
113
380
14483
12601
20211
14808
19734
161
12606
1249
7113
2269
12610
7098
11409
12613
2434
8417
2341
16603
18824
12619
19259
21950
10091
6314
20045
4004
9221
12627
21077
18760
19883
2563
15519
9784
2146
6403
16195
5220
20515
266
21457
7148
7941
21528
4735
12645
14537
10158
5298
1938
16316
4127
20705
5338
11210
7990
20827
1706
12195
5898
13661
18206
13234
12133
4287
9719
13545
3452
19229
5440
7358
20590
12672
12673
7232
19406
19679
21067
3931
4154
740
2078
15280
4737
12799
3001
19340
2941
12688
12689
6824
11578
18472
3476
17649
15742
12696
17430
16367
14474
8803
801
17233
10347
12704
880
14174
19422
18887
8622
21059
12711
12712
18439
15709
12715
5933
8790
14641
14740
19082
12721
19085
5146
3265
16421
14373
19836
14574
4910
13665
13176
20205
12733
12734
12735
12736
2456
20848
17250
15094
10034
6988
1498
12584
6694
8884
14111
19649
3345
12710
17227
454
10685
8154
12755
3585
10071
16528
3675
12760
12761
14310
7162
16055
10470
16031
12767
12768
16338
20468
12771
5987
11865
15795
859
13521
1769
895
17764
6544
12781
12782
18156
18850
20514
14834
16496
19636
3011
4430
9876
16008
16126
17059
7647
15240
21911
6380
11312
12800
13388
912
7848
12804
9423
13589
3315
7774
8062
12810
5110
4002
9860
20050
4209
1147
4804
20624
2869
12820
16524
7152
13544
11081
4391
19884
13659
12828
20729
10182
16273
12832
3977
21859
12835
9671
14642
2362
16526
12840
9061
21785
16916
16910
12845
21762
5218
9571
2094
15836
15515
21826
4004
13319
10666
12856
10938
19257
582
9737
725
11804
9595
1868
12313
6605
5966
12843
6168
8539
353
9656
12873
13134
15675
8204
15679
1259
12879
12880
12881
12882
16172
9416
1678
18947
20026
9552
13782
13703
14502
13053
13697
17841
12895
21028
12897
681
5450
12900
12441
15763
6084
21204
9741
2785
18175
8620
15033
14068
12911
10866
12913
4298
10825
9219
11379
12573
16229
12920
18170
12922
2869
3250
4999
21945
19101
12970
20354
21839
11053
12932
18374
12051
12935
16220
2596
21123
681
7769
4131
18556
13829
13854
12945
6100
1584
20299
537
10785
5515
4153
18032
8125
15384
20143
16689
12958
866
3683
12961
5276
20464
14165
12965
11223
12967
14690
11987
3109
15786
10856
3383
16989
19151
6455
7029
9700
12728
12980
2469
13438
6139
973
6229
1368
7509
6841
19956
15764
21769
18593
12993
12994
11319
15399
6404
19614
12999
16482
13001
10280
8358
7884
16723
10231
17916
5675
13760
5309
18575
1054
4833
1506
12547
13016
21397
19311
16610
17664
9992
16117
16889
14795
13025
13026
4169
13028
8462
10221
16851
6842
9559
14680
3005
16626
3619
13038
6185
542
20818
6422
17802
1208
10201
20187
11606
13048
13049
11413
13051
14571
13053
16111
814
9032
17064
6452
6253
4250
13061
20965
14900
5020
6768
18892
13067
2997
13283
5409
4701
3508
11024
1616
5538
13076
21641
17811
3755
19792
13081
5245
17594
7648
5439
15341
13087
9254
13836
12125
3595
2610
5282
11304
8669
17112
9005
13098
16721
9849
8030
8209
13420
1805
13105
5839
20329
14649
13109
5419
9352
19839
18065
21157
5982
5043
18122
21578
906
20162
17331
13122
17182
13124
1539
18996
11437
13128
21788
13843
8973
17529
12348
8360
7719
13481
11632
19431
8068
14177
902
5310
16246
6296
3714
13592
13147
5120
675
7267
9267
10973
2713
11395
13155
14367
9415
13158
4411
19402
17056
6084
13811
9332
9004
5559
14629
15987
6922
13170
13171
2313
901
15098
11195
11979
13177
987
21562
11933
13181
1991
15128
14738
6106
16275
1876
13188
12384
18740
13588
2277
4320
4926
13195
15811
20093
17698
17881
21953
10629
4662
13029
10446
4967
14248
15239
5031
3185
6184
10696
1321
18885
14039
2274
13216
19015
6717
13219
15888
11988
7022
15257
3605
5438
587
10681
15491
9611
7592
18904
2826
2747
11249
2276
13236
13237
6344
3575
2238
13241
13242
4794
20484
17813
13915
5060
17824
15774
13250
7102
13252
8336
13099
12193
111
21884
13258
21661
6792
9581
5168
1044
13264
10589
2852
13267
18850
1513
5640
20006
6034
15889
20310
17553
20140
475
13136
6016
8638
13281
13282
1228
9238
2950
16670
10048
13431
2528
11920
20204
4025
6782
13294
8409
13296
19060
12526
12215
21327
950
7905
17181
21812
5361
18743
11809
9614
20236
19631
17931
14772
5520
21220
13315
16456
647
2508
13319
13320
2221
13322
19317
9422
2668
4315
7572
368
4493
8853
7227
6585
10382
19116
11762
3550
14329
19094
13087
21003
13341
20433
1986
13873
15301
1525
15774
20741
10505
11188
15028
20990
8667
18363
11797
13546
3199
19090
12775
13360
10650
4078
11363
15026
7680
17507
8712
5543
15109
19378
3191
21485
5195
15194
3051
75
3120
126
13379
13380
16027
20729
3775
12743
13385
4875
13387
10835
13389
20469
13391
2021
13393
9351
8218
2942
7764
19837
20198
13400
8665
5935
616
3863
11426
2205
15533
6752
7761
1492
17083
3451
5159
21782
12768
2901
13037
973
14656
13103
13701
5273
328
490
17264
14773
10465
5357
8315
19613
11457
13432
19090
4627
4575
19568
8649
9066
13439
6053
8488
4294
8417
17249
328
1328
3146
855
13449
1136
17051
9587
20497
16138
3880
13456
13457
5370
4676
837
11315
14082
13426
17210
4171
1747
13467
12343
21140
5250
13471
13472
15051
4987
9106
9347
21583
1827
21701
12294
21133
8959
13483
13484
13485
21910
18405
2839
20423
11571
15732
18768
13493
15465
17111
16100
8488
8838
8301
3681
13501
14409
15557
690
18362
19921
13507
21383
19578
11970
13144
1262
19958
13514
17978
1021
18974
6133
10713
21178
9571
5990
8218
7571
16677
2687
2744
3328
15423
6104
1088
8235
20747
3945
15721
21989
4161
2247
4699
21435
13249
7597
13828
5453
13545
1715
11962
1224
21443
12214
8832
19769
13553
7540
7973
15277
13557
13558
15114
21349
11271
17057
10460
19893
12379
13566
7623
13542
13569
7727
3457
18960
14990
18774
1422
5711
17281
6264
5257
13580
13343
16144
5840
17661
17104
11441
13587
17283
3308
14549
13591
13962
4017
20856
4379
18653
16956
7040
16049
5775
14169
5247
18459
6808
19427
13606
5699
13608
12198
14898
13611
16911
16346
21223
10203
4974
19022
16007
3834
9118
13621
12741
14040
18220
18248
16784
13696
13628
13629
3661
17543
711
13633
21624
12517
2490
10526
4624
16010
13441
13641
20221
13065
3276
14565
20402
18263
15667
15525
13650
13651
14301
13653
2120
392
7600
13657
2217
16911
13660
5330
3213
19282
16966
5711
2375
7092
9573
12178
14746
3016
13672
19137
21334
8957
13964
5546
14021
14164
17240
7854
3133
13683
18407
13685
10728
255
2664
6194
13690
13691
2175
10978
8966
7472
13696
19223
19991
10558
15279
5164
5473
980
10410
11357
13706
11483
19746
15274
16786
15621
2795
20787
21982
9036
13716
11275
10154
358
12338
9407
4907
3230
2551
5426
2594
139
4680
19709
2602
7497
6040
6686
21393
16961
18543
14971
2662
21629
159
10502
178
12219
3653
13745
8059
14109
13753
21385
21608
20387
13752
10400
11630
268
12243
6436
6556
18423
17127
13761
13762
6665
5390
2496
20066
20346
3819
591
12784
5285
9155
1676
13774
13775
8584
7912
17459
1169
9658
19048
1558
7264
4440
6322
19172
13787
13788
13789
12877
6023
20740
13793
15092
17149
5676
4851
2416
19936
896
169
13290
13803
8540
10777
8689
5164
13808
13785
18510
12350
4635
13813
3856
2749
12355
12961
11604
16335
13785
3372
13822
13823
10818
9486
13826
15149
4369
139
8892
21093
10025
7017
1403
13835
12931
15104
809
15072
1837
13841
13842
5527
13844
4288
10767
18544
14348
17687
17341
13851
5214
21455
4482
16459
12979
13857
21787
13859
18018
1813
6165
15687
18605
13865
4349
19891
13868
17682
12937
17260
14897
13873
5480
2003
13876
12055
6523
7185
16282
13605
13692
20715
12515
12484
6119
266
12253
18470
4230
21242
1638
11135
9039
2770
3680
1104
17057
3780
6011
6146
17287
6418
2112
20806
1240
11123
16306
13909
20067
16094
13912
11186
4750
2232
16275
10958
4989
4088
7236
10382
4438
13923
8498
19920
6346
21129
20534
3180
16764
11028
13932
1299
11234
12525
15549
15241
7385
1528
13940
13941
10813
13179
1532
822
13946
17459
7675
2409
16245
7857
9070
8868
13954
9946
8521
9969
9068
777
1149
13961
8154
17623
4318
9467
12426
13967
19952
1496
2460
10645
9973
5858
13974
15990
17998
4934
13978
15518
19788
14209
7560
15972
1453
16412
12075
2051
6407
8975
21174
3061
14593
17586
2267
13995
18860
4154
4144
8373
11832
16942
11595
5196
20831
20172
4182
12341
21608
14009
7258
9512
20964
14013
1472
13329
5557
14017
4462
15681
14020
13428
1502
115
9041
6863
8606
4176
497
16323
2542
14031
17634
19659
12232
14035
3236
4232
16988
16843
15844
14041
4010
13700
14044
1635
16029
10010
10969
882
12370
6383
9793
14053
19345
8141
15265
14057
6862
11722
18136
15296
14062
14262
2002
16269
14066
14067
14068
17836
14070
18589
13252
14073
18612
3231
18388
11773
14078
20298
14080
14796
11862
3281
2676
1170
11316
5454
930
729
7626
14091
17722
16329
18668
20421
13159
8880
1793
11486
8759
4032
15022
21907
5358
14105
19594
16504
187
10118
15219
7398
14112
21775
14114
11400
11997
12582
13264
16021
14582
20356
14122
15992
14258
21647
13871
2784
6775
14129
19687
8173
19730
15843
14773
14780
9228
17119
14138
12564
7474
11067
12478
10006
18479
21777
20752
3202
5425
14063
8820
5234
1677
18316
8800
14698
7633
17041
4826
1854
5490
19144
9024
8648
16338
15110
15508
894
14168
14169
14170
146
14604
9387
17675
15415
14934
7266
14227
14179
11404
8495
14713
14183
21257
2204
7568
6850
6007
292
17467
10753
14192
19623
15778
19398
2555
4353
7896
14199
14200
5539
18564
12678
18588
17622
8740
5905
14548
9135
14210
11168
14212
2479
3013
21688
15508
3638
17731
5105
12729
14221
14222
5703
646
16780
1979
15794
11305
21018
14230
5613
2484
6157
6154
14235
9864
21350
8578
9401
14932
15650
14242
6679
14539
2172
14246
21857
19147
7717
8090
19833
16787
1383
14254
17625
9103
13980
12317
16728
6671
1590
2846
14263
3482
5061
694
14267
14268
14269
12952
14271
10913
4925
14274
879
6806
17444
14278
17975
1695
1128
14282
10959
1010
18950
5027
17025
4538
15189
9287
13189
20090
8840
18763
12127
251
14297
14298
10283
14300
3754
15113
7275
21744
15133
14306
16021
17955
14309
15763
12456
21720
17791
16741
14126
1945
4141
1065
14319
12899
4383
17525
1509
4089
5662
9588
4168
14328
14329
14330
14331
20719
17887
14334
21003
1513
18263
5182
8949
1464
13127
13081
5494
751
14741
16594
12290
9098
181
1460
20359
14352
20803
7654
12713
21516
11895
13107
3157
14360
14361
14007
18922
14364
14365
6490
15646
14368
20666
5922
5894
20364
4935
7750
20748
14376
10331
14378
17666
8681
4572
10165
5701
1250
14169
9261
20071
15917
1278
14244
21410
3874
2151
17943
19136
5209
4107
17457
4492
6133
14401
18591
1438
14404
851
13339
13710
21222
14409
14410
13730
9682
6250
5784
17915
3251
943
12341
14419
2589
9008
5442
8243
9960
21925
1697
11691
5739
939
3585
3900
18286
875
19167
6626
19524
7831
18990
15984
10980
13368
6574
19786
14710
16403
20597
16507
14448
14449
19894
11537
16107
11304
13346
3940
21370
19902
6884
21544
14460
16179
18010
21573
14199
12073
14466
6173
14128
542
13858
21982
9043
8589
19076
19124
14476
14903
14478
2516
633
18358
12706
10696
14484
7038
8323
9166
19436
10881
20262
923
19191
18629
13928
11778
11481
7217
19370
8798
10843
13548
4677
14597
18693
19384
21002
5600
15765
19765
7197
20698
19686
12608
4441
5905
8445
14517
14518
14519
7636
14521
10768
309
1770
12347
15494
13633
14528
5326
14530
20673
2568
6810
19618
14371
6646
7728
7740
5989
4013
20353
14189
18837
5059
14545
3637
14547
14548
17220
15536
13007
9169
14553
316
18415
16876
19958
12565
14559
4675
1453
13305
6850
11597
14565
14566
13089
5641
14569
8076
8830
10320
19570
141
14575
1838
2837
14578
17721
19605
21695
6825
14583
11154
15503
12538
4549
8384
10077
6791
17042
14592
9217
19862
21888
20282
14551
10378
164
14600
2682
14602
14603
14604
6131
14606
668
3918
14826
9564
568
21533
20799
7535
19055
5824
7047
16977
17965
11225
5318
533
4155
16397
11195
2228
1086
10547
237
14630
19270
3275
5013
15470
15244
20012
14280
18218
3234
14640
10558
11681
11975
14644
3413
2935
12050
14648
14649
8565
17871
11265
13605
14654
13403
16504
4404
16808
2529
18990
6052
1066
14663
10495
14665
19729
19478
21086
16109
9241
8273
1907
14673
16531
7566
17844
14096
10903
14679
21185
14681
15227
8321
14684
3074
8117
14687
10270
15009
21173
14691
13486
15202
2682
15996
16914
4695
3100
14699
16453
17159
17360
8075
13281
19088
1822
12819
10356
13505
9389
9927
5806
18971
14800
821
20575
9518
10203
14719
9471
1830
15371
8027
8339
14725
15889
8009
18182
2020
16593
18510
6891
7729
9453
15512
21200
16916
14738
7124
3726
15837
11029
16202
198
1788
15699
21768
14748
7077
20520
7305
19661
6793
1232
14755
12139
14757
11611
21886
12400
873
14762
20436
7749
18725
14766
12088
15940
2500
14097
14771
1075
7363
5923
16891
7774
18217
14949
18557
19476
151
9377
21320
10808
10620
1954
11145
19068
16048
14790
10983
19507
8437
3116
12759
6077
5999
13473
15775
17565
14801
11903
13461
15341
12561
18411
21029
180
18060
20462
5929
6199
6840
18883
3088
8842
14817
11014
14197
2862
14821
8313
14823
2949
18229
15310
18086
19025
18908
16122
13525
14924
14833
19773
7334
18674
14837
9743
10413
15877
2415
6945
7502
8747
10669
10595
19367
20372
9963
20018
1580
11819
14904
1863
4493
14856
14806
14858
1555
14860
1821
18820
889
16786
8254
20857
10491
5082
5895
4341
14822
17534
14873
14388
7017
20909
3051
16200
18462
11119
15578
14882
8606
11219
12837
9871
14176
2280
992
1122
14891
3000
14893
6287
20841
12813
17050
3576
10349
2548
15297
12824
2221
4641
14905
15120
12003
14908
1137
5838
14911
2443
16423
8024
2774
13773
20135
14100
8093
3137
14921
1348
21451
21522
19083
8295
20239
82
13919
12479
10723
14932
14933
14635
20277
20493
975
21243
14939
16173
12865
9934
17783
1191
9933
2819
4652
14948
5677
15283
16601
5246
14953
8375
12263
16201
11111
312
4550
19321
15922
964
19364
14964
5819
14966
21718
4514
18929
6339
14971
15913
9894
14974
3763
12655
4705
12100
8101
15767
20770
14681
8429
19617
14985
508
10976
1978
14989
9473
6336
1215
5453
7355
14277
13815
7185
15061
14999
19895
14063
15446
6778
14304
21371
1738
13833
20225
13821
7700
7293
17243
10538
15788
14448
1691
4204
2181
11530
9528
20350
12234
20554
16247
5864
14333
15027
15028
15185
2496
15031
11149
10715
6022
13965
16982
2140
12897
5669
1649
18500
18749
13100
865
17241
4059
1842
15048
12027
219
15051
20083
19154
5717
15055
15056
3934
17415
21371
21179
15061
13851
17782
10758
19546
15995
11424
9708
15069
16684
2592
15072
15073
6564
6011
1349
7460
19975
6664
9550
4132
3326
2308
5735
8370
15086
7715
15088
8538
12903
15091
9660
16910
14532
11289
18081
9019
14611
2803
2509
15101
15102
6682
10272
21827
19472
351
19708
9507
15110
18756
15112
18834
6874
1631
8277
21998
11139
15119
3804
19772
15228
8173
14444
13255
3346
11144
6485
8049
11890
1686
2112
15594
12157
6465
15136
5730
14390
9179
1256
12026
18376
15143
14005
20432
15146
18475
15148
14447
5044
2392
21623
15153
7162
5492
15156
15157
20861
6737
3496
10461
15916
10816
11393
21806
6671
19357
16631
15169
17714
11628
19587
15173
2086
5850
17714
13019
11964
15381
11743
14292
3348
15445
6252
7671
21174
329
8239
13610
496
11147
15933
3920
12149
241
5611
15197
2553
15199
2779
5769
15920
724
10368
17787
2643
7436
9138
19912
19512
20743
5810
14177
11448
12876
20565
8685
8707
12564
15220
12383
5380
2669
1234
15225
2960
4700
9708
15047
14269
16754
12567
15354
15234
18820
7880
17205
2776
1525
18973
17119
12525
12737
7127
2948
9233
13001
12481
2261
7599
15251
5671
20540
3445
15255
1270
15257
15258
20340
3147
10643
17118
9676
7608
7819
398
19144
131
15269
14650
4000
11743
18435
19928
1490
1040
9866
7391
17092
11402
17747
9339
323
21153
19007
12510
492
15288
15289
18593
10869
20743
15293
12744
16461
13567
6537
4090
6585
8089
15301
16901
7125
3648
7101
691
3529
2581
8240
3010
15311
15312
8746
17039
11760
270
18793
15318
15319
1879
11129
15445
15323
15324
15325
15326
18972
6869
17023
9221
1643
1176
15333
15334
11086
19483
7364
4273
810
20795
4143
412
6088
365
8050
15346
20501
1361
10487
13384
15351
3761
9623
15354
744
12291
15357
15358
9925
11365
3552
11318
19106
20533
2004
10876
13099
17604
15099
8042
19478
15372
19006
18632
5155
15376
5148
13631
14881
1553
10564
15735
12479
18267
10690
9705
20661
10299
18890
15390
11440
12484
15393
3842
15989
6707
2840
21120
8455
6891
13911
18931
6203
9745
17022
18837
9806
11883
246
2969
9974
19093
7610
1283
6912
15416
15417
10999
11655
2596
19348
2218
7869
20737
16428
13943
15213
15428
8215
15430
18788
17419
20822
1364
15634
443
11068
2217
15439
21355
15441
19907
15443
15444
1034
4328
15447
15099
882
9695
6520
8665
11863
9787
13185
18269
9642
21963
6230
1255
9919
17999
1413
13957
12906
93
3797
861
15697
18406
14276
2556
20693
16972
1070
17411
10366
15478
15479
15213
5581
19442
18534
11574
9756
3154
15487
11647
7582
21075
12925
11833
14193
1238
6859
12736
17474
20967
8683
5417
15501
4827
3668
10275
15505
21399
10311
15508
6233
10650
7946
4516
5707
5588
13350
15519
654
11719
15519
15520
6276
6192
18002
15387
17009
13568
15527
5583
15529
19923
9857
6517
17582
21723
15535
3329
14703
15538
12280
18306
15541
21751
8020
13351
1389
21549
5721
15548
13908
21043
16715
6935
17220
15554
8514
11867
12962
20125
16124
18217
17052
6551
15929
15143
8277
19261
14846
2728
14021
15570
16389
10636
4556
15574
8127
10386
19533
12927
401
19754
15581
5988
6954
3245
15585
1319
18289
14480
731
15590
10131
15592
1601
17081
14949
9333
10762
21469
19315
21127
16071
15602
15603
11140
15132
18445
4058
6032
9536
19272
15611
15311
1698
15614
18008
15616
17912
7856
10281
15620
21142
19360
5345
16560
2156
20092
9004
14969
15629
14586
2025
17925
12593
16556
15635
15636
15637
3512
13368
15640
5054
5356
3002
13287
21194
17118
14149
15049
15197
21424
13595
4782
11778
11111
6061
15656
16086
17901
15382
11317
15661
15662
10544
5890
12142
2594
3614
6848
2335
13588
18931
7348
19335
590
13958
4255
2984
12991
12877
6349
5127
1397
9553
1487
12039
5093
15687
14393
10507
6482
21781
3816
5182
2606
14850
15696
15697
11011
21642
8767
13744
6258
4182
12805
14504
15706
8272
1250
11408
9118
7908
1077
2803
1269
15715
15716
21154
12289
14653
4029
982
15722
20550
3078
8087
2150
1279
635
2420
5321
1707
5074
18656
8355
10651
8587
3095
6619
15739
14663
19196
15742
13082
20038
13200
11420
17680
19846
15749
17158
20606
2200
677
12498
18357
9598
15757
1814
13321
15480
17247
19081
21029
4103
11794
9304
18911
1666
16449
14014
5031
20127
11269
15774
17211
12888
1980
20514
15779
15780
15781
8135
15783
11120
11704
17407
13589
4047
15789
887
21634
3062
2755
2955
7229
12776
12016
18866
5870
15800
5517
2164
8570
15804
3290
333
15807
4815
17613
19125
6835
8738
6496
6971
15815
15561
13607
12277
12199
15982
15821
15822
19970
7008
5789
13957
15180
17422
1464
12654
6781
1307
15833
1805
9609
20585
12266
12648
9674
1578
8244
2949
11744
17663
1022
5219
1075
15095
8074
17763
20001
1637
20937
1845
21485
7940
13890
8108
21927
2745
15861
20625
3159
21639
15865
17420
3006
12141
11841
7871
2288
15872
893
17597
15875
8394
15877
1260
20476
17072
15881
11531
11476
5422
10647
18025
21957
6447
961
15890
15891
15378
15893
10997
6364
20224
5439
18996
8100
19061
7453
16709
733
11943
5545
17387
17768
8249
15909
12006
17424
17317
9065
14236
15915
15916
136
10524
12348
4223
19643
16664
15923
7556
7645
723
18059
18009
15929
17758
162
20891
14343
1508
9581
15019
1658
18496
13519
12565
1951
13880
15943
15944
7885
4834
20410
4013
15949
20903
3132
15952
6659
15954
6267
1421
12748
14169
12981
7629
15961
9246
5940
12837
7119
5092
20593
21903
9547
17140
12563
6464
9775
7039
3391
15976
15977
8413
13541
18502
9879
5211
546
14727
17268
1230
10464
20507
14423
2859
20844
18206
15993
13373
18144
15112
7665
20105
2604
12650
20411
16940
15404
1552
14993
19039
16007
16008
5144
5011
5525
5158
16013
10383
6417
12726
6103
16018
4337
2706
14465
7288
16023
4764
6587
9630
8577
16028
16029
5208
16162
9530
16069
16034
7691
10363
277
16038
7266
20415
12754
3551
4990
6515
8917
16046
18307
2839
4389
19159
19678
10005
20132
2818
11619
14483
21285
19635
939
5424
18975
21970
19051
12433
16065
815
4433
6808
18447
3205
16071
20702
15701
11934
16075
16076
12079
19169
16079
16080
14746
16082
4983
17135
10667
5682
16087
5357
14776
16090
16091
18067
16799
16094
18660
11504
16097
5222
7091
20580
16101
16102
5839
16104
13111
16106
14555
8863
18103
20875
277
9420
17541
17017
6956
18324
2628
17285
6169
6720
16493
10265
14128
12334
11292
15305
3001
14303
21606
18360
5192
16132
1409
14299
9302
13631
12354
10471
17073
6685
16141
19480
10517
16144
16145
7544
5211
17385
6514
4617
3578
21949
4395
16154
4982
16156
7284
19659
13840
9998
16569
20811
16163
21627
5592
7540
12449
20197
3377
16170
415
16172
274
4197
15453
20638
19680
18050
18925
17256
2497
14452
21117
16184
5193
20686
18896
8926
16189
16190
6211
13204
16813
16194
4881
3498
16197
8581
17256
16842
15032
16202
3935
16204
16316
11642
8290
11389
5399
21921
16211
10723
16213
14759
4422
8611
14291
16218
12323
13888
6670
6655
6741
5146
7973
16226
15935
11707
16229
13590
18096
16232
3403
16234
10174
17606
20894
12928
16239
20870
16241
8732
13174
18904
20087
13143
2560
6152
7020
16250
9971
8158
4101
3174
7203
10761
8448
3889
17092
14926
19206
2633
1612
13708
14233
3917
16267
4014
342
16823
11753
13306
4764
6679
16275
19015
10699
9383
14588
6727
1342
16282
16283
16284
12531
16286
15346
1231
16289
9133
9178
11637
11559
12890
17976
15083
7958
16548
2469
10224
6113
20351
9555
8352
10897
21805
7993
3329
16309
9671
13186
1606
7562
6491
17113
14205
8062
16318
16319
16320
15559
16322
10999
7615
12133
16326
15859
15072
13392
17860
21878
13615
15477
17808
16335
16572
12578
3385
16339
20031
8411
3491
16343
16199
13795
5287
16347
12495
5062
19844
6295
9729
3172
16354
16355
6356
3320
16358
7987
5889
16361
5829
18222
16551
16365
2323
21559
6922
16369
10213
13855
13328
21979
20151
12848
199
16377
16709
9749
16899
16381
12800
11601
5670
16385
16197
10284
13538
11669
9606
14971
1759
6206
7411
16224
21581
9978
7857
16399
12208
16401
6044
5478
3400
15426
8844
21755
16408
16409
16410
17996
20873
16413
1954
16222
20617
14472
18916
5288
20161
16421
10667
16423
16424
1693
6678
7135
4715
16429
16430
6358
16432
17178
3486
18317
14141
16437
4567
16016
16440
21936
2361
1100
14511
17302
723
10357
6954
16449
13596
19262
16452
14261
16454
4378
2606
19534
15642
7185
16460
7985
14293
21675
18813
12410
17616
5420
14173
11675
4305
17625
13575
16473
1597
16738
16719
8498
16478
7668
13027
9275
16201
18512
2365
8220
2417
10542
5009
9191
16490
4628
16492
8414
16494
3669
10019
11831
19448
2845
17367
19999
7466
16503
16864
16505
8698
13133
1514
17094
16293
5965
14493
21895
13988
17463
16376
17679
12890
4898
16597
7788
1411
14712
7065
19271
16526
6770
1108
1940
13467
19522
1801
9223
10962
14031
8893
19257
10756
6223
18984
16541
11262
9327
16218
10734
6042
14699
17656
16549
14362
17080
16552
13667
8647
1029
20790
16557
16558
4594
8081
16561
9995
11083
11523
12750
20803
13492
13321
18457
18083
639
20391
20456
7604
20949
499
157
1997
222
21947
15699
12492
18584
16584
11768
16586
18943
14627
9516
9736
2286
21332
6022
14042
12418
10625
3862
16598
18086
8975
2262
12601
9459
9085
5619
20021
10277
9676
16609
13497
9076
16612
17922
16614
16615
12429
15582
3576
8106
16620
16621
21727
16623
9590
20786
1344
5561
21621
13154
3874
5743
16632
5588
11547
9066
16636
8061
8753
1104
21862
1409
583
16643
13523
20572
17986
2737
14978
5499
21669
11155
16652
5108
12012
91
949
2917
14457
10858
17244
16661
16662
85
869
13910
16666
3703
16051
4323
10462
12452
4609
6646
10193
2668
12254
19187
16678
2325
21778
15443
12885
12865
20218
12560
3231
8667
4461
9622
5248
11042
9712
15330
10104
19706
9969
16697
20559
11745
1547
16109
9268
16413
6805
16705
16752
16707
16708
15902
17663
8309
10839
326
7606
15241
15748
16717
15689
15471
3945
4164
7285
171
18101
9794
10531
16727
13035
10906
10288
19949
5229
11485
11881
17166
3306
12220
12019
13636
19179
16164
977
20004
3764
17235
11496
8814
3025
16749
9826
16070
16752
13312
9449
9798
19125
16757
16758
673
12828
16761
719
11914
1914
13989
12182
2078
7180
4564
6483
4188
15055
6095
1499
20090
257
4048
14755
16779
5504
18881
4465
11211
9687
18543
20376
16787
16788
16789
6260
16791
16792
768
8611
16795
20400
8796
16798
16093
2242
13531
18547
21617
2615
20203
10305
21239
16808
16809
6281
10568
13419
9322
19009
17623
18281
7358
8704
12098
12074
9918
21837
16823
6149
17543
6661
5167
3158
10666
16830
16351
3924
18812
20011
15386
19931
14157
11435
16839
6908
17350
21614
166
21089
16908
16029
18853
16848
19550
16316
14417
11323
7965
18058
10300
11716
8011
11493
2394
16860
20498
17284
5441
17491
2185
3773
21858
6475
9961
19697
16871
5584
7740
7813
20299
18135
16877
6292
5218
19281
16881
20288
8297
6485
6086
10170
11477
6326
9504
16890
19526
626
16479
11242
11947
5990
2298
2607
6962
16900
16901
19051
20084
16904
20696
13118
15454
13906
2544
11986
16592
4991
4529
21299
8807
14143
20151
9723
13968
17122
5243
20016
16923
1366
6795
14116
3961
16255
21552
16930
8843
20372
2020
440
15761
7360
19627
4033
11625
20569
8074
1826
20023
1941
14997
5871
17674
16948
16949
10852
13918
3619
7025
16954
8518
6795
7371
19826
10553
15926
16961
7678
5492
13291
16965
9247
12722
10594
11423
16970
294
17558
21464
16235
16975
14645
16588
15219
14225
5607
11003
16982
9244
11594
1579
11575
16987
13718
19467
2173
15293
702
21232
4314
15598
21177
11655
15170
16999
4367
6571
17001
17510
11704
14196
18441
20323
16030
6390
6725
15657
9667
13087
13162
8532
10488
9726
18456
4228
11710
16870
3491
6744
12608
13691
19762
630
17028
17195
1061
7306
17032
17990
9256
12600
4012
12510
10612
13006
881
15678
17042
9318
2631
6406
1214
19052
2691
16769
11701
18179
17052
17053
9469
7812
17056
14049
19963
9727
3486
6540
14270
13719
7278
10146
18154
21704
11650
14918
20168
6396
8519
702
10777
20657
1358
18775
1730
9650
13744
17081
18922
19499
15575
1171
11610
20123
496
5945
15031
2367
11839
10227
19706
12421
19234
4752
17098
6380
15064
4124
14491
7588
19320
15769
17106
15025
13506
1471
8985
247
17112
20213
11200
15043
17948
17117
17118
4725
13011
10657
457
17062
17124
19770
12397
1128
15415
6327
19537
17131
4641
12580
12997
19199
17136
19149
19238
3409
8214
12909
10823
3924
18844
11019
16409
4768
6195
17149
21967
1529
14249
5268
3128
17155
15191
13853
10004
14701
16467
12344
10969
19341
2666
5919
19013
8329
16950
17169
554
17171
16403
14930
8650
10041
3745
1485
7785
10616
9620
17842
19934
17183
2347
2929
3025
3737
8047
15545
17190
16035
17192
10699
17194
5371
9137
17197
14273
15098
21486
16956
11469
18712
3105
6870
12646
15631
13419
18436
9847
17211
2084
2077
17214
2646
1994
4062
2987
21668
4398
8242
9092
10303
5186
11729
5777
21327
21707
8984
17230
15175
16643
12702
19804
17235
11001
16635
13587
21804
72
20712
16123
11925
12563
17245
14730
4028
6274
3800
6121
3875
18624
17253
2774
21576
15525
10896
12118
7126
13871
20552
17262
1398
12012
14720
14047
16000
865
17269
13343
13135
12066
16470
1902
10492
7461
12817
11840
17279
11031
13577
13370
4611
16833
4989
9390
7060
2526
18525
16390
6237
17292
14634
20296
21416
14750
16723
11115
21732
17648
6601
12178
20344
7324
20295
3955
7732
13112
19100
8663
9697
16500
158
3442
3962
21168
5004
13566
17319
6051
3965
16165
4884
12954
17325
1721
17327
4162
21248
17330
3644
2578
14018
1018
20563
18190
17337
5342
17339
17340
17636
21446
6034
21054
5988
17346
9519
17348
4086
20715
17351
20264
5408
3412
4920
20768
7759
15939
4847
15885
16501
19483
21597
8464
17365
7086
1505
17368
7329
1891
12661
20988
9855
5822
16574
17376
3102
17378
17379
13991
1859
17382
9794
2202
15942
16278
11344
8186
5452
10530
19544
20898
10595
6800
14763
21543
18545
12625
9947
15161
20761
5044
17403
2965
5355
4925
14776
17408
8712
5723
1054
11173
8327
8395
16815
11706
11203
8893
17708
4977
8275
9752
15335
17424
6917
11350
6477
14970
14082
19145
10679
17432
17433
16630
18276
9073
21682
21918
17439
17440
7074
3072
5945
5961
16531
13768
17447
17448
17449
17450
1503
16148
18406
14891
14592
5495
944
14637
2117
5730
17461
19950
7643
13669
17148
19977
4355
9374
18736
4020
9765
14783
8261
8254
7827
18361
18484
1767
1531
6804
12149
17482
18040
8334
16061
2509
13007
6742
18196
17490
8916
1645
3723
17494
17495
7220
2443
18086
17499
9341
12705
10747
5896
5966
1870
17506
7563
11360
17509
13284
5881
6509
6543
209
14153
7903
3095
17518
17519
16746
17521
3047
8105
718
9478
8735
20289
4923
10570
13840
8070
10194
21143
1540
4246
16916
5854
7042
15934
5629
14637
19752
17883
5477
15279
17839
5172
17548
4581
17550
7871
10869
4382
12031
10139
16587
14094
20618
10882
13692
17561
2871
4257
17564
17565
14486
9084
17568
17569
9230
12290
845
14423
8510
8632
17576
12927
8622
17579
20923
7909
4466
17583
4053
17585
11619
7172
2507
17589
5865
13913
19152
6667
17594
9001
413
20434
8187
10011
17469
12781
7490
6494
14979
12808
13717
14679
13280
8940
17610
10364
6931
6391
17614
4743
17273
11691
16732
671
20849
21875
5957
8416
7257
15541
4731
19933
17628
13657
183
19755
12181
4167
10870
15636
17684
6351
17638
17619
6413
15159
20118
17643
17644
8675
16189
9824
3642
19398
7121
268
21971
868
3476
18795
11672
789
979
14450
15110
11397
17662
15798
17258
10249
3733
10671
19441
19552
18293
17671
16958
18680
9733
14174
3570
17677
2196
346
21865
4173
1737
12266
12236
18984
3113
9427
17688
10542
12090
9515
18772
874
7666
17695
9674
16868
5702
16510
19404
17701
20732
20244
6048
1952
3899
20721
147
12306
12097
7221
21197
12600
17714
16185
9778
21797
9384
17617
5633
3990
2256
17723
15852
21438
17726
17727
738
17729
17730
17731
17732
7083
17734
17735
17736
17737
17738
17739
17639
6224
17742
10204
17744
17745
11919
17848
10135
17749
9582
9988
17752
17753
7750
17548
17756
18554
17758
2708
19653
17761
21842
17775
10358
9383
16972
13109
2005
17769
12921
12427
1258
12236
16926
13721
130
17777
2710
4203
17780
11414
20046
1908
1829
17785
16078
10596
4549
2678
8713
16704
7211
11964
2944
14470
15921
17797
7251
20888
21861
16305
1079
16468
17804
17699
12113
10768
18320
17809
7584
6804
17853
1225
8446
19030
18251
20020
10567
4554
3856
4341
17822
20461
20139
17825
15367
9141
20953
14833
15063
2438
1087
19012
10434
5333
21515
21760
16803
2660
3778
4027
7768
20881
17844
14781
1985
15722
7823
10989
5308
16918
19071
17853
14341
1200
7081
21058
17858
11856
15215
5414
13714
13735
21625
20564
17866
17867
19217
18606
14780
7120
12115
17873
17874
18210
13834
13080
17878
14661
3266
17881
19447
2516
18671
9431
14118
17887
17300
8340
17890
8462
16188
10705
6957
3106
13304
11027
17898
17899
5547
20169
9403
11537
8269
17866
14588
18625
17908
16970
10178
11070
17912
11791
3295
5624
12861
12496
6415
4344
18979
11776
13591
3264
13637
13492
9960
17354
8449
12061
5075
5993
17437
17933
14960
11965
15139
1463
17823
14398
4774
21871
6906
13796
17944
10867
14642
17947
17948
9514
18056
10276
13829
3590
18507
7195
11628
17957
17958
17454
17960
12638
1255
5543
12255
19828
18280
17967
15646
20182
17970
17971
20967
12566
13021
453
15894
1229
12272
2978
15291
13902
18757
12315
19029
12371
17986
6165
5210
17805
3512
17991
7213
3040
12492
16043
7896
21353
14170
1096
7904
13365
14777
16117
1716
6165
15490
18007
4450
18294
12403
16183
19790
18013
5692
4913
18016
19695
18018
9263
3289
6305
3534
9050
3351
10509
14677
3428
6972
8495
8943
9047
21787
3264
2744
7865
600
6945
15438
17573
13509
18041
5188
6158
17575
19105
11880
1028
7535
16575
9159
18567
18052
6591
16173
18055
3181
4892
9476
1098
10280
2185
18062
13292
4068
559
18066
8476
1888
18069
21492
16725
10709
1272
16768
17202
18279
18077
13780
11090
18080
18081
862
16570
15155
11948
4085
18087
18088
6107
17200
18091
5857
18093
18094
2360
2165
19444
1682
17113
19523
4908
11575
3664
14099
3973
6234
18107
18108
10142
20481
110
6084
18113
16886
4888
8139
4139
4019
18119
16460
18121
14516
18123
16845
12196
1975
20387
18128
697
20183
16017
2004
4551
18134
2510
20634
6964
6749
2671
14011
18141
18142
2113
1228
18145
558
16885
21187
15296
19642
13792
8301
5021
9477
4934
18156
21453
12241
9558
11699
18161
3839
4844
4721
20566
10708
20509
10950
16774
3944
5745
18172
15947
20868
3769
2010
18177
12366
18179
1677
18611
17562
15499
18184
18679
392
18680
17372
18412
19163
11367
7849
18193
5122
3662
3829
4838
9884
4390
11986
5820
9776
11389
3892
9721
16158
14838
7957
680
18210
7304
12100
19161
8022
21406
18216
19518
18218
6717
18220
10916
8690
8692
15247
9836
4152
8154
1087
3490
12216
12134
1432
7979
18234
18235
11069
12367
15037
8784
21587
16387
14250
8211
8387
327
11993
18247
12875
5774
157
21495
11906
18848
20528
913
20208
12086
14631
9316
17321
17457
8811
14113
18100
21046
10924
13132
15137
5219
1921
9999
18272
1948
1006
499
18015
2889
9359
21939
4139
948
19226
9716
20351
7464
5971
8412
335
17353
18290
8995
13266
5474
18294
18295
6297
18297
4598
7223
9749
16305
3167
14831
823
13277
809
2281
21765
6628
9322
18311
9150
18313
6125
19174
9259
16435
8571
17580
8879
13015
19705
9460
1532
10885
2009
18327
6744
6312
7707
6458
12534
6931
11538
13573
8709
5833
18338
20194
13105
15275
12926
18874
18285
7933
8048
7082
2967
10852
4917
18351
19399
15959
6995
18355
4127
11472
12501
10334
5113
6232
18362
18363
7627
3864
10561
20820
16261
2283
18146
18371
20224
2637
13617
8372
7809
8158
18378
18379
18380
7759
1015
19571
9398
9094
3542
3961
11608
2405
4384
5211
3579
17037
18608
6716
18396
2741
17635
18399
21899
14246
12672
17639
18404
4345
15676
200
19015
8427
20148
3366
18412
17169
14759
2166
12992
16084
12738
20341
14310
18421
16091
18423
12728
15864
14202
10665
17170
17150
12742
2196
7517
21452
12197
17348
1287
4362
20089
2712
944
13764
10381
3716
5617
1870
4478
15665
8383
4696
18371
8044
15752
21280
17811
134
15897
12489
10437
8500
17638
16758
2771
7421
14791
14311
8846
8868
13261
13328
14466
7167
12535
8315
3059
8435
5717
540
12629
17517
21608
6921
18104
9099
14756
1223
17703
9096
6248
12938
13263
18491
21089
18006
10188
6531
13657
12266
2436
4213
5423
14543
18122
551
18504
9155
5823
5986
1399
18509
18510
18511
10799
18513
15912
20170
18516
10880
12967
11770
6036
15236
18522
6034
16821
7716
18526
10491
17331
18529
13035
20656
9005
2614
12425
9877
6138
18537
2491
21544
18700
1135
17836
20013
13535
6348
10577
6083
18548
13849
18550
18551
17170
6910
9407
2993
21668
2304
3647
2011
18002
18605
9940
18563
12220
12990
14059
6262
14643
5996
18702
2862
18572
18744
18574
10748
18576
18368
3149
13753
4338
442
16311
5084
1587
2852
9781
16256
18814
17340
18590
21268
9055
4212
18594
18595
7045
20914
3563
12298
18600
14617
16050
13266
5523
18561
3374
11566
20972
18609
4314
7900
6205
7343
18614
4195
6346
18847
14942
13194
18620
19218
17954
20074
7461
18625
2789
19954
17959
16037
19287
10704
9899
19165
18634
11660
4629
19112
13090
4356
13579
4608
18030
7541
6069
1393
10194
9229
13082
872
17354
19813
14018
10168
9853
20952
14252
2519
2938
13638
4080
3968
5732
14187
8874
3666
8547
1898
19897
18669
9618
16095
6351
3240
19019
5570
13497
12310
18678
710
18680
3330
18682
345
8278
15161
12638
19520
6460
1418
18948
2158
18692
18693
6983
482
20895
5051
17495
21961
12378
11502
10456
14460
19251
16122
15229
18707
2559
13695
21288
2881
2638
2836
21175
21719
11820
16736
9560
18719
18720
16508
17531
8702
10697
18725
15347
17333
20167
19104
10597
6154
16850
10349
17806
7142
4505
1371
18738
3159
12978
19420
18742
8904
6180
11578
8003
13719
13784
7541
439
2342
10709
16351
854
1516
18756
16625
18758
18759
14869
21715
16729
18763
18764
13463
18766
2861
19339
13997
227
15086
10898
13072
9299
10255
16219
11157
9973
897
2132
14952
15288
6288
7033
18300
7570
11685
5165
18789
13274
13491
11811
18793
12787
2009
7850
10851
4780
15462
8791
390
14484
10342
20012
15378
4786
16952
18808
5298
16404
19864
4910
14512
18588
5714
14226
3031
6189
7662
2139
19151
18822
2289
20865
12987
21660
20248
18562
18829
18830
13424
13770
1806
3279
2149
17394
15283
19516
13661
18840
10386
1000
10707
11745
18845
18846
6593
11574
18849
18205
10788
12277
720
18854
18797
8749
121
10892
18859
1699
627
19035
15174
19132
8855
4078
19031
4447
20145
2299
12809
6400
8975
18233
21514
18876
18877
15136
12670
12631
8161
19512
13927
18884
6764
4584
3840
9244
13226
14086
7304
17713
18893
3027
21058
18896
9613
5327
17703
18640
3802
19243
21058
16242
17631
18409
16808
9044
12463
2580
18911
3691
18913
13520
20324
8807
11983
16440
1481
17358
8739
14967
4219
4408
18925
14184
6181
18928
18944
12718
18931
17450
1123
12120
4440
18936
13127
8654
5214
18011
5388
18427
10138
7722
18945
5213
19371
11666
12470
11538
18951
18952
18665
1380
13185
7763
18957
14887
18959
18960
13804
4058
18963
5200
10738
18440
6021
3516
11005
5103
9126
19606
18973
6152
7969
18879
10131
16511
18979
8399
13614
16224
2927
4733
13980
15726
19095
1683
16666
14443
8660
674
17469
13540
10107
18996
15615
10067
18999
19000
16892
19002
20553
16537
5846
21020
8710
1032
4423
12325
2394
15113
11208
5408
16276
12538
12616
14733
19019
10621
17728
19749
15658
806
5221
13019
14043
21754
8273
12731
8168
5972
15482
11796
12869
19036
4024
11235
2649
19040
5338
8094
20706
1867
3229
14253
7012
15360
6369
8456
19051
19052
799
19054
19055
8794
5380
18052
19059
8321
11594
9566
10708
14622
21126
12970
19067
18364
5343
6185
5740
19072
17572
8317
8643
7102
5371
18342
7667
12298
19843
19082
14925
1787
6657
17043
16470
17491
5565
19279
19091
19185
10132
13338
6797
10912
3131
19098
5393
19177
10556
19102
19103
5876
7151
11839
588
11037
12425
6149
2907
19112
9157
1733
13583
19116
7451
2708
18050
6273
15439
18617
5413
16505
2021
19126
19047
19128
20674
17013
11342
3358
18686
19134
18775
6120
14804
14897
19139
1321
3812
14279
7649
15362
9882
13082
19147
3170
423
7338
8108
2205
14354
4460
19155
13450
7619
19158
1438
19160
19625
4620
4018
19164
218
2433
19167
17970
8957
19170
16826
8478
19351
1565
4927
4282
10827
4119
14027
9607
12159
19182
11562
3172
345
18675
7095
2012
11182
12473
10227
19192
238
17468
7369
18700
11581
19753
10715
15283
1476
9546
19203
15887
19205
6347
19207
13012
99
11857
14396
15495
15808
13459
12790
20399
2250
13035
9909
1018
466
19222
10376
16560
16476
18533
7075
373
7998
910
16183
19828
7418
2948
13805
9900
4658
16162
15962
14601
7886
3621
7491
13636
5112
13377
623
7064
19249
7283
13263
1809
12166
19005
19255
1157
13614
8800
14992
2482
9356
10002
17066
11686
14839
14842
13114
13326
1901
19440
18224
16538
17276
15429
19275
20679
816
19278
21856
19280
668
19282
21084
19284
12767
19954
14808
18209
4912
19290
11882
4330
2089
692
7239
14477
12385
12796
14916
4065
19301
2706
12746
6473
12947
9934
3961
17418
9230
15884
20800
7995
14027
9709
19315
7748
4595
15891
5065
4245
4138
6546
349
2996
12425
12297
2778
4741
2134
19330
19331
2452
4888
8118
3509
12352
4029
9741
16772
5386
12387
2705
1902
19344
19370
19346
13416
15311
19029
15147
8964
18656
6099
21008
11074
7867
12303
9380
8773
7064
12059
14889
20229
6933
19365
8956
1226
20564
14242
20175
19371
5285
6053
12053
19095
5332
21798
6278
18076
7397
21844
11630
20369
18195
19385
2977
4476
17265
15095
6643
7258
8350
17010
15760
14355
19396
3843
14195
8824
7042
15182
19402
9877
19404
16636
11617
10797
15529
8575
4162
19411
5647
16837
13884
19415
3574
10945
19883
17582
20371
4884
16871
15344
16077
19615
19426
12470
2607
18607
9293
728
19432
11889
2936
2292
21829
10067
19438
19439
19440
10827
17902
3779
3043
8635
16213
19447
10580
3322
7072
4316
19510
15367
19454
19455
19014
18703
15469
19459
15511
12825
3490
8883
2708
12988
5652
15743
6672
19469
20785
15590
10225
19473
7001
19475
21449
21473
2930
18711
19480
20018
13119
2465
17373
15509
2463
3230
19488
17838
10921
16672
16946
16438
14862
17244
21854
5497
802
19997
4145
4669
19502
7312
15353
2695
4226
20653
9820
19509
12855
716
717
19513
9217
3690
11075
16023
204
12306
19520
1067
17038
7816
21689
20052
18448
15672
3583
4258
9039
13451
14924
2476
16510
18936
19536
6710
15695
13428
19540
7157
21251
9722
19544
19545
19546
4037
8257
12480
21746
9492
15950
11694
16423
2946
15776
11599
1523
4340
5720
5762
21974
13065
3294
5347
10859
19567
7848
13118
19570
8754
20618
433
6172
13504
19576
10853
1173
891
18192
12267
6058
590
21913
21888
19439
11646
6867
19589
19590
4714
19592
7992
19325
16228
19596
9564
8059
2499
442
19601
19602
19640
2676
10759
7468
18980
7679
14110
5763
19611
11494
1793
12400
17646
19616
9608
10611
21986
19620
2643
5643
18485
19624
13975
5181
19627
17879
19629
8765
4376
19632
7646
19634
18998
6904
19637
20841
12442
19640
13347
3202
9914
19487
19645
19646
19647
19648
15523
15461
20302
9519
11787
19654
10800
13104
19657
7875
1984
9333
21583
16026
1011
1768
12996
7476
4147
18386
180
7200
18034
3454
4186
19674
19675
978
17687
8083
9010
1498
12835
5160
19683
19089
12954
19686
16310
17606
1339
19721
7016
8425
16873
13789
13500
5751
19697
7661
19184
19700
13531
20217
117
936
4917
4843
18523
1654
12213
16485
19711
11519
2061
19714
11030
19716
19717
179
19719
11009
5161
3316
4612
19724
21962
17859
10201
19199
6995
2166
11459
21201
14513
21486
6517
19736
6350
15560
9451
19740
17857
10915
6141
502
19705
7601
19747
13078
16682
4050
16609
14532
3916
15776
21432
20992
4364
14871
15848
9932
8348
13764
17146
21137
7166
9772
21669
14513
10529
5556
15524
15186
9082
1631
18262
16012
3534
9746
5580
16735
21580
8547
5442
11936
8988
2205
1460
19788
2657
12319
21349
3632
5858
17533
19795
17868
19797
19798
15727
16960
14563
2234
9523
19804
3029
11216
19807
19808
16558
19873
16688
13397
5405
9976
21067
15597
5572
5760
11946
19820
6217
15979
19823
19824
19825
19826
2223
5616
19829
5126
13294
5036
2521
19834
6410
20369
19837
7549
5528
20167
19676
19842
5015
16350
7985
14463
15721
4714
19849
13849
3423
17509
18644
14593
2059
19856
6315
14863
3854
7239
5041
18661
19749
7380
19865
11896
8022
12889
404
4173
16267
1105
14123
7991
19227
6877
4005
15183
17261
3813
16222
19882
6096
18331
19885
10250
11115
2729
19889
6529
4569
19892
16560
19894
11350
15927
16673
9910
19899
13948
16861
19902
19284
19904
3957
609
19907
8975
6738
15205
8517
19415
19913
6783
17090
10906
10691
19918
19919
19920
20425
19922
7084
2651
3088
397
12089
16448
5178
19930
14994
8433
12099
17667
10444
15407
20651
19231
8956
14110
6662
12954
18419
19944
21842
13742
15205
12585
14517
4681
15940
17363
18634
11816
13244
13342
19957
1482
3861
16495
5865
19962
19963
19964
20716
1329
9867
17213
4600
1624
17223
11810
12950
16467
18033
16420
14523
16825
8311
102
16066
19982
10846
3076
19985
3764
2498
8833
5626
16233
19991
3715
20763
15534
12370
21983
12720
2902
19999
17073
13350
2480
17893
15606
15814
17862
4249
3864
20009
6588
12966
1606
16125
21303
20015
13606
13203
5196
20019
4522
3655
20022
8127
11014
12966
13404
7804
15325
12834
17038
16863
20032
16440
9600
3418
11683
16496
16416
6915
16962
21540
9384
3530
6347
10503
3267
20047
4196
4569
12814
2037
18654
11882
1732
8646
1636
1651
3674
7347
9121
18836
20062
9975
20064
10270
15554
16402
12878
20069
4506
5790
8618
20073
13928
5281
11988
2954
11849
20325
20741
218
18590
12835
15796
20085
8389
17016
20088
20089
19221
10858
5562
250
4348
21604
3842
20097
6780
2739
19812
20101
5201
15636
12084
13451
20106
304
15292
20109
8777
14744
14516
9675
20114
545
20116
15707
1988
14967
20120
20121
6734
8324
5811
13698
2742
3011
16792
12150
12921
4574
7542
1128
11561
21205
6063
4706
20138
11117
21547
20141
20142
3312
20144
17095
20146
5938
18410
20149
21231
20151
16272
11035
21540
788
11838
3777
15879
4306
530
10610
8326
1090
16099
6899
20166
21531
2758
11051
20170
6083
8465
1198
6234
13989
15941
1316
10943
1893
1315
14640
15857
5194
21684
20185
9835
8208
20188
7520
20775
9973
17167
18736
18392
20195
4093
4225
9593
17783
5940
18208
4603
21693
2651
536
9684
9830
7932
21285
15904
8499
6373
3601
12772
20215
10626
20513
10051
11150
11272
16126
15534
20984
11080
17040
9689
17630
19891
17813
12317
464
535
7298
4807
18425
18552
9610
20238
20239
12024
14013
2290
14421
10653
20245
14416
16927
2525
20249
21151
19841
12270
1948
5303
20088
13089
5310
8014
6287
14362
3375
5009
18674
18822
10603
21305
16256
4139
5516
3322
4695
15287
1252
18897
15326
15355
20277
10926
7103
20280
17764
20282
20283
3935
5734
19348
8657
15236
17523
14535
20843
19538
21645
2056
14069
20296
20297
3751
20299
20300
9117
18867
20303
2980
7129
15289
19036
7596
20091
18717
13267
2762
20444
17633
6333
16361
19177
15448
18908
12441
20321
7686
19496
14295
20325
17592
21319
19253
3667
20330
20331
12154
6979
15705
8468
1384
15076
14059
13288
6953
14749
21647
20343
12738
20345
8135
981
2823
1709
18288
12947
20673
20353
7522
9119
183
14295
2293
8721
7743
20361
5105
11184
19733
8743
473
18841
14019
4318
245
12399
13715
3787
20374
19174
4350
6387
3810
2798
676
14427
18930
20383
21680
13096
20013
16241
1286
20389
20390
19111
7196
6772
20394
3284
20396
20983
12704
12578
15002
4733
20402
21044
4688
21600
20406
16114
20408
5676
1216
5277
20412
9049
9616
14782
4236
18786
10210
20419
16066
9491
558
2724
3371
4006
20426
21941
19065
21147
20430
16199
3910
20433
9515
20435
1357
20437
20438
9074
19364
20441
21677
1026
20444
4639
13101
12003
14087
15856
19475
12498
16776
20453
18255
20455
11738
15036
16986
5558
1639
6232
6861
4531
18706
20465
6574
3931
4476
12064
12483
17160
11992
8520
3704
21517
335
9476
6641
18321
21847
17287
6124
10753
5080
20485
19020
16579
1458
8412
20490
15951
12652
20493
17487
6099
21776
19641
957
20499
8465
4561
20007
17017
7577
10186
21571
15988
13776
5509
4891
13866
6214
1783
5754
21963
2437
20517
5252
4871
6981
12091
1744
20523
4499
18298
18886
20527
13568
13962
20530
21753
20532
13078
12592
1124
14275
18435
10017
2548
1674
20541
7598
16918
12960
4339
14565
21444
7480
20971
2345
6631
14554
21454
20554
7374
110
11174
1864
20559
20560
13169
5814
11462
3994
629
2448
7619
7553
6872
9410
4700
21049
10470
991
16730
1503
14585
744
4728
13598
6127
6648
20583
19536
16554
19346
20587
14574
20589
9480
7351
4222
20593
15699
3847
7455
17944
19620
21933
21826
20601
16236
20603
20841
14934
21422
16986
20608
12930
5352
17592
6907
3881
20614
3636
13994
20737
10469
19713
4940
3398
2143
16318
7696
2667
20626
3566
20628
9967
4300
12999
10077
2106
17823
8847
7228
4777
4919
7191
6207
17446
17090
572
9616
20645
13611
20647
20450
15437
4309
14106
12720
4229
20654
9900
4837
21556
11245
9945
637
3652
8898
21872
3857
15605
20666
16145
737
20485
3451
16723
9024
14689
13140
20675
21577
20677
20678
20679
9873
20793
13142
6758
7419
8895
14225
20687
13683
16006
4195
6369
18519
18910
8160
16171
16083
8567
20698
10181
20700
2284
1572
156
11583
12652
10918
6965
20886
762
244
16008
3120
6063
1597
11279
8357
1700
4031
20719
19832
20721
16662
14251
20724
5462
8494
7657
13023
8257
20010
20731
17786
20733
9742
5722
8818
4846
8431
2973
21790
4212
13467
11554
11497
10936
4969
20747
6342
10789
4472
20751
20163
1099
9318
20755
20756
19794
5289
3350
8320
16783
15648
21815
9192
20765
7448
20767
18749
2705
11745
18352
18124
14023
10162
20775
11301
8955
20778
458
985
8341
13629
9853
18326
8551
8274
6194
17172
3031
12253
17528
9752
12274
3675
17138
19663
9212
17915
16627
600
20801
20802
12499
20615
5969
11367
10128
334
19376
6113
8650
231
7256
6447
2138
7709
16832
15563
9176
5419
10024
3116
596
20020
14159
1912
1628
20828
20829
12675
20831
4513
9344
20834
6138
626
7293
11470
1431
20560
20604
12570
11961
20844
2022
13386
20847
5121
14668
17298
17895
14784
19702
17225
18632
1608
774
15127
5271
20983
6092
15901
15268
1748
9045
8134
14573
11662
18524
4379
7089
20872
21405
20874
17682
12265
4565
20878
4443
15030
18895
1800
4578
20644
4578
20886
1101
20888
8534
15773
20833
13943
20207
20894
18457
20896
18649
3414
2343
3560
618
13850
4776
14574
20905
16277
17528
21667
10277
21206
6111
11999
20913
20914
14382
3381
19142
8291
20919
894
3629
20922
20923
16765
2208
20926
20927
4073
20929
13952
20931
20880
19820
16632
3518
9482
9202
17954
12892
14398
2892
20942
21600
11588
17799
12041
14924
20948
159
2505
2054
293
7506
9940
20955
20956
19057
15733
3697
12382
20934
11482
7862
20964
3861
544
9450
20968
7651
19220
482
10408
3777
14735
13996
16403
3904
11294
9290
10247
20981
12283
14529
574
2714
20986
3825
18070
20620
15563
20991
3160
2600
9255
18791
7635
20997
11237
11892
2037
21001
21002
10421
10142
15897
21006
508
12870
10408
8201
14456
21012
21013
1817
21015
7561
21060
21278
21019
11770
6844
1196
7654
10873
21025
10236
15226
5709
21655
5360
14450
12746
1554
19401
2245
21036
17203
1110
13657
8513
17773
9354
21272
1867
5557
16204
18281
21048
10193
21050
10164
7910
3609
10237
7424
11316
15587
716
8912
15851
20835
9787
20904
13844
15017
14958
21067
17746
21069
9590
20619
2263
8527
3126
21075
16019
5078
21078
21079
9776
16165
18039
18486
18377
21085
17776
2930
21028
13678
9049
5104
4867
243
7539
21095
6023
6008
12985
15679
21100
21101
9397
8236
539
15240
21106
7282
20829
770
18826
6854
15516
5658
4273
13395
10030
10249
21118
4770
18180
13806
16629
7287
8918
1992
10658
21088
5359
4122
5053
21131
8308
11315
6441
4454
5719
20387
21138
6710
21140
11753
720
14657
19355
20276
11091
4863
10683
10097
13340
14314
18746
9258
7428
5211
15658
15924
10720
21159
1648
19462
15466
10223
16201
21165
5567
16711
8297
6298
4937
8125
21172
12539
21174
16742
7507
3692
8859
21179
21180
21181
21182
8930
20126
18488
6156
21187
9685
4411
14281
5715
4057
12101
8758
15932
2190
3432
14676
8369
21200
10477
21202
10885
4585
21799
18748
4426
21208
21209
1520
13400
2013
16776
20218
8302
8934
9016
5011
18072
17553
5476
21222
8703
18764
4965
11985
13471
21519
17362
7313
18722
9653
21233
603
8016
15958
13939
15690
21239
6673
3926
4996
12082
14473
963
12210
2422
20932
4682
15295
12585
21252
1820
7336
18940
21949
14184
21258
11532
8220
21261
15831
21263
15346
7861
13012
20093
10300
19488
21620
7362
2379
20564
12365
3165
514
21892
21278
21279
21280
4357
7362
2178
5247
2896
21286
2908
21288
21289
21290
18584
21292
1700
21294
10881
6054
17846
3867
21689
19701
2765
21302
21303
1146
5613
7344
2569
6843
5140
2664
21311
11473
21313
11811
12368
15598
6400
518
21151
2964
20359
7547
21323
7168
5261
7462
14510
9180
21523
21529
4331
19020
5441
8365
12014
5353
21337
10946
315
457
14946
1828
15502
12427
8997
3286
19256
18657
6799
11864
21351
21352
4415
21354
21355
14274
10167
8346
12861
3709
7891
21654
15019
11489
21365
18760
17290
5284
20504
21370
9214
13597
757
9368
21375
4814
9570
21437
5439
7506
5856
19882
20774
15277
21297
16720
4551
21388
2080
10331
778
20010
10829
11454
13264
433
14178
17298
7808
9059
11028
12684
10692
17733
18360
21406
14287
21408
21338
3465
10100
18984
12679
14335
9790
10956
9915
21418
14500
21187
6951
21422
6693
14892
8569
21426
7558
3091
18967
13066
16629
16262
21433
18034
17557
11322
7936
17725
18999
7346
17225
10557
7736
13079
21445
16922
13326
10113
19571
21450
3151
6480
3253
21454
16924
1372
1540
5952
10418
240
15066
21462
21463
9178
20111
13237
18061
5290
20646
17355
16336
1843
18954
19233
19579
9134
366
11805
21479
12246
11241
8362
12960
9279
1697
6739
18552
12505
1030
14775
18610
16397
96
1733
14007
16976
21497
5607
21499
4327
20218
20871
21503
21504
6606
14982
20000
17082
3702
7626
21641
21512
14223
11698
9696
14226
14619
20315
15479
6557
20358
21522
9265
20349
2801
21526
13399
4807
4919
5669
16846
21532
4387
1217
10019
14311
15610
1127
8938
15568
21541
3825
5736
7138
10762
7475
21547
8164
21996
3807
21551
19659
2482
3659
20201
21157
11015
15034
1216
678
1536
4866
1999
14142
1152
4375
5140
4831
8235
6408
13585
10826
21573
18282
21575
7002
7770
16698
699
16258
16396
2659
18753
9378
21585
13153
21587
21603
16472
8531
17994
3678
19001
21594
12229
19318
14657
15267
21443
9240
21601
19625
7532
6723
16861
21047
5947
17535
21192
10681
10196
19658
20461
6581
14740
13550
6245
20589
11954
21737
13448
9804
21416
19762
1289
12121
21107
11223
11668
6760
6594
17766
21633
2025
17404
2071
7640
10400
7598
20070
3298
21353
9637
21644
8217
1400
13063
9532
17983
11613
2436
10226
9518
21654
4745
11727
13736
7022
21659
20882
19845
10979
19773
6604
13596
11339
17628
4882
16583
2076
8633
21672
21673
1329
2288
3494
21677
12619
18578
2615
21681
7731
10324
679
6094
12585
12141
21688
16049
9367
21691
4947
21693
6295
17668
21696
21697
21698
21699
5430
11467
1385
15190
17862
21705
21706
21142
16087
13200
13938
7596
20861
21249
21714
5334
5594
21717
21718
15097
19758
21721
20357
21723
2334
17474
14217
19406
21728
3071
12180
21731
8620
11488
15452
12572
8950
4660
15313
6719
13167
21741
3814
21690
21744
2693
17810
17640
6685
1436
8718
17629
20752
573
15135
8468
15762
21757
16240
21759
2144
952
10289
16648
17712
21765
3949
8129
21768
1403
13798
14934
21190
5166
92
12560
1963
3034
8652
16169
11798
10618
4996
21783
730
18597
16448
11733
13622
2674
817
19995
16206
21793
19647
3915
3279
7019
10062
15408
21800
21801
4639
21803
21804
21805
8136
21807
5270
20073
21810
13506
4703
1491
2732
7431
8796
16606
6292
17806
2970
15274
21822
7421
2754
21825
21111
955
19018
5475
19762
21831
7475
21833
7798
19248
19074
653
10589
18530
5942
2377
15988
12755
21844
2356
21846
20101
9750
20896
7244
1905
21852
9047
17875
21855
6497
21857
5476
21859
17747
21861
7793
14705
4589
5830
21866
9977
4862
3000
14065
14217
21872
6062
14538
16303
437
16524
82
18866
11802
3374
15809
21883
11818
21885
2408
17946
2124
13898
3690
17695
3563
21893
4140
21895
17590
21897
13913
21899
21594
19564
11154
18078
7400
5273
9338
8215
17381
21909
12094
4724
6483
21913
20865
21915
19273
12076
9334
21859
21920
17360
3912
10711
20910
14824
6264
11190
19030
7690
19796
21931
9300
12076
17920
20845
21936
118
7976
8775
9378
21941
20506
3694
7764
982
13229
2806
4244
17363
15782
19291
6662
10820
13091
19534
14930
21385
19951
21959
11742
17484
17325
18565
598
21965
7760
1298
2075
11999
15486
14105
21036
11129
16173
7949
4590
14903
21978
21979
11377
9928
19784
3897
20969
2474
15744
17865
13255
16112
11958
10442
8233
1602
19673
21995
10838
5208
13897
8081
19118
173
4965
11896
67
68
18770
13233
4040
19690
73
16464
16543
18259
21825
78
16605
12402
14902
19077
1472
14377
10295
18079
87
88
12713
19204
16084
21361
17976
16461
3881
14431
8419
98
9961
9811
20014
12252
103
104
4157
106
18083
108
14136
11670
21057
1150
15933
12549
5558
116
19703
8259
673
15971
2836
2178
17908
5491
1234
126
4596
128
8269
13808
4776
13625
10350
7406
18336
324
7459
13648
3079
17021
290
10379
7997
2276
20846
11524
147
148
7631
150
20413
21087
8665
4016
10818
6800
15488
13830
6900
17382
161
162
356
8831
8320
20422
5116
168
20427
10306
774
172
12703
174
10986
448
7623
1020
3038
8341
15669
1819
1727
839
8009
4982
13182
188
9069
3247
18010
7014
11449
3491
3688
13408
10325
11424
3726
16737
2683
9936
203
921
18571
8873
21477
20601
467
2993
4505
212
213
214
13986
14806
1350
20912
12084
12557
4370
10188
6928
21406
5610
21228
21907
1650
489
1242
16981
232
2288
17770
18431
18194
10788
10272
8342
14662
241
4406
4067
244
13619
21361
18689
3937
21943
250
5953
21923
17982
254
255
15841
12068
18535
5749
13134
21358
262
18803
264
265
4416
13797
4246
269
7979
19024
17733
273
4054
19766
20084
9897
946
9291
12750
3345
8969
18472
12158
9169
18158
14283
11270
14243
290
291
20160
841
13167
11194
21341
14991
11561
21775
9022
18390
21086
6669
304
15793
3742
307
904
20458
18987
12586
16614
20902
17440
20011
17651
21635
318
11848
7291
19980
2378
17539
17010
325
6753
1782
21165
21280
21078
16184
8187
3449
17153
4642
13077
3543
19584
2023
21471
8480
13314
890
14750
21065
4623
15322
348
7245
2396
11167
3213
20511
14739
622
11409
6642
11903
359
1550
15904
14049
8906
364
365
366
1340
11565
4449
11183
16057
10058
5055
11060
7173
797
5250
378
16532
19311
973
14743
20034
10206
385
386
6014
388
6675
450
12875
7640
7618
14567
7848
396
6243
398
5465
400
19310
402
13743
2059
405
406
407
14724
8781
410
411
4145
18765
6769
7829
416
417
12251
7152
420
6864
11465
423
476
9281
14733
14290
19719
18255
12232
431
432
1389
19822
18692
2020
13717
19585
21336
18989
6943
1051
11114
21046
445
3141
8418
15883
4978
18524
16309
8834
13726
1771
12617
3539
15595
11501
10667
21353
1481
10543
2611
169
14420
3397
16667
468
17143
470
17740
1163
17172
17393
13538
12386
477
3315
3264
6741
3649
482
6774
19335
5491
10125
20328
488
7359
4549
12828
16497
20264
19137
5962
496
497
9914
15715
11031
1534
11351
19743
6696
13935
1774
507
11202
3198
19098
9084
19759
21274
427
12533
1790
517
12135
14053
3963
14699
8534
18531
5040
10096
15218
17712
4497
14173
530
21497
8066
3990
12524
2479
21370
1102
538
599
540
16364
14469
14218
2103
13895
546
14166
548
7745
17715
230
18141
16886
13106
18623
4373
7373
19831
19163
21766
11689
7805
563
17270
565
11894
13986
568
5018
6832
15619
572
573
3360
1323
16624
2957
17302
579
5278
4138
18915
13259
17522
15502
586
3921
4522
17457
5913
1643
592
9013
5560
1267
16366
10038
613
599
2464
15506
20056
11169
21605
6166
18114
16276
20944
609
8860
792
494
613
2901
19621
13197
20272
14341
1274
19026
12122
21966
11758
1611
11618
20836
17954
5846
687
6255
631
13500
18133
21446
8334
9407
5077
2434
14854
21561
641
3721
6322
21419
16465
21502
17938
648
19309
14104
651
9675
3450
20090
3244
20496
19237
658
5938
660
8288
662
13163
12464
20664
12543
7663
5816
2867
8405
6840
672
8121
17060
3152
6602
21529
2868
679
9854
7938
21494
17857
684
86
15495
4201
7262
689
3700
16589
692
6988
17165
11769
18702
15306
5189
15270
193
15653
17370
11279
14473
487
16450
11341
5713
4087
9870
3015
16547
713
9403
7619
1474
4086
6712
11716
8233
9383
10100
7226
10742
11406
726
6279
9792
12404
14649
10557
2487
20057
9700
735
7983
6114
2728
12331
19304
14144
1702
18374
21730
745
18089
747
19359
7711
750
3073
16533
7526
20541
6045
17837
10287
20386
19755
15452
18184
762
18367
1668
765
6451
11573
7236
6662
13857
4456
772
773
4956
15633
14507
19831
11827
11829
8169
20226
16037
11466
20226
17687
786
19153
13528
7001
13471
3614
13373
5034
1678
795
21655
797
8313
799
1069
13118
681
13391
5166
21318
806
807
9215
4135
8709
3541
8146
813
19500
18269
18037
21534
818
20573
820
9027
822
21023
4277
825
18601
11639
7708
21662
4207
6982
11017
6489
14193
10693
3091
21848
838
9298
16096
8372
6321
5024
12668
3224
15671
11755
3978
4469
9474
17099
3061
8079
16284
21742
280
857
6994
1769
18424
861
18663
863
864
15469
5343
14870
11116
14294
9189
871
1994
873
20635
15559
19160
2719
21803
9870
19482
10918
10896
18727
884
885
1017
5314
21966
8994
20919
15986
892
15600
15065
14748
10334
6134
5348
6717
11669
4046
902
16749
17259
10081
21483
3959
21533
11689
4370
3665
16365
913
7910
5583
8119
21636
8032
15113
920
1049
922
20561
5513
5233
5670
17027
21912
2241
4870
17300
5964
13279
20326
12938
936
7891
21333
17989
13292
11566
2150
11995
15340
7725
3868
14626
5859
21027
18828
9762
3706
5236
6430
7025
19971
8681
958
959
19477
6295
17312
18228
5921
4613
16116
10993
16383
8662
1153
10003
7791
1946
336
2999
976
3494
21958
4259
980
16123
15828
983
17185
21881
986
7376
988
10491
2721
991
9760
14771
21657
18628
14544
14820
16708
999
13065
759
11221
20779
1927
17566
7092
1007
19741
1009
9154
13741
1012
14835
17202
17019
1016
19982
3880
15543
19827
1021
21919
1023
15471
1025
1151
16557
7681
1029
3032
11735
6582
15351
21407
1035
190
16377
4761
5217
1040
17801
16718
14998
10585
19882
6530
1047
8039
15270
2956
14731
2032
12040
2920
11048
17406
19316
16937
6401
8505
15291
7777
1063
11192
6244
9455
8875
1068
21415
13235
1071
1072
8284
3085
8768
12295
21813
10615
15176
1080
1654
12472
5479
16170
9821
1086
19122
12485
8485
6316
5649
13230
13508
18410
942
4751
9418
792
13356
1117
1895
1297
12411
13771
7072
1106
5654
10588
2628
1110
20225
5994
18093
20552
7261
10536
1484
1118
7592
9425
4660
11643
447
1124
17757
17079
4724
2252
8729
9421
1556
17695
8091
17765
4003
12826
21947
14706
13779
1140
604
337
1143
14095
3991
18680
1675
17544
13960
1150
12884
16230
20832
785
12313
14757
13061
7337
20071
4189
5217
2527
20232
21030
1795
3752
19698
10914
17242
8560
3083
1172
1173
4442
4613
6141
1177
6805
11260
5322
10602
5417
11656
10486
1185
7778
12656
6105
15427
20500
4944
8436
17683
5577
1195
8035
8626
12955
20649
15330
1201
12820
4322
1982
21519
1483
15880
1675
9593
18079
1211
1212
1213
4156
11987
7116
16562
8068
3569
802
1221
1222
2496
9677
1225
1226
13661
14451
1229
1230
14022
8589
1577
21940
15412
12307
16815
18290
1239
2399
16323
11952
7661
1244
400
13574
7413
1248
7395
942
684
17130
13358
9010
15335
1130
15664
1258
4368
7156
8021
1262
1263
12759
3795
5204
1267
6725
9081
14576
2220
21159
1273
1102
11895
112
4431
15250
1671
19446
16199
15033
1283
18425
8968
15120
4826
18260
14485
1290
16206
21545
1293
12181
1295
19485
16732
948
5016
2899
12089
13515
14608
1012
5004
17290
20980
17077
14660
12306
6577
12842
3532
1314
13381
7411
1111
1318
5569
14145
19015
6077
1323
17593
4743
4520
5977
13903
487
9481
1661
1332
1333
15080
1335
1336
13167
1338
12976
17255
11606
15428
4355
1344
7628
18335
7329
8636
1349
18615
5902
20448
7471
1435
1355
1125
18956
20819
15361
1360
10291
12192
8744
1364
9231
8424
11076
13810
8464
1370
14871
1372
13864
12652
1375
18643
7276
20060
14518
21238
14447
12023
20673
10088
14732
4356
21115
1388
1389
10069
4761
8052
10606
13546
9789
11905
20365
13043
21593
3969
12387
1200
8470
20531
6894
20840
16103
4174
6600
13275
12665
15431
15175
11700
1415
17593
14505
7886
1419
4863
8846
9273
1423
15694
20386
12771
20895
3591
20831
2549
20805
9402
1433
2918
4963
12126
3060
8989
1575
18244
16849
14066
1443
8903
2254
14737
13476
16046
19564
18251
1451
1452
16718
1454
2943
20174
4475
4337
3108
11844
17805
19323
3788
21710
12669
15655
6715
21444
1469
4251
3156
11353
1473
4333
8730
11522
5904
13813
15722
5480
461
6136
20906
15678
18577
18782
4305
1488
18073
8458
15259
3997
8551
1494
391
13362
9272
7923
14184
18442
1469
11375
21987
1504
1967
8732
4990
1508
18099
2023
9198
1512
18089
17651
2260
8475
10448
1518
1519
10168
16095
1522
8172
19814
2525
17681
11777
17667
434
3604
13608
15298
17771
17946
21674
8438
13449
16317
14547
14633
4605
10717
9464
13781
1227
9061
14942
15157
20931
14754
1551
1552
12015
21033
19935
7430
12642
5407
15426
20635
7410
11869
12169
5757
17243
1566
19092
19844
12914
15334
367
3970
6454
19400
14576
7186
13818
1578
21465
9731
3154
21459
4108
6511
10749
14085
16950
13512
1589
3062
16808
20426
8586
9468
4947
7514
10190
12501
5502
1600
13361
5935
1603
15636
1557
17724
5399
16027
11690
20456
14913
12527
1613
8376
17620
21867
18490
6710
1619
12416
5416
17317
1375
19720
2582
19138
5224
1628
12277
13574
18483
1632
21795
1634
19725
858
5119
14865
17040
19800
14443
79
20791
19452
1645
13982
20713
21160
18645
1650
17952
3651
8877
17794
14043
10859
462
12718
16992
12020
12794
1662
9877
5112
8495
17518
11664
1668
10958
18958
1873
14459
11226
12396
1675
1001
21150
19114
19520
4692
14850
15012
3045
19753
7678
2427
2648
17442
6233
6325
1691
7500
13557
21040
17627
17396
19485
1698
6188
9294
15885
21059
1335
15941
7817
1629
11203
4140
17817
3932
136
1021
20118
6557
5878
7916
21610
7802
16744
3951
7231
6704
4976
12409
1725
8807
10231
12514
13718
13133
1731
1732
9175
21018
11384
11126
12940
21532
16530
12258
8950
3800
1743
130
5412
1746
16404
2130
4036
11416
5942
15604
8909
2022
1436
9010
20628
20321
2828
4831
1138
1762
10122
595
7413
1766
20954
9341
1769
21178
6599
14417
10737
12709
8015
5594
4393
4539
11611
1780
17639
1782
15857
10202
18345
6240
3793
19767
21700
10631
9826
15365
13046
3615
4064
4269
11579
1798
10854
18950
949
4980
20164
19622
7487
11135
1807
1808
21489
1810
16416
1812
10876
16440
2411
18007
9021
10010
8082
2230
3680
3202
11635
9570
2991
1542
14891
7713
17470
15760
1831
1832
19068
18274
21430
1455
14025
14077
11684
1840
7424
6999
11721
8988
8122
12201
20983
2382
9874
15168
10710
3044
12116
21278
13962
9171
1857
11241
10610
1860
3878
2227
7650
1864
4202
3855
1867
19157
13633
18017
1871
21541
1873
9915
13340
19524
15686
910
16721
20846
660
1882
9843
1884
1357
17620
1685
7604
6346
7143
13963
9947
1893
11932
20250
12908
4758
17374
11392
824
10245
13695
19411
2689
3893
6504
10498
6704
1909
13906
19943
1275
3944
722
19898
21323
1917
1918
21081
13419
13381
20158
13949
18418
5487
1926
17230
12705
13526
1930
1931
6093
1987
14707
18474
21195
21866
18858
20606
19262
1941
11897
1943
21891
13199
19630
14830
17290
1949
4582
1951
20866
1953
12262
10666
3644
434
14921
12477
18852
1961
1962
3632
1964
21474
21072
16036
21446
1969
19957
1866
19600
20271
10089
13251
14688
15477
12803
6560
21622
1981
12679
1983
914
12390
3605
20745
11810
1989
3391
1991
21400
15551
16101
1995
7311
1997
2400
1754
2000
21502
1991
9900
7685
11587
5283
2007
14782
5974
2010
20106
4442
14010
2014
7625
2016
11926
19477
8179
6847
13381
2992
3025
6237
787
1690
18568
14542
20379
7965
20049
1646
20182
17319
2035
2036
18505
7590
3857
15424
14096
14064
2043
10198
9699
2046
12553
1449
4289
2050
14861
2052
2053
9921
6701
7369
5388
14886
20093
7299
5611
7137
6654
10370
2922
10620
18500
17648
21486
2070
2033
7451
9808
2074
5507
14135
4071
1006
2670
17180
2081
20048
9935
17675
2085
3660
10880
2088
6066
3505
13240
18850
21477
8019
13396
7784
19169
10203
7652
10308
2101
3276
17484
7151
20102
9204
21982
2108
4294
16234
21776
6818
2027
10597
21279
2116
17100
2118
13811
7939
15916
21738
18237
15278
820
5751
6286
17100
7259
16915
2131
4682
4558
14337
19503
17408
7910
17990
2139
4471
11789
2142
1217
14696
14048
9009
5934
17794
2149
2150
5236
6581
2153
2914
1266
19122
4133
21291
21780
18028
21362
17783
13988
2924
1952
16587
4518
18096
11170
2170
2171
17628
2173
3501
14014
18928
3135
3150
8876
8597
21472
17925
4079
2184
146
8747
19229
16564
18024
16283
7684
10129
16597
11624
15942
10756
8794
4602
2199
3947
11386
10095
20840
14915
8376
4741
2200
13338
4363
6108
15768
19921
21167
9335
13972
3391
10182
8102
4931
7580
2221
2222
16032
20994
19178
21779
16139
12879
178
6645
12477
14754
15521
15505
21267
1100
2237
2238
17795
2240
10317
10613
21389
12845
2245
16832
3032
4397
5435
3817
2251
2871
9464
7071
11861
17466
18795
18462
6936
7032
5286
6115
2263
4503
15845
8467
4657
7935
2269
2270
9579
13966
7085
19342
11648
11861
8910
14826
2279
21917
5234
1863
18863
14176
2285
6059
5993
7338
363
3487
2291
16326
18531
6013
2295
19764
4442
11127
2299
9616
10875
10056
10241
13652
21722
13579
2307
4768
2703
2310
2311
19455
13640
2538
12797
15089
2317
12525
2319
12063
191
6194
12975
16912
15418
10710
843
2328
2329
14896
2331
21155
12571
9093
4500
9793
11183
2647
12326
18926
2341
13701
3093
11942
15066
9299
11664
1993
2872
7241
18514
20827
20577
2354
21257
2260
13139
1395
8701
4170
12789
14288
21309
9708
2365
19879
7082
13420
13524
2370
21380
12115
4672
16372
2641
9018
2377
17158
20154
16496
19525
21092
17728
18761
2385
19124
15493
178
15841
6102
2391
7215
21513
16443
3261
20886
2397
2398
12649
13032
20081
2677
21735
13738
11940
1610
2407
4600
19186
2410
7506
19054
19695
2323
1731
21166
11251
10296
14224
20077
9187
11572
10449
2424
16850
14215
11006
3870
16800
2430
15715
15465
14753
7742
2435
7282
2437
2438
8664
2440
17302
73
18456
3788
15352
12208
3239
8560
2449
2450
4416
2452
13551
3903
16974
11012
576
3363
3950
13670
6989
16846
12887
18636
1169
2466
13447
11045
4623
5960
6816
5896
21451
1765
21413
17202
19569
7809
3515
1205
2481
3342
2483
7053
2485
11301
12854
15548
19451
2490
9011
10787
2493
221
1222
1223
2497
10091
2499
9225
15045
5589
3289
6563
10962
12483
19919
14712
19950
20165
2387
10220
5310
14284
16140
15219
1458
20484
6015
1580
16958
907
13994
9549
14397
11514
4504
16303
8279
1546
10184
11419
12188
7055
8332
19813
2462
17989
5510
8200
9760
16525
8907
2544
1661
4289
11122
4002
2289
8704
281
12398
590
17006
12094
1888
2723
2558
2516
10410
20627
20904
15990
2124
18747
7195
11780
4725
1434
20388
2571
7253
14072
2574
2300
352
9057
2794
16353
12682
3225
19381
7882
4423
9999
16042
3498
15772
12786
4872
20048
2592
7106
15521
2595
2596
10714
4038
2445
5468
18948
17070
19060
14262
5457
18014
2607
11754
21552
8104
20683
2833
2613
15530
10405
2616
19357
18466
3391
2620
18721
2160
4819
562
11236
4760
12762
8942
2629
15151
10199
6838
2633
5162
5410
1147
6765
18434
8284
10867
2685
9882
9087
2644
2263
17430
11051
5216
2649
6468
3338
2652
2653
2654
9852
8178
11696
11765
15077
3997
2661
19083
18177
21651
2665
4309
6855
21315
19114
10544
8781
18706
18379
2674
8678
4205
17528
5543
3237
2680
16205
1601
15968
2242
3551
9055
2687
2688
14496
4221
14356
11025
4576
6709
19505
341
2788
7080
20709
2700
21914
14505
9634
941
3212
16020
2707
10863
10000
4344
19702
13468
15266
2872
2137
9944
10706
10918
13271
17725
7903
19865
6228
16130
10171
14645
15531
12426
19888
3241
2731
1646
2733
4591
2735
14994
7427
16370
2739
2740
2741
10473
15106
18821
2587
10431
6555
12557
14672
12839
11032
15006
8311
3672
18349
4797
2757
2758
8506
15557
8713
6500
21491
19674
16940
2704
8745
1718
2769
433
5902
10519
16902
17450
18032
11268
18963
1713
2779
2780
16433
1478
2783
5296
7469
15502
19069
1466
19988
19508
2791
11141
11973
17409
3183
9663
13496
2798
2799
896
11144
2587
18516
21260
12570
5340
9935
19359
14658
3110
2284
5511
5492
9323
18725
2816
4085
12072
7272
17185
1123
12877
17799
2824
11048
3841
17854
3917
2817
11725
10221
19705
15919
12340
14778
21954
15660
11175
6328
2840
2841
18618
2843
3911
2845
2846
1575
1529
8586
1681
2851
2176
5416
3089
18739
14520
7237
2858
2859
290
6741
15196
16053
7488
21299
4918
5142
19357
21504
12347
11390
7961
21363
15427
2875
999
5879
4993
1783
20269
7200
20206
2883
10050
2885
9812
1442
21964
4482
1989
2891
10721
2893
7629
15124
14744
4297
17304
2899
8881
13843
8584
2903
10343
1636
7644
6050
2202
2909
14708
15623
6337
14206
5150
20609
11771
4704
1425
3399
7110
12721
3175
2923
3553
17482
8470
16750
4903
2929
16130
13190
20259
15382
16778
10461
13659
5302
13100
2939
7520
19925
5058
3753
2943
7724
12208
952
9085
1974
2950
2951
11360
2953
2954
10321
18602
6491
2958
2959
18645
8100
17390
4018
6035
8848
10082
2405
14748
14490
17237
2971
7534
2973
18068
10375
8822
7822
2978
13446
8893
10151
7062
1865
2984
17120
7587
20811
8204
17975
11459
14558
6328
1446
17717
2995
666
2107
2792
1224
9588
3384
18436
1856
6313
9694
1945
6975
16902
9485
14599
7285
21396
3013
14586
7559
16511
6301
14119
3019
8901
8020
18391
9607
4899
14861
3301
6930
5822
4050
18388
2857
18168
11045
3034
2368
17112
1345
9349
5514
4750
3041
4808
17396
1852
5486
7802
3047
3048
13024
2390
12334
11532
18814
8501
12421
16179
7735
4909
21589
1419
11376
476
3063
3064
11551
9942
3067
10024
6019
617
17778
6439
18264
4605
3075
20323
16542
11923
19416
20381
6316
4777
6877
3084
15714
17494
15359
3088
12651
130
6435
11830
18998
150
3095
14366
3097
3098
3039
3100
20199
3102
17160
10357
12662
2476
3107
3108
5173
9842
2870
1187
3113
13185
3115
18962
15358
21794
17982
1723
2820
21006
6251
3124
12438
2303
18941
7384
21708
17526
4903
11210
3133
3134
18427
13995
3137
6734
19292
8435
3141
19017
13778
21732
3145
3146
10528
11783
9043
4444
3151
3152
21471
8944
13293
2366
20893
4569
5544
8029
16444
20961
6299
6380
258
5601
14346
18152
10598
7165
12431
3172
959
15698
13874
5512
3177
9802
5148
1233
9990
5275
15790
16661
5903
6783
1428
8430
4757
4421
14818
6664
11035
19764
9810
17369
20121
3198
11211
5205
8961
9231
3203
7412
21459
2415
3207
428
12880
3210
7456
15262
352
21431
9010
15449
20503
5671
7979
3220
3221
17992
2244
18300
12029
4207
17787
3228
4257
19731
15926
3232
17298
12316
11527
5871
1414
18192
6699
9212
3241
3242
14335
17193
5870
11584
15112
3248
21506
8829
3251
13708
3253
3254
7935
5386
12554
20666
5939
3716
19433
7960
19655
2401
12823
5895
3267
2610
10454
2966
8318
822
6507
2314
9592
934
14958
10320
3279
3280
19606
1215
13410
13311
6301
21253
3287
2151
11699
4952
5100
3292
11056
7176
21435
15370
8658
1251
21481
3300
527
12132
3303
19138
17569
21578
3307
15448
6164
5912
13227
6251
11943
2247
16073
9575
11635
639
12478
8929
16815
1602
18766
2193
21094
12676
4187
16439
1745
13418
3331
17937
21828
19237
9627
227
10839
1995
10916
3340
1190
17794
3343
11340
19758
3346
4929
20882
17622
19590
3351
16510
9383
3354
16321
5046
15331
7764
7423
5341
21397
12286
11413
1539
11327
3366
21148
17055
646
7884
1588
19521
3373
19858
11725
18122
20640
17151
15635
11641
18634
8432
2199
3384
14694
3386
3387
12434
5684
16446
2619
19944
3393
17825
18662
907
10296
3398
5096
8382
16117
18246
21240
16449
5143
1901
5267
14636
16579
3410
8999
5502
8188
1457
14151
10346
7028
14015
19479
5596
2053
11972
10842
1642
10970
2168
2324
13915
3429
5626
8503
8595
18778
19178
1307
3436
4352
1305
3439
700
5953
6985
3443
10865
3445
20249
14331
8950
6473
5456
18607
5904
5032
10717
4583
16891
15472
7829
3459
2265
3461
15059
18054
3464
3465
10439
16986
4664
3469
18942
21311
15997
3473
3474
18664
19458
2404
449
19238
21919
8280
11327
7885
4242
13095
14038
3487
12213
8362
13140
426
3589
17907
4323
4331
16568
2380
13582
648
21821
14799
2659
7633
9379
8484
13031
8830
9772
12158
3510
13673
7420
11464
1577
15839
21807
16683
4021
16859
3520
15542
3522
5384
2884
1512
12690
7023
3528
15602
15420
19157
9678
3533
5162
2855
11614
5048
16687
8498
16692
5919
3542
125
9944
21421
16633
3547
3548
6279
4721
19369
10491
11240
3554
3746
2352
3325
6372
15824
6046
5327
7283
19475
6742
8032
3566
1108
19281
17074
14794
18918
20392
5617
924
3575
8183
10815
16187
14807
10264
3581
16260
18898
10642
5055
3586
15224
21877
15391
2282
17825
3592
17460
3594
10762
4233
7980
9619
20328
10936
16373
2296
18718
14490
6599
19793
8028
5808
3609
687
10904
13970
21545
15038
3615
1295
18517
10421
6006
20887
13368
16040
3623
3624
3625
6156
15919
1292
17385
9363
20753
3632
3633
3634
7138
14055
8144
14287
15785
2535
16268
1884
20722
1956
2079
21028
7410
16137
6909
3650
10024
20639
16863
3654
18131
1733
372
1097
15241
16280
4043
3662
11388
1825
192
21514
20329
20747
13348
8841
18086
18758
13899
3674
3909
3854
3677
19111
13894
6692
1701
16325
20256
17233
21420
8554
19399
3706
3689
9838
10704
3692
14901
6592
3618
21505
962
8912
3699
3783
7701
3645
19899
10447
6508
18245
1961
14708
2315
15571
19010
21062
3713
16046
3715
10297
20428
18994
12807
20526
15194
10547
18747
3328
10976
16306
3332
3728
14875
3730
1793
14193
13766
14032
9108
14553
17187
16357
9790
3740
3741
10257
13603
175
6497
20109
785
3748
10848
3750
20298
3399
5111
6193
3755
5409
11393
20906
17723
2008
3761
15585
4134
1312
5419
9079
18307
6534
20630
21783
4447
2500
3773
3774
15664
291
1238
21157
9761
5266
2708
21226
15192
3784
10442
19469
12332
16887
5394
8055
1807
4254
2998
15997
9681
6668
5649
10768
1957
6957
9151
20799
3803
17537
8845
16133
18414
15361
20800
14024
3811
2774
3813
3814
15644
9872
10063
715
3768
21351
20846
14847
9804
17640
2557
2721
2854
18562
13460
19632
3831
3832
3833
2731
9367
4088
9165
6374
14824
3840
15160
21035
10109
6085
3931
9806
17823
13968
3416
2687
17574
13047
16186
19091
15866
18612
3857
4568
14092
3860
14559
3862
3225
19426
7422
21865
11695
18548
3886
14728
13206
5008
468
16565
18009
8337
4074
13249
3879
7634
3881
17850
14742
3884
9191
18437
3887
2065
3889
15457
3891
15235
21346
4035
12313
12864
5174
19790
10817
3900
3901
19413
3251
14332
2760
4195
9765
9918
16651
9445
20498
9672
11660
14343
16042
4098
1904
14608
18522
18002
12641
8109
11814
14044
3963
3926
3927
14130
3929
8692
5964
16037
18717
3934
1494
19878
19211
3938
6301
279
1356
11804
3943
12622
9416
15125
18508
3948
5855
2006
3951
16637
2187
13025
3999
20788
13432
17216
14845
3960
10723
12123
17417
17930
20601
3966
3967
21887
13888
10579
12255
3972
6749
3974
9703
6786
7413
3978
1890
15911
3981
16185
5039
7227
14541
11981
7550
8431
3600
14961
8899
21478
8497
2502
7477
19930
14977
14747
16693
8547
563
20492
10454
1857
4005
15440
10039
4650
4009
19309
412
11771
17047
2591
20674
4016
21577
3311
1795
14730
1697
9720
4023
4024
14878
6464
11994
6124
16711
18394
19811
21742
21244
2092
13335
4036
1657
4038
16569
21119
6314
4328
10730
4044
5716
4046
17437
9918
7472
6481
4997
16979
8626
13794
16973
21568
4057
9144
4059
2558
16380
4062
11386
9739
4065
11939
15879
4068
5749
2076
136
15090
7641
13131
16049
14606
4868
3094
12396
4253
16848
18150
6726
4084
4085
20259
19280
6666
4089
4090
4091
4092
5404
8477
21906
12683
7548
2187
4099
12265
12886
13133
10530
15146
3790
4106
17744
2974
14979
16812
8099
7970
12389
4114
7537
11495
15382
3306
18489
4120
4121
3380
3942
6661
14839
4126
18609
1066
21741
17271
11949
21524
1135
6470
20256
4136
11593
9488
16168
20685
6410
16946
18420
5973
20695
387
4861
12092
15909
11289
1662
4035
7055
6201
8958
1214
16794
16894
17674
4160
13537
15483
18494
5306
6251
5048
3053
4168
13099
4170
20479
2336
1817
4046
4175
4312
18401
7457
18503
1288
14397
4216
18487
4184
4185
11463
6948
2405
5579
4190
15621
4192
4193
13254
2771
18822
861
21132
1098
11612
16559
4202
19945
160
1735
14366
17194
9213
8963
7222
3379
13313
9954
9621
1557
4216
17321
11263
9640
4220
1720
15421
988
20086
4471
11875
14509
4228
14628
21784
5569
2515
8878
9234
13602
19161
324
20114
9830
10862
7075
16640
9365
18249
98
5614
4247
17456
4249
8987
13479
18025
1367
4802
19241
4256
19618
17679
20495
14986
18331
4863
567
6637
10822
3600
5712
4268
1796
17932
4271
16567
15991
10460
16531
4276
19508
5175
19929
11758
4281
4923
4866
17017
1272
1186
8617
20374
5537
18403
4015
17533
8590
8395
12544
20642
2652
2359
4299
4904
4301
13602
4293
2566
20958
16943
2806
2214
3362
16974
3378
10629
4313
1225
21088
21306
1840
15450
4319
3452
4321
5899
16669
12782
1190
10893
14855
9941
8217
4417
16575
14708
64
19149
1479
9829
7624
3299
20646
9678
19663
4342
13642
2710
17922
4346
4347
9890
15017
20987
12132
15265
10084
13524
9527
14343
17431
14717
4359
6501
3050
3497
20462
13213
7801
2200
4367
4368
4369
3941
3655
14430
16269
2383
13269
20410
7445
15629
6065
19070
17280
17553
7310
14613
4385
9570
18166
8322
14693
14739
4391
20844
4393
17949
7122
11117
13150
1269
16997
9837
18429
11104
11030
11852
5648
2627
4407
18924
4409
1105
18406
4412
18685
19955
17145
17156
18314
15100
4419
20105
4421
1388
20971
9922
18454
1579
1526
20291
1492
20690
8091
2772
16026
8258
12984
4436
969
16273
19025
5369
9704
5706
2821
3932
14223
18765
4447
21685
4418
6285
10487
15521
4453
8731
4455
8788
11097
11264
12417
2310
21073
5821
1761
4464
20386
3752
843
4468
13496
955
16143
7096
4473
7170
16617
14879
12044
18446
7957
16621
11446
3480
19382
6827
14002
4486
6157
21110
1919
20877
432
21722
17568
11914
2532
16431
12219
4498
1680
19008
16903
6229
12245
4504
9301
19063
5674
4508
670
5955
12221
18844
7395
135
8504
9277
19126
5264
4519
2792
4191
11478
1499
4713
13040
3435
19159
18074
7598
18159
9443
11667
11979
21368
16312
15791
15363
21549
11052
4540
16844
4542
4543
9484
15816
18018
2785
9892
5175
4550
14944
3460
11441
4554
5335
4556
13687
19007
14295
13861
5799
14760
4563
20727
19856
8291
20595
16555
9102
206
12930
5593
11144
4574
21906
4576
3254
12523
10479
16353
1502
17769
12263
17093
5369
4586
20404
17551
7491
11308
5485
4592
4593
10184
4104
12761
1008
12389
19382
4067
4601
21293
17219
6303
8264
14113
2853
7528
4609
16912
3318
15368
4613
13385
16648
5010
20267
7332
8176
4620
4264
19612
9881
10259
19139
8403
19735
6973
7354
4630
21065
14927
20777
15121
5568
20430
10530
17058
2964
4640
16793
13625
13064
1052
11204
19561
16237
5162
15774
4983
4651
21786
4653
5866
7361
229
4743
17227
9817
7149
4661
4933
8687
8765
4820
16840
4667
411
10637
1234
1740
8835
4206
18308
4675
11101
6086
21679
1878
4680
5535
2931
385
1900
5133
20576
215
11945
19983
14211
4691
4692
4693
20963
4695
4696
8119
2347
20223
12594
18929
12056
4703
8717
2464
1296
5328
16391
12118
10920
10617
7315
4524
20462
11930
13251
2976
18200
427
4720
4052
4722
20697
8984
19445
4726
16703
12988
19071
4315
4731
4732
4733
8134
4735
4294
5583
4738
2883
4740
21887
11869
15134
17350
8180
139
2098
793
4371
7362
21947
6018
4753
9014
4755
15011
4757
20864
4759
10073
11638
728
9479
4764
4504
15994
4767
17147
19970
17404
21379
3206
20935
1874
11112
21470
17919
13254
4779
4780
134
21441
149
4784
6880
21611
7971
11608
15140
16673
20252
20349
4238
4794
2799
18778
135
13393
4976
19774
4801
6584
17997
16533
9896
7387
6871
4092
4809
4810
20424
10793
4813
12278
21895
13252
2660
9803
8472
16820
1315
4822
20675
13527
21637
2987
2284
4828
13136
5507
4886
18092
10955
20910
9484
12171
14115
21542
3586
7814
19655
4842
16529
17606
18696
2769
4847
4848
17772
4850
574
14497
3154
18557
17107
7188
4857
1968
7305
9079
12491
4862
3709
4864
331
4866
16265
12259
20690
13011
17881
11623
4873
15948
4928
19173
16874
2569
15963
10140
6225
9831
11956
4884
4885
2554
14329
6360
1055
18165
20430
6187
4893
4894
9455
1313
9012
12890
8398
8176
612
8662
11960
19482
4905
9564
21063
14121
5175
6051
19499
3062
9320
5093
21813
13560
13427
4225
17931
11776
16827
3396
19509
18987
9529
10010
4512
5973
11912
485
15781
14270
14622
10911
4935
7474
16626
4938
9808
17149
1417
13376
5658
4944
10187
8198
3742
20771
170
17297
6090
16247
4953
12283
14582
16515
14929
6743
12238
14474
17648
4962
15383
6683
1906
20062
17763
7067
14680
10872
4792
10789
14314
17473
4975
10764
18881
15088
3187
15333
8719
4982
8902
17371
3383
4986
1645
1923
13918
12405
9177
378
4993
15761
9471
18546
4997
4586
17069
7997
19768
19535
16722
1300
5005
6366
2764
3872
19260
5010
10280
18269
10773
2982
21934
10043
7099
14847
19729
4438
17563
5022
5023
19881
3274
18260
5027
1667
5029
17566
680
12549
5033
345
1982
10611
11634
5038
17968
5040
19803
5042
5043
1714
8926
20162
7852
16069
15442
3436
5051
9711
10907
14909
16002
248
17105
5058
13375
17256
8215
15297
2318
5064
5065
17656
12210
13536
4045
81
1420
14462
18594
19968
17855
8198
5077
12447
5299
9874
5081
10685
9571
5549
20466
5086
5087
15895
15669
1909
5091
5092
5093
5094
14256
4698
13630
7105
21498
21078
11299
2634
3265
21456
7891
13803
5107
9022
11901
13302
20721
13129
17116
11305
7073
2640
18478
21267
20172
4582
20170
5122
5123
5124
4709
81
14540
2406
3253
6488
3163
15039
15093
5134
3511
17673
5137
5138
3836
11034
15562
20449
10087
15496
2963
4215
5147
3497
5149
1972
8612
5152
19586
5154
21263
15349
1810
5114
8077
8872
15152
20581
8651
3817
13513
20428
5721
2772
195
8981
5171
20017
7577
21912
16545
8512
12649
10211
5179
6184
7611
19973
5183
20586
105
14413
11854
5188
2707
5597
5191
21126
13733
12908
21462
3107
2873
8541
2310
18501
5201
12546
13947
10146
17920
2245
4748
927
9666
4641
14388
20304
15435
5214
20675
18395
1161
5218
21439
2025
8837
709
2548
12366
17276
9825
13278
13602
1210
19194
3121
8083
3589
3090
5235
12660
4395
20915
17826
4951
10972
2487
16880
7461
9573
10251
20703
3828
2913
5250
5251
6144
8741
20214
18826
19016
6472
2426
5259
8087
18638
5721
2395
4626
5786
16603
1672
20275
7881
9939
5271
1394
21682
2687
10752
5276
5277
7527
14995
16204
15925
10743
1859
10173
2230
20250
2154
18694
7181
5290
16827
18887
14808
5294
5295
5177
20311
18051
5299
7091
8714
7210
17538
2440
6587
19858
1570
622
932
18471
694
21506
16550
18932
18796
4321
14191
3237
5319
14126
286
17774
14216
12424
14996
2543
11540
16917
103
8760
15207
120
783
17934
5708
2498
20758
17554
6156
8529
17257
6694
14003
14372
13837
6958
11894
2329
10253
17024
20875
8142
6819
7394
13260
14531
3890
5358
5359
7324
6849
7129
15003
20580
5365
14860
14276
13088
12520
19124
8186
15673
18052
12440
7187
6239
11766
9190
13937
1351
21328
5382
15489
19880
10965
3496
14680
21492
5389
12843
10741
604
6992
19546
6109
933
1242
1981
21356
21618
5401
15773
8958
21994
5405
19971
8440
10558
6457
16287
17988
14810
2816
13069
5415
17304
354
12245
11299
20744
12586
5422
5423
7243
20283
11146
17903
1791
13778
5430
17423
5988
18804
6041
12235
20614
1484
2538
5439
17902
13401
5442
9489
5444
5445
5446
5447
5898
11823
2991
21099
5452
12911
17029
5455
3159
19228
17230
12436
20152
9184
7212
10028
20366
20970
21320
5467
11973
14432
10808
5471
13237
19523
17086
7882
10367
4113
2080
5872
5480
3197
16545
1881
6169
13187
18790
10809
11821
17310
12659
7035
3876
18901
17824
12258
5496
6702
5498
5499
5004
5501
5502
6739
19081
12195
10808
10749
6301
12646
9190
19215
9073
12739
3853
2303
5516
13713
5518
18087
3178
5605
5522
7656
229
18970
1264
4219
16755
19852
17076
3069
779
10163
9532
11864
10762
347
117
12397
9253
15018
5542
7931
11863
5792
4194
1809
20030
18425
4243
2129
5552
5553
13805
17350
5556
6196
12998
5559
1572
2994
17468
20806
7937
11328
12211
6650
8069
9942
7635
16943
10453
5573
3242
18304
16893
21074
11902
21185
11921
13351
2254
241
20423
9353
4748
13807
3078
13895
3256
5591
5181
5593
16392
1818
780
16004
10493
7341
20274
12827
20725
14653
17864
19243
11804
5607
5608
13116
5610
12540
12605
21305
7507
4632
2672
11577
3203
9215
5620
18598
5622
19490
1463
13291
10332
16560
10961
5158
5630
5631
6445
6261
9538
1808
5636
6425
866
7594
13562
5397
5642
5643
19372
11145
14017
3451
5648
16747
2564
586
2209
11109
10144
7536
10439
18784
11163
17502
5445
5661
20053
10609
11884
5665
12410
5081
5668
12183
14621
2866
11560
15319
19500
2883
7826
11238
13828
3179
13336
12321
17332
14428
15693
5685
5686
7469
5029
13204
12183
1666
12092
1787
20398
5695
11078
3731
8838
12614
9463
20684
10052
20159
19878
1159
4442
14807
20192
645
16092
11628
17908
7786
17276
10626
17681
12690
19794
20181
6935
17787
11913
1482
9641
5203
12859
12548
12653
5729
13875
15033
13303
10807
15441
19512
7771
19884
7359
18842
14613
13490
5742
12328
20142
8283
15507
5313
11026
259
3629
2496
13649
7436
20514
19542
5756
16227
18367
21487
15683
5761
3540
19027
14005
5765
5766
11988
5768
9538
9021
16371
20465
5773
2288
6265
21583
19843
18528
15282
15821
7861
5782
16819
15718
5785
16918
12173
7640
7024
5648
9841
19238
12855
5794
5795
4350
12925
16764
4561
8693
5801
5948
5803
18864
5805
20114
1654
6509
5809
16513
21210
6437
6361
6280
4730
668
976
5818
7460
3425
18869
3882
10380
20979
3767
10723
16434
4501
5829
15251
5831
5832
6836
21022
16539
16268
5837
18179
13279
20082
5841
7770
15252
5844
15373
20855
5847
5848
10886
5850
12589
19338
18763
13342
9455
8578
9429
11290
18242
19094
5412
10168
12728
11534
12593
11048
5867
2235
16616
19189
14969
12757
8045
13501
7975
2163
5877
13266
9854
1620
6273
2735
2015
5172
17243
5886
8999
14736
16670
18695
2290
15088
11586
18264
5895
10738
15766
4815
5899
21039
3867
13682
10708
5768
9542
12358
5907
525
11221
15534
21009
1658
6704
5914
1152
4517
14635
11657
7417
19025
3173
5922
10270
10424
3738
12658
21245
12871
18460
8904
18142
17474
5910
5934
17750
3493
5937
10163
9289
17020
2390
2473
5943
10571
7042
6051
5947
14161
10412
10042
5951
2147
8915
4910
4510
9243
17611
5958
2314
10989
17269
4928
5963
5964
1115
14926
14822
9077
18126
10303
8339
17651
2527
12857
5975
1651
4308
7024
20592
787
8659
20074
8526
5984
12626
18507
20762
5988
5989
5990
5991
11571
19966
11530
11232
2723
4312
21924
4638
20194
3319
17451
7920
6004
6005
17168
11743
6008
19259
425
14306
6012
17258
6014
14702
21773
558
3428
7589
15377
331
12666
10056
791
5602
1424
13249
9441
6029
15712
8725
11293
9718
5230
5763
14836
20545
6714
6039
1390
7412
21461
5561
14209
13894
16280
17796
13189
9114
15533
8555
710
12789
10310
17724
6056
6057
18614
17711
1695
4306
21873
21561
14599
7899
6066
6067
20651
5556
19524
18745
8612
20584
7662
13769
11960
17891
6078
4230
4486
16055
20776
4771
520
15489
20622
10815
14593
4518
11815
5554
9626
2989
9854
5694
621
16715
9105
2865
17046
15316
6102
5987
880
1921
20189
11874
17153
20155
11430
10070
21324
1036
6834
16390
20320
6117
7401
6119
20990
7517
21822
6123
3173
13190
6126
6127
12915
12140
20664
18970
7770
20582
6726
6135
12598
8037
19423
974
8914
11151
12478
5340
13641
6145
13901
18315
5519
6149
18960
18044
431
12161
12925
10146
3626
6157
10057
9732
14524
742
10105
16147
21536
21461
20640
12176
9110
3945
12497
15281
5424
11097
854
6175
2619
20970
6178
19194
2148
6284
20922
18610
18525
7318
6210
8108
16649
6189
19166
868
4045
3906
7842
10893
8123
18346
19262
9909
5185
17389
13234
20933
7189
13771
1082
1099
6208
5500
16086
6211
11415
7757
11728
1743
4900
16210
19586
2380
9675
21568
8243
16539
9314
1421
20321
13447
5589
11287
6230
13776
254
3469
6787
3033
1692
18521
6238
20883
6240
12919
6242
7122
4602
4886
2679
6247
18955
16408
12130
4165
16901
6253
6254
3231
7276
10093
19808
11681
18841
12299
4026
12993
9692
9270
1619
6267
21264
21308
19508
1461
8347
16108
6274
4423
16028
15669
17443
5069
11007
19062
5821
15279
281
6285
2170
9696
6288
16816
15020
6291
14168
17018
11964
16640
8654
6297
13109
3760
8942
2952
9360
11231
7796
20128
19928
968
12351
12481
10059
6311
13286
3623
18063
15286
6316
14330
6318
6319
4917
14674
16835
12613
6324
6325
6714
17129
6328
4252
14727
14122
10149
6538
18963
10206
1190
6337
20017
17428
6340
17383
6342
9475
21904
19663
19249
4314
3776
6349
20458
21258
6352
16682
19579
21786
15160
13202
16880
1967
19872
10802
6362
20095
6364
10983
2546
6708
2568
2260
3484
16590
3503
9504
5816
20177
1614
6377
4541
15334
17099
6381
6382
11497
6384
19402
6306
12006
4641
6389
6390
17613
6392
15134
18132
20683
6396
6894
19853
3816
7554
1369
6402
15005
6404
15596
17847
12419
6408
14056
19835
3723
6412
1297
19141
11800
6806
17984
6418
4810
15082
21116
20445
6423
10009
10645
354
12304
4614
14534
4783
12365
6432
6433
13206
7519
3118
1885
2557
17117
17495
14090
9033
6443
11112
20232
2033
6447
12953
7430
6450
11018
2152
19317
15321
6455
20739
3079
18079
5264
2564
8317
6462
16431
20430
20228
1418
20811
10796
259
6470
13221
8207
19304
11780
4784
7831
5573
10828
9370
12218
185
11722
16770
21666
15967
21881
6487
6488
6489
8936
2266
9415
6493
10604
6495
12521
10223
5628
11871
2762
4360
13089
15651
10052
8120
19992
519
14919
6509
12249
10710
13873
542
15993
13752
6516
9734
6582
4481
12356
15296
4320
6437
6524
4974
3492
6527
2647
21515
7125
18839
1908
15353
15775
12987
1386
14703
1444
16597
6063
6541
2452
15955
6544
602
7186
5531
19867
10848
6637
12083
10477
10470
21292
14641
2246
19600
5749
5375
89
15823
4882
9192
4969
6565
15129
11242
10435
12763
15258
7734
15656
6573
17404
6575
5204
18789
6578
18026
18393
4153
8645
342
21525
3242
3125
9241
3588
1512
12028
6591
516
1374
6594
6553
21000
6597
6598
3179
6600
8575
15282
6603
6202
5511
21558
6377
14103
15755
4809
8384
6612
20565
6733
10457
5999
6617
4435
9358
13816
6621
6622
6623
6021
320
9971
14481
7167
17919
4701
3546
17776
3724
20139
6635
6636
21650
8747
5775
18015
3756
3337
12564
7068
18243
9791
14572
260
19067
2945
11746
20892
18588
4435
14180
14196
6657
656
6121
6660
13834
4537
20304
8157
6534
7526
6667
5299
911
16477
14260
7989
18007
19736
13328
20060
6677
8547
3727
5743
10268
4377
4494
16608
14564
9134
6687
12740
14246
14203
15239
19734
9162
19206
12594
3281
15121
18953
20110
6700
6701
11140
414
3865
9943
19983
20974
3981
12717
2627
988
11324
16034
7805
10477
1521
12989
14310
20196
18226
15354
16371
21604
10260
15785
21927
16446
6728
2251
13987
6731
3397
5230
14595
6735
20096
8150
11006
14352
8911
7124
17588
4722
10506
17739
20578
4296
3278
4644
7292
18908
15701
9252
6754
6761
4622
6757
272
6312
201
458
9391
17436
14432
8386
21085
9372
14441
7893
14552
5869
6772
17613
9426
5471
17613
16834
2978
14524
10243
11179
5718
19207
6784
6785
11647
5060
6788
14245
15746
21102
6792
715
6794
21576
15321
6797
6583
6953
4491
9599
6802
10649
1637
15783
10721
9237
8571
15812
3147
4613
21837
8964
6814
2490
11882
8056
6904
7243
2994
6821
6270
6823
6824
15976
17206
7341
6580
14937
21378
4378
3081
16835
3680
15723
18773
6837
6838
9751
671
10734
21256
6843
6844
2312
14428
6847
21860
5738
20021
8570
708
17517
21099
8463
13986
9186
6858
6859
8228
8343
6862
6863
6864
10298
10208
14123
14800
4573
6870
11250
2489
8397
9526
6063
6876
12262
12815
6879
459
6881
4409
12557
12681
17145
1007
6887
1277
6889
20904
14732
17030
2736
2081
18819
17327
17343
6898
1613
5386
15149
7300
842
2374
14486
15832
6907
12797
16585
19667
3194
15903
13424
8921
20808
6916
5558
5597
6919
12933
3995
19212
9071
6924
6865
14273
10567
4785
12216
12186
3499
6932
6933
4700
6935
6171
16253
4003
5225
10445
14253
17489
6943
14389
2451
14579
6867
21341
7192
9813
13060
6952
16724
2003
13675
7422
6957
13593
9775
6960
16778
10975
11678
5157
2753
8813
6967
13765
5793
12041
197
16713
12998
19602
12728
19791
6977
6978
9877
11909
18792
10382
6983
5840
15857
7886
15287
15256
14292
5116
84
20670
9598
17876
5920
6789
17232
19235
10678
17968
6488
21963
17178
19752
20850
6072
6712
6323
2634
16872
7011
15459
1977
4830
14481
10294
10046
7018
2874
315
7021
21658
7023
11556
8459
14486
7027
7839
9744
12529
7031
7032
18180
106
17631
10921
9796
12663
13327
13635
20609
12422
4610
15644
3443
8232
14196
17752
5815
13627
7051
7052
13307
14647
13267
11564
13755
7015
18776
17207
12269
8116
9726
5763
7065
14324
18663
15129
4972
18939
643
9849
6762
20354
182
18167
12775
3382
7079
16104
3223
5159
12917
1171
11016
15071
13071
7088
2404
7889
1030
14558
7101
7094
8029
7332
13480
17529
19061
13385
19303
9066
7103
6110
7548
10034
11130
18052
2927
7110
7111
19575
5198
989
19494
1216
14988
7118
11428
4595
12441
93
17602
16223
19293
12571
20903
20732
11429
5399
9145
15314
10890
1402
12901
15953
9853
16021
7139
7140
11610
20454
18647
2120
7145
16618
294
6045
12876
7150
8920
7588
11468
5927
7155
6590
12275
19323
7736
7160
14935
13180
7163
10741
9498
20375
16196
8542
7169
8868
10420
7172
5546
3013
18407
16623
11370
7178
849
8223
3800
19978
14613
1190
13059
13748
16092
16807
13209
18475
4836
18747
1295
10523
8923
7196
727
19789
2042
17054
19593
18569
5541
120
7205
13582
12929
15116
13482
3300
19530
6922
20185
2683
15008
19552
4596
21091
18912
4069
18358
15927
765
250
15702
4012
350
21170
16386
6718
12912
1600
9681
7275
7235
13920
4857
2468
12771
19934
7241
7643
4705
6933
14604
6774
7247
20254
2751
1776
16551
6644
189
8207
16645
3748
11735
5888
12494
7260
3674
3568
10348
7264
3919
14534
504
21266
18276
7270
15586
21549
7273
7274
18037
3842
11428
8377
16344
12328
9766
2202
921
6072
13883
10879
15870
3022
21872
18839
7564
2967
10373
6031
7295
12687
13727
3065
6778
4636
7301
18961
17267
20933
16905
9932
7307
8994
7309
10297
15179
9273
12353
7314
21278
4690
5584
1689
7767
21462
7923
20278
15172
12794
1254
7825
7669
7328
7605
5347
1174
19355
18628
7334
21438
3618
16284
15364
7414
3121
8694
9366
5080
3574
3635
7346
9319
2417
20209
359
14754
7352
8643
6463
7355
7356
12033
20217
881
7360
18576
15528
15718
13805
3390
4604
5596
14134
11173
4829
3313
6483
7437
12189
9683
4835
11847
17875
18051
16045
17128
7382
11240
16074
20582
15855
2119
10279
18266
9382
16341
7953
5156
14652
15264
6799
5694
6176
7399
19126
12926
7402
2882
18311
16369
5894
12608
7047
14186
20581
19033
10220
334
4141
7415
20591
4751
21822
18478
16302
7497
7422
3158
5759
16667
20393
18471
4178
6809
9267
7431
18876
20661
12417
11536
7436
496
18774
12245
11435
13647
15346
8937
4852
2038
7446
12798
14363
9015
2052
5069
16446
21675
1659
4432
13638
4178
1524
12361
15663
19394
7462
14156
2684
5215
16580
665
15139
13500
12403
15211
14601
12406
6143
2850
7476
9349
7478
6940
19267
2259
3233
20636
11255
9024
12992
20610
587
7742
11309
17756
5877
1886
7013
10646
6427
15913
4686
2719
13777
7478
7502
5453
8056
17229
14232
16468
2215
1456
7510
16296
5944
7513
11227
10089
7516
7893
2945
21726
21868
7521
9735
2486
7524
8883
14290
5586
19135
7529
1167
7531
14429
18759
16726
17638
11974
2726
7538
7603
8217
13129
18835
17629
8533
7545
10781
8198
12436
123
19507
12271
20220
19846
12418
14231
17179
7557
1188
2458
6120
8157
20568
21303
359
548
7566
12853
17416
17041
10333
14495
12827
7573
2186
10265
13576
909
8287
5978
7580
1292
21363
20792
9724
16439
11484
7587
1069
7589
15154
9599
18341
3872
1662
15021
3249
8724
7598
18802
10296
20985
7602
1236
4502
17369
20920
6987
15264
7609
7610
4034
7612
7613
4664
7615
13466
7617
4544
13984
5785
7621
16693
2501
17699
18649
13058
7627
15067
11953
21772
1196
4839
13350
13177
12600
9210
19265
7638
18330
14552
20722
7642
20209
3012
9841
3286
7647
7648
13866
14639
7651
7652
7653
3288
4981
318
4893
19104
9036
9930
21252
15145
7663
13045
11787
9104
1823
17947
6779
9057
3924
14959
7673
21309
6546
15681
7624
7034
7679
21004
19374
7682
14028
10612
9785
1194
1635
14362
14004
7175
4207
17326
17028
7694
1560
18348
14878
19376
14438
17520
19354
10292
21539
7704
21000
2493
13245
18477
16561
9827
7711
11762
16729
20241
20623
4163
6681
20942
10412
7720
5981
7722
9063
16651
1324
7726
15947
18394
16681
1294
11242
6522
12374
2314
6406
9867
1608
12979
4041
5110
10117
14570
7743
7667
4861
14689
20548
15152
7623
11747
7751
19625
10584
3733
2384
12111
4865
4730
11944
17664
4795
14141
2136
7764
20981
10585
14481
5456
7735
19031
503
254
7773
12808
11221
15998
13446
2522
15228
10326
11421
11010
8535
10539
10718
454
7787
7788
7789
9895
9656
11494
2112
7794
10370
19368
6309
17040
7799
7800
11046
3046
9389
12626
2738
8085
7807
12617
18981
11412
18001
14431
7813
15155
7815
18072
930
5366
21922
20313
9857
4622
13268
2675
9085
7826
6046
18933
11284
7830
7831
7832
12143
7749
9374
17442
18988
15389
11088
7840
7122
13559
17065
17444
13228
11014
12568
19960
12615
463
18861
8386
10850
17594
527
7856
14497
2100
11248
15193
5660
4001
13990
11156
13884
4091
10180
9973
17056
4113
7280
18934
17691
7874
21077
5249
1629
6884
12201
7880
14322
279
20243
12625
20303
7886
20893
20007
7889
21623
16279
6912
4995
21387
2435
7008
20518
7379
17111
15227
8153
7902
15370
4591
20956
17143
21407
21874
19162
13925
7911
6199
11478
10084
7852
20110
7917
19162
15522
18038
3527
18170
12363
20942
10684
10692
18569
2247
21900
21999
8008
4277
12159
1183
11170
6199
10821
13528
12689
1806
3054
19768
3526
10074
7945
4436
19987
10106
6459
3358
12350
21713
7953
9784
8645
14530
13938
21577
15596
8391
6780
16055
7963
18154
16621
21375
2796
19117
17856
7970
10241
20506
7882
7340
1382
14177
19695
7978
21658
7980
4226
1241
12096
1133
6561
4208
7987
8526
11179
17313
3210
7992
4440
4606
21677
20316
3822
6088
2342
8000
10500
13908
8003
9970
1269
8006
4302
18808
10224
7936
12838
8012
12688
9711
9353
7087
12391
12691
20286
12954
15203
10065
15547
19675
689
14533
12008
66
21687
17547
8060
8032
8989
12522
8035
8036
8037
13080
6584
8827
5291
12516
19570
16177
8045
15493
10432
12022
1851
10718
12463
3521
3341
14277
8055
7231
17737
17150
8059
5133
9588
12903
11461
17566
3816
8066
5961
18283
14072
12192
8071
8749
8073
4343
6584
16665
8077
17903
15430
18125
16366
16847
6537
18966
20325
12485
20766
18577
12949
8090
13899
8092
9637
8094
8095
17831
11675
13943
3045
8100
12443
6711
13521
2289
9812
4752
8107
994
5089
13046
8111
20147
19013
7090
20046
5648
10351
12185
7114
6681
6574
832
8123
1910
15890
10253
10301
14912
4258
16979
6042
11108
14608
8134
18446
16359
13916
10189
3111
8933
18537
8142
15408
8144
2266
21632
8147
6583
14609
17682
7250
9740
12511
21087
5248
14413
6446
6049
2817
8160
17546
5247
1285
19175
8165
17255
4975
10581
5431
19896
8171
14284
3998
8174
19668
4619
1350
15409
19949
5452
11538
20026
5909
8184
10679
20968
18907
14535
7807
3070
20696
18466
20842
4176
16016
14035
17048
13960
11330
20295
8201
5968
21556
21166
1476
13904
4655
17754
13305
7561
8211
16628
18285
5475
1797
1625
3237
17609
8219
11526
8221
15414
8223
4251
2191
20049
11647
10926
8009
16523
1048
8232
10351
20117
17906
337
4148
8238
19242
15961
8234
12206
9523
16238
20102
1300
5429
8136
20076
15551
8251
8252
1945
6068
7976
2910
4520
15858
18102
15514
18682
21227
20706
6804
1122
75
3781
8892
7253
8823
8271
745
14638
8274
8275
8276
12167
5752
8279
17617
17088
8595
14121
9030
2169
5660
6913
3580
1541
10043
20039
18013
8293
9338
13413
6531
20684
13408
21164
74
17924
10843
5782
347
21224
4864
4519
12735
10514
11850
10509
9756
16194
15814
14100
15436
11623
10520
14349
796
20385
11901
19672
295
15163
9240
8162
15221
8774
6335
8677
1454
20455
19726
8886
13737
15451
21333
20014
8340
20179
10536
21503
15915
8345
8346
8347
17688
14762
783
13483
12793
6499
10715
14001
4966
8357
4206
8359
7786
13532
13342
10673
3321
4891
8366
8367
13729
1894
7464
2401
8372
3882
236
3709
13958
8377
7349
16765
9658
21012
11161
8383
14761
7649
8386
8387
16821
18620
8390
3504
7560
21265
20360
9831
1550
17126
18487
8399
5209
14551
7442
16488
3238
8405
10398
930
4550
18834
18000
20733
8412
8185
16437
17431
8416
8417
422
4288
12719
6976
13176
14488
17173
9518
3903
8427
5736
8429
5049
1924
17588
16789
12809
3771
19653
7450
224
17804
10292
8441
19140
8443
17169
708
15386
21161
4294
6411
5954
17792
15514
2159
8454
1396
21817
8457
3364
2383
711
8673
14833
5881
8611
2007
8466
8467
2356
8178
19670
8471
8472
6421
20119
1516
8476
3053
8478
8940
18015
12973
15176
12119
20130
4123
20797
17354
9757
1995
18901
8491
15377
13543
8494
6577
13539
5079
12108
15486
15039
9117
17912
17896
20160
17771
9795
18253
6289
12932
10222
254
5176
10201
18518
1742
8516
19049
18532
11780
8520
12765
1407
3412
8524
7046
8526
8527
10514
9564
7523
6637
8532
9073
5465
9630
10534
19818
3494
8772
15154
7859
17698
21650
8544
8342
8546
18687
8130
18174
14237
7620
13271
2355
13945
11971
16696
3762
12381
1853
17644
13354
2209
15720
11474
19842
8566
12711
8568
12485
20993
13405
13883
8573
10379
19184
21670
8577
10809
8579
8580
16198
21112
17943
13248
224
12799
21870
11754
12202
18882
13838
3456
12512
20329
20426
19887
17378
8598
18794
17106
14314
17394
11244
8604
21874
8606
3983
8013
5522
7238
1792
13220
15686
17347
3000
14906
15418
10246
20383
9827
8316
17578
135
8924
8625
3161
8627
10613
5334
8715
8926
10160
10563
8451
13157
4885
14819
13594
19584
21076
8641
19549
7635
21923
14990
12871
20263
3218
9565
21730
18779
8652
8653
18188
17509
486
8354
113
8052
14908
8661
4980
8663
18196
10121
5524
10843
1765
6558
8563
16305
5419
10164
2925
912
3232
6218
3496
10612
19581
8681
14421
13773
8499
8685
8686
17375
4589
6029
8571
10755
5212
13113
13825
18512
10977
1650
18942
8699
2640
7480
16750
10096
14160
15020
8706
9000
21121
5075
19128
5450
19696
18203
9611
19858
6623
6226
6109
12888
8720
5955
8722
7010
19702
19801
954
16889
18854
18369
1693
1387
15480
12080
6179
12276
8736
4026
11625
14713
10499
8741
20217
7687
17744
3228
7033
8747
9928
15058
18279
9280
8752
12058
19956
7661
8756
8325
1612
10925
13116
8761
17765
16181
6064
6568
3067
12990
9950
8769
16581
9205
8772
8451
17280
10311
13357
7579
9452
3198
3138
20975
4787
8783
18239
11685
8786
8787
20135
15206
16593
1064
2449
8793
19056
11297
8796
8797
1103
8799
21942
2196
18945
6459
11971
8805
8378
1359
2107
8809
8810
13998
20293
15122
9812
20079
11281
5975
8818
8819
7982
19060
20374
13810
13917
11048
3553
11733
4033
3688
8830
19778
8832
18884
20996
8835
257
8837
14386
11432
6400
4156
11106
3466
13138
8845
9276
15124
14067
8849
8850
7655
5600
21978
6532
8855
14585
8857
16064
2006
18733
1763
1623
18841
8864
16182
8866
20723
7073
7155
21995
9107
17136
11297
6167
1643
21259
17241
7601
9307
2583
14208
18979
19890
8884
8885
8335
12369
7372
2908
5204
8891
6715
8893
18641
13172
8896
8897
21757
16459
17208
6959
19399
14400
8904
684
20970
11196
10078
11670
20920
9168
3410
10206
14286
4521
10657
8917
7313
11851
5869
6257
6798
3573
18428
20637
7751
8078
9600
19639
18266
12353
17205
1741
3186
16424
13930
217
8938
8939
16630
17803
8942
9153
8944
10315
10050
8947
18419
8949
17955
6480
8952
18224
13951
18108
9182
9722
13184
17917
8960
8961
16596
8963
18392
19759
8966
7540
2729
683
20908
11889
7820
13131
4769
6392
14249
11924
19830
11067
21483
20691
19923
694
8984
3810
17358
8987
10912
724
3367
18832
9488
7461
16519
17578
12045
21345
8036
7377
19502
9001
21567
4764
9004
20765
2620
18483
9008
2444
12026
16777
15159
9013
5605
14379
12908
7541
17464
4177
6555
814
16295
14492
5432
9025
3876
15384
10801
16593
12235
17684
2654
3189
9034
2518
3357
8862
9038
9268
8649
18491
15035
8429
16006
13508
9046
20214
20429
8599
9050
17114
2173
5129
4798
3698
12360
13291
4310
9059
21891
16455
19643
9063
9064
14041
11588
10111
9068
13059
20175
14729
11108
702
18187
6548
3837
18966
3950
11908
18801
9081
4199
21076
13248
1803
11402
17120
10644
9089
13296
9091
9092
18893
12092
3234
7791
9097
3216
19529
20282
3725
17951
12380
14733
18890
21885
8871
9108
11944
2419
9111
14760
12080
5350
12209
2987
15084
14579
4177
20658
20348
9747
2760
9076
19395
9126
16447
9128
8411
9130
9131
777
19749
1004
16748
9890
19405
15772
360
4749
255
15218
14226
13599
21373
12690
9147
11438
20083
9473
10806
16048
6569
4687
16346
20391
9157
15374
20388
20516
10055
9162
9163
18183
1281
9166
926
14557
13147
9170
9319
15990
21291
18714
20010
9584
7463
16291
15623
2874
9769
19548
3423
11379
7878
9018
3257
9188
20773
6967
16112
9192
13934
3176
15177
12663
6890
18541
12410
11980
19649
1234
16713
5152
4262
9206
20957
2582
4804
14520
10278
9212
676
13547
12440
6820
13365
3284
146
16626
9221
10220
14616
9224
2237
7327
10929
9228
11348
11816
14617
5449
9233
5373
740
16977
8086
5862
15628
9240
18536
9242
7284
18888
11845
7944
15793
18300
16299
4672
14574
1729
9253
12999
7580
17034
4823
17286
9259
4402
9261
9262
4319
8361
8990
9266
6399
6607
988
18646
14293
18494
1539
9274
9275
4425
14945
9728
13193
11311
9281
21113
3770
2429
19474
18260
4673
14145
19375
20979
2143
20951
7696
11583
15616
18639
10630
8371
11193
7714
7928
21853
13932
17652
19932
14420
21125
1162
9309
18387
9311
14137
9313
11993
8423
7577
19305
17093
3073
1592
1115
9322
657
13520
203
7734
9527
19449
14125
20417
5335
9332
18315
11086
5249
3845
2856
11430
20165
14861
8233
20761
5967
2108
3044
9346
15470
14403
21417
21696
2447
9352
13453
9354
7738
18794
4269
4936
17460
14748
16610
18222
10714
5238
13639
13729
10340
21374
1660
5825
9371
7001
9387
9374
5724
11186
2316
7639
14835
2356
9381
16602
6043
10402
9385
21476
15027
11737
2475
10607
9391
15045
17309
11439
8767
9396
9397
7525
9399
16514
20792
3574
21000
9404
13132
20404
17488
3447
16645
20849
12545
17882
9185
12055
15497
1151
17452
1399
5129
3111
7212
15633
2725
10963
9425
9426
13018
2700
12439
12656
2132
20110
16767
13256
8979
15040
10834
7671
17718
8228
16781
18909
3782
15745
19682
14591
17873
7955
9631
12747
9451
21146
10413
4491
14809
14594
816
6305
8664
14149
9461
21566
2827
17644
318
9466
278
871
9469
10471
21509
6944
19165
17595
96
17615
5191
7393
15899
13519
1330
16103
7478
5889
21904
18880
9487
3578
18071
9503
19621
3455
14744
9494
8330
6649
4458
3355
21949
5301
21627
21509
20869
14707
2757
9506
17577
9508
12566
12774
4842
9018
3814
9514
9127
9516
17706
1515
4782
13533
10922
14303
13578
4716
5819
10566
9527
317
934
1754
473
5534
14332
15882
14203
258
9537
8537
9225
18433
10373
3740
1239
4506
15732
12512
8080
18196
20263
18400
3129
1722
15533
12576
2035
4263
4318
11056
8706
19489
4398
8455
5922
17833
453
16931
4874
8176
19291
3549
7682
9572
5245
14315
4852
1814
15148
20798
13676
16585
6348
14819
9583
5646
14878
2773
3297
7052
10642
16976
18819
21175
9543
19052
20399
12851
4075
1302
9599
14216
17865
20598
9603
13223
14194
9606
18775
5662
20002
8875
15137
1483
21601
8404
9615
2336
20656
10096
21010
14698
12572
16689
2389
9613
13853
14085
15087
5085
16935
9413
16258
9632
20078
20474
16503
11555
827
5225
21549
6802
13754
9642
13364
7494
10109
121
9647
13848
9649
18321
15309
308
9139
19805
9655
6040
16552
5497
1658
6611
20540
2099
9663
20626
14901
846
7450
19587
8304
2265
7924
19109
21734
9791
1617
16749
11334
13618
13661
9680
6878
12692
484
1907
6674
9686
12857
9688
6033
5927
9691
11086
13429
17456
13161
9696
9697
10875
9699
16698
2320
7401
8322
4441
11053
15096
9707
9708
19314
9710
17789
13132
10464
14131
8885
8421
13616
701
9719
9720
6183
14158
12474
19443
6081
11008
16506
21502
16410
9730
19488
1906
18050
6517
9735
9736
18832
21209
5575
18810
1278
16968
4171
9744
71
13981
3457
10946
16379
9209
19742
7977
18377
9754
13387
474
9757
9758
10217
9760
5089
8556
16769
9764
10845
5496
10419
16161
264
207
5361
11716
16040
14922
11138
18956
9777
20789
272
15056
5775
18019
20644
20650
2615
17731
15729
3973
9789
17062
14205
14139
5559
19011
16515
20206
20186
5528
19705
9800
19324
13301
2370
3485
21723
9071
9807
9808
5644
8040
9811
8063
9813
16131
7471
10864
14704
14101
16325
11361
2037
1367
14396
15747
1861
4173
4451
15588
17539
3802
15126
9832
9833
7042
19263
11327
5733
21494
20961
19037
7093
11747
13384
9844
9845
21760
4054
12649
4872
17600
7870
4977
4203
9854
12856
7268
18875
7737
4546
18881
9861
9862
12085
9864
9065
9866
6799
5237
11924
19209
9871
9801
10643
7036
10878
15663
4554
10252
2409
19408
21862
3103
9883
16308
9885
9886
8462
9917
15624
6534
14076
4135
6583
9733
5160
9896
16681
9898
17162
12530
12821
11710
1483
2533
7888
18920
5002
2849
10129
13815
16171
3678
9913
15310
10548
9916
1571
17343
9919
19156
13086
11771
6927
4156
13008
9926
9362
14561
21676
16238
9931
16334
18824
8672
9521
9343
3829
9938
14828
3415
20989
12303
7324
5591
8270
18053
3796
15015
13101
20776
11768
17925
9953
1055
17947
9956
4542
7605
9959
9960
6740
19141
4051
9964
7871
20446
4594
19490
9969
11166
9971
13354
180
19955
9975
12460
11653
2158
17909
9980
19346
1458
4298
15175
14201
18397
4584
5018
21524
7297
15038
10807
7781
7923
9995
8981
21349
19045
20297
8636
10001
18806
3776
7154
10259
20551
1303
4958
21361
8508
20195
1342
12695
10014
21211
12070
16171
10018
10019
19451
10021
19852
3677
10024
14482
11076
21208
1476
16832
12607
17564
21005
10033
7550
2358
8428
2346
487
2572
15910
2709
8569
905
10044
13401
7659
10047
7559
9012
21909
10051
15130
10053
1396
20553
15166
10057
5599
15338
10060
17890
15875
4942
13783
6524
18198
2167
10068
18961
12822
10071
7146
8868
7449
6918
18791
1187
7183
11320
10080
18171
17036
12348
10492
12898
7682
898
7572
10089
10090
7515
6538
7036
10094
14506
20072
1777
10098
8305
18198
5491
8884
17884
1117
4583
10106
1172
19076
2662
10110
10111
2031
8306
10114
12479
10116
13565
20792
18793
10120
5448
18016
16393
10124
6179
15510
10127
18183
2344
20629
11679
9822
13843
9161
16491
16499
2522
4455
18169
19123
5446
9676
11870
10144
4175
11783
10147
15670
9742
9215
10151
10396
13530
7240
20221
15467
15226
17035
10159
16769
10737
13152
17171
18027
10551
13847
3388
4413
10169
18432
3130
10172
8889
16235
19387
10176
17914
14375
10179
10180
6346
21693
1028
9792
13760
21582
10187
9880
3954
4569
10191
8328
17459
18646
910
12421
10197
5899
6228
3670
14692
10202
2208
14837
7472
15553
20916
10049
10209
9293
9435
16438
8708
18826
7230
16140
7193
21805
8764
14606
11658
21148
4049
15801
13465
12368
10227
16481
10229
19701
10042
10232
11242
10234
12155
2474
21631
20494
10239
18450
10241
10123
7319
1688
7474
10246
14618
8813
18059
9402
3567
1509
11211
17707
9543
10256
11034
16098
10259
10260
18181
9651
8216
1702
2358
10093
16522
5711
14612
21676
20783
20260
10273
13746
6469
17059
10025
4450
19316
9264
13399
10426
4111
9761
3712
5968
2428
14670
4967
6365
21339
10500
8111
10294
16980
8436
15572
2915
17083
19054
10301
265
8661
7008
7766
866
19848
11165
20105
2459
17122
11047
8967
3162
14305
12700
11038
17591
10090
19301
2321
4999
7069
9843
556
18457
10327
11369
10329
10330
16015
10332
20734
10334
18087
20357
10337
7799
853
7409
10341
12160
5122
10344
12246
1938
16031
10348
4650
11039
4818
20916
10353
20330
17007
10356
8155
11341
18572
10360
6994
10362
10363
12501
65
2165
7225
10368
8331
18849
1948
14444
18143
909
3227
11495
11972
11019
21886
10380
8935
13921
10383
5656
6109
14745
13245
2441
9454
10390
9667
10315
504
13257
4415
1279
5905
21832
10399
21055
8444
15745
17984
2593
10405
1652
9642
10408
10640
3233
10411
8624
19390
9151
10415
14792
10417
4939
10419
2528
10421
21358
4553
6372
6395
17393
10427
11066
6124
15704
3042
15690
12199
10434
1826
11957
13900
18004
17327
12673
3221
21130
20054
3506
8535
8836
17103
10298
3246
19714
3535
16995
5989
12667
16515
4507
19528
19648
597
2810
20718
11426
9303
17910
13682
10943
5137
1381
14875
12765
11109
2639
18076
10474
17465
12663
18168
16391
7930
10480
10136
2019
2115
6229
9206
13751
10487
18344
10489
668
16782
7164
5598
12246
12743
8070
7944
8193
9421
8860
8589
15738
11504
10504
11283
20061
8646
17124
4209
18047
16765
7956
18854
10514
14813
8831
228
6453
9167
6241
10521
400
11440
8976
2110
15524
10527
13931
10584
2921
7222
3292
2591
8536
10316
6058
1819
11230
8734
16312
10541
18516
6722
14931
4954
19343
19581
10548
10549
9356
11716
13178
3236
2385
9394
297
10550
14323
1292
13137
13290
626
4142
2943
9738
4916
8955
19823
1980
3141
2773
10572
20588
11603
20296
2359
3451
12117
10579
13079
9236
10582
17909
3465
1700
8916
16287
21695
2730
10590
3205
20961
12906
16000
19328
1838
17700
18120
16817
10600
19200
5806
10603
8137
2216
20275
10607
18182
10003
15567
10611
19263
1684
10614
4626
10616
3308
10618
9306
21608
19638
10351
21802
8972
9598
17546
12435
5381
874
5733
13902
8273
14910
12074
6441
8679
12029
8260
12233
11105
19654
7110
19840
13741
10645
13734
16780
16586
2041
6351
7499
8081
20111
3153
9172
5363
2430
11598
9646
3984
10661
12035
15206
14663
19671
19139
19466
11185
16882
10670
20087
10884
10673
13522
10675
21881
10677
10678
9037
16971
20043
10682
13632
19916
5082
1047
8241
16426
15538
15638
5067
10907
5542
10694
16473
13440
10697
9245
3244
19985
10701
20879
1345
16458
13663
10892
19599
4158
18072
3826
10711
5840
13179
9363
3887
849
19034
8614
19300
5652
6416
8299
1467
20357
4948
6370
13315
16760
10173
18499
11846
13390
10733
8448
18522
20859
4160
10738
10739
6137
19634
8435
11053
8128
5800
3198
19160
203
10749
10750
7788
6845
317
12037
10755
5750
4870
5151
2839
18460
10761
6673
11086
20663
7222
4167
12762
13012
21900
17659
20508
16763
10773
13935
7465
6970
15204
16612
10779
5697
10781
10782
7407
10784
11419
10489
10787
4432
10789
6407
14393
7572
18628
18320
10795
15113
6628
14458
18581
15254
15695
12802
4020
10804
9945
6860
5733
21145
3347
3793
7994
10812
6332
16553
6019
20314
15266
15875
16768
10820
10438
6562
17796
10208
1952
20065
1365
21562
10829
17421
7937
16797
10833
13057
6998
11643
10837
6263
10839
10840
16026
20024
13170
18659
21771
20158
10876
16703
10535
10850
21501
8472
5581
10735
10537
14147
12611
9791
19838
8388
18117
10862
15554
21917
3444
2045
15069
11394
966
10870
7700
1302
15850
4266
19498
503
7299
338
16181
2087
20104
20517
21131
12855
9007
1976
17586
14533
8673
10890
11893
5609
13685
18149
20347
18384
15675
12188
1920
10900
16011
4706
2390
1184
10905
8970
11708
7287
17774
19584
10911
6613
13481
10914
13796
696
21724
17000
10779
8555
19727
10922
15605
20198
18027
11634
15835
6822
21923
8272
3994
7783
10933
7622
18376
8148
10937
18832
10939
21928
3550
10942
18913
1145
2194
2051
19250
10948
15147
12508
3834
5423
8070
10954
14615
10956
13455
14861
10959
13522
14332
8808
14467
7028
1272
1390
9856
17218
7578
16458
6559
10972
10973
10269
11090
5518
18286
2187
10979
7143
19887
16357
18616
10984
21734
14758
10987
19267
6414
8380
8385
10449
19110
19974
14414
17596
2114
7335
14742
16859
2767
20748
6889
7929
6159
11006
2980
12257
11009
1629
19967
14517
16821
11609
13108
11016
479
20291
5668
11020
14736
4100
6615
11024
3067
452
7524
1488
12959
13791
16304
12906
19986
18097
3725
7501
21297
1830
16532
20928
4812
1781
3341
11044
3961
4443
11047
3045
10605
9952
97
12936
11053
2441
14617
4380
1182
19373
2994
15565
5663
17656
15213
17775
11065
12069
827
13258
11069
18612
11071
19358
19064
6001
19098
19592
21226
20866
19482
11080
11081
11082
11083
21652
4754
1664
5414
19864
8181
6945
10754
11210
19850
9413
11213
6658
20026
2447
20977
21554
11735
5072
13414
11510
20268
5305
14568
10777
5653
1411
11111
11112
12077
1772
11115
3537
21356
10392
1577
11120
7297
11122
13907
1869
11125
2717
1306
640
21973
11322
18693
11132
4978
9399
5839
4004
2766
18509
21140
7170
11141
11459
7010
17117
5214
12915
282
1592
19001
19268
5541
11152
11153
16298
9088
11150
2069
12828
18764
5353
21635
6615
1432
18930
13283
13977
10256
20499
15928
5293
11171
15962
9016
4540
12344
11176
17299
11178
1898
18005
1924
17463
3283
9353
18758
16192
12399
11605
10077
7197
9629
13423
13702
20104
8382
11196
10822
11198
17980
2075
3093
15031
11203
8010
11205
6395
18131
21548
348
8161
8925
7664
15506
9297
67
1257
7813
9688
15103
11220
11221
6873
12513
15137
21750
11931
11227
11228
14099
7922
9028
15681
13852
11916
14268
14798
18202
19014
11079
15358
17935
16574
19177
4778
11245
9106
9715
17842
12878
16223
11225
15226
10682
655
19694
12104
1302
3182
11259
21750
20419
16267
14629
21952
16678
12943
11267
8146
13125
12855
7252
11272
11952
10202
13130
11276
16252
21026
4878
8220
17779
5516
8918
12304
11285
570
6519
11288
13285
10371
15779
13263
11293
18168
15372
9410
10489
19200
14146
8739
19026
6187
11303
11405
11621
11306
12727
2946
2937
7949
17053
11312
7611
11314
17732
676
14584
11318
12452
11025
11321
14853
705
17170
11325
11326
1566
11328
11329
8578
16703
9991
2224
4649
8722
4798
5755
17646
11339
19436
17300
19314
3602
21613
11345
8669
11347
7637
17145
18736
15049
10102
14961
18615
4329
14786
1690
10515
8167
3349
10653
11362
16971
11364
12738
1535
4958
17741
6585
14237
19595
19857
20693
21572
11375
18023
20281
4151
17823
11380
9799
2524
11906
19552
15674
10651
223
3089
13640
16646
12055
13673
3298
20992
13342
11396
12327
1725
18984
6625
11401
2781
15983
4945
5522
11406
12536
517
11409
15011
20510
10045
20662
11414
11175
18162
7301
118
3485
1414
12023
11422
2074
9400
17163
18879
2735
12628
17257
1109
4191
4805
5222
15604
16516
11436
19133
10831
21804
1424
8591
18932
11443
4744
16214
11446
15933
14846
193
245
11451
11452
986
20178
19415
3856
8297
20713
5019
13409
21319
11462
11463
17414
14065
17207
6447
11468
12945
20838
16781
6609
15217
11474
18852
1056
79
13529
7988
17408
18085
11482
13894
18211
11485
11486
8580
1989
18186
21925
11491
13122
21093
12256
1004
11496
13066
16836
11702
1031
9974
7782
8418
2036
17381
11506
18740
15779
16669
8604
11511
11512
2444
4512
6823
11516
19830
5292
1560
11520
7118
2262
2188
10949
11525
16268
307
16506
4630
11530
5464
3586
20857
13642
11564
1559
12655
7618
16854
1440
14331
11994
9713
21650
20258
11008
4804
11876
3376
14158
7184
6989
11553
6044
15782
12336
5876
5966
20483
3014
5843
12145
7409
19313
6218
21343
17649
16929
5141
21264
4961
5354
10940
7507
5125
5582
2888
11578
17579
5368
17533
16345
15363
10893
11585
11586
13441
667
12497
19435
15315
11592
1775
20780
17579
5671
19140
17192
13192
11600
21154
1095
21381
1526
12756
2791
20377
5396
11006
13822
17128
6373
11274
14646
11615
15862
9200
11618
2294
6627
1863
11622
11623
14387
8738
21280
16476
11628
17383
13755
789
7954
8553
14417
18191
12853
18395
5506
13794
11640
2810
1137
11643
11644
21401
21009
16631
15051
11649
12457
21531
7775
1985
11654
4107
17031
3851
5992
4216
7033
21580
954
5574
12039
8936
16526
6658
4890
7912
14666
11110
11672
11673
17091
10300
17932
9432
15412
8470
1468
14991
11682
21427
11348
14360
982
2576
8714
16590
4172
521
17693
11766
21171
17673
8615
11697
11698
12110
15814
11674
11702
9648
21326
20517
2854
10174
11708
13959
4119
4663
6139
10404
3892
17888
15886
5709
5550
1903
13310
11847
15720
8496
3411
521
17449
20932
8250
8163
20877
13339
7434
14724
11734
21510
5886
13816
19160
10097
11740
13159
11742
5999
20403
11745
10163
11747
5413
8264
10389
18286
17961
8770
4663
11755
14943
15009
1379
2594
5277
9230
19106
20389
3121
12813
19878
11767
11768
21441
1086
9283
21777
11230
11774
9567
10685
18968
17508
11779
6860
4379
9953
20680
7583
3824
17483
11835
7296
20356
20009
11791
21341
2567
18453
13183
19321
11579
9298
11799
2305
9447
12278
11069
16005
3039
14106
20817
8493
11509
20197
19555
13228
11781
17107
11815
11441
2867
5501
4028
12139
10245
10733
11823
19065
6932
16281
14112
18920
11829
14508
4164
20662
11833
16108
8196
19783
16321
15219
4057
12454
11841
14955
11843
8213
16124
16894
15671
11558
16368
11850
13936
7181
11853
11854
13867
11856
11857
20270
8345
2025
7443
17821
13766
4658
11865
17978
15066
1194
5173
14378
11871
8115
3751
18498
11875
6105
158
8828
1925
11880
12048
15787
9922
11884
7040
5098
11756
10672
6753
8275
11891
11892
21195
7893
3739
11896
11291
9172
10045
13042
14561
11902
21572
11904
9623
6178
2945
17921
11909
9723
5388
4035
19053
17513
11915
10246
19961
14532
11919
2058
6817
11922
16147
2095
6129
10104
18752
17480
11712
14190
11931
11700
9345
11934
3719
4002
15626
11938
8933
11940
1364
6789
2883
11944
19031
6471
11947
10381
4634
11950
17454
9925
19893
12686
13021
8033
11957
4631
11959
4913
11961
409
18785
8267
4102
12581
1197
19295
14268
10945
13604
1149
3477
11974
18734
15253
20455
15558
3797
494
8628
20264
17299
19946
10027
12459
624
9930
18065
11990
11859
11992
10774
1376
11995
17896
11997
5579
10119
12000
9012
6155
6056
16068
16489
19337
16022
12008
13897
20512
21041
12012
12582
16209
12324
2395
12017
311
15388
7803
21615
14188
7068
18783
4511
11707
14602
12075
15582
4424
21184
13525
9481
1892
6307
13454
7194
9122
15710
9858
11978
21841
19078
16611
13316
826
8757
3562
12049
18541
12051
5363
6389
12054
3802
12056
1664
18989
4996
9528
12736
19289
3732
20355
12065
5387
21824
8983
12069
5532
12071
12072
12032
16820
8410
6505
21577
12078
3783
11347
1049
18375
3215
219
20273
12086
7670
13800
9722
12090
20521
3205
10353
14190
7070
7983
16213
9272
11131
12100
21615
4262
13722
14880
16114
21717
8603
1482
11247
18601
15751
20879
20595
8445
6964
12116
14370
12118
12047
6541
18289
2896
6930
3130
15233
13747
21211
19114
12129
16856
16881
12132
3660
18418
20890
8109
16373
4485
7834
4227
2892
12142
8530
15594
6267
5666
14066
16327
3440
16358
4222
9103
12153
3553
20173
12156
15605
5306
12159
3352
18875
13832
9429
2574
2281
3082
7909
17593
12169
137
14605
17096
5248
17555
11471
12176
18801
12178
20391
15348
10923
12678
21221
7224
9201
12265
12187
9283
17335
16972
12191
5171
13066
9150
21331
12196
5268
12198
19201
13311
13478
2979
21107
12204
2831
19691
11797
8460
15289
19875
19838
11689
13729
12214
20805
11501
12866
19219
21588
6391
4997
21053
12223
12224
658
5325
20075
12228
4059
15733
19165
430
9709
9316
10968
824
4162
9266
12239
12240
10651
15680
14157
1016
2713
6278
6759
10912
11308
12250
418
9612
10711
13955
16954
2207
19301
20688
16803
17853
15056
9562
12263
21427
17698
4906
10574
4692
18922
6553
15790
7266
2414
2501
14150
19158
4822
4870
20384
15075
17234
11484
5617
11846
18856
11865
6021
8425
19202
15448
2210
19812
8995
15149
7592
16035
12297
15639
12299
2580
8881
6970
2868
3181
13037
12306
12307
18983
17285
2696
8629
5174
5547
12314
7014
15327
12834
8190
3964
12320
12644
5200
21717
6947
12325
6008
4382
15408
7733
9060
16414
3787
16007
19708
17986
5950
2345
16634
2088
16733
12126
12342
1902
12344
2737
18047
3754
9868
12241
18319
15582
11476
12353
12432
20273
9063
15173
18452
1354
12360
10166
3322
17209
4426
7201
14927
13867
9115
8887
12131
13885
12372
12373
12374
19317
15819
12377
18753
19833
11200
18587
19178
16968
4619
3086
1935
1401
11124
4911
12390
3377
11346
21561
8726
6099
2465
17250
10586
21290
12400
1610
14299
6097
4031
9535
8841
12407
8304
1779
9199
14254
10166
13023
12414
13331
20637
13449
10273
2911
12420
9761
19400
15925
19006
15871
14914
20708
3855
12429
11341
290
13566
12433
12801
4001
2133
12437
12438
1831
1017
12154
19593
6390
18302
20641
19117
12447
10932
12440
18708
7958
13966
5374
19987
8110
13781
18150
17335
12459
17872
12432
12462
20945
12464
12465
1685
15816
12468
3327
3949
10581
6206
4747
21563
12475
12476
13771
5377
15383
12053
11500
8300
12483
4489
5725
13754
19201
12488
18935
12490
12491
16629
12493
3719
16830
17626
18458
21120
16796
12500
6314
9926
6830
12674
7754
7841
11535
7386
12977
15752
20132
9361
13687
9608
11927
9895
2160
3427
14624
15781
10831
4123
19608
14941
16702
12871
12527
6814
3082
11973
10641
12532
5873
4397
19957
11545
19687
15481
12991
5757
21467
2034
6693
5674
4845
12546
13849
19770
15812
4614
8946
6363
12532
17587
8378
5702
10667
2572
12559
5785
3666
7900
21984
16070
91
17870
14575
12152
5009
4953
13083
5141
12573
7424
18964
12576
14225
12578
21216
18081
13178
19780
20434
7717
7651
12586
16092
12588
12618
2413
12591
12592
17326
15677
16258
9660
2190
6095
16353
13272
11908
4676
4070
1056
4325
19212
8698
13146
2887
2226
12611
20786
10652
6827
933
440
17792
1412
7499
14488
4903
1621
12623
11124
8323
5174
12627
9022
17036
12630
8460
16736
16671
21424
16442
12636
12637
20850
4099
15475
2031
19777
12643
3666
4371
3455
17545
21150
14187
12650
18108
6225
8680
11766
13238
1187
10442
4665
3233
15511
15337
12380
5212
1552
11400
13571
19592
12668
8722
6869
15607
6246
3675
3850
12675
8016
12503
4700
1674
12123
17889
21069
10955
12923
11275
13562
10395
21261
12706
12690
2253
18409
2140
16556
3258
5289
7763
15382
12699
10414
259
12702
21536
8911
3228
4033
12707
18959
111
7920
12711
12712
18953
4098
12715
11694
209
14023
12719
12720
3091
15862
3996
15713
17211
19099
8997
6466
12729
11081
9699
12732
12118
12734
18529
15496
12737
16995
19866
12740
6808
8344
12743
20456
12745
348
12747
12748
12749
12750
12751
15261
12753
12754
10235
14794
12757
17443
7710
19236
1661
5718
18827
8745
12765
1774
12767
12768
16879
20068
12771
2376
21013
8065
14224
1037
1736
16697
12779
1665
12781
977
12783
3848
4245
17584
17999
3659
19276
3744
12791
12792
5388
462
7563
17109
16015
20448
12799
707
7976
19175
20796
12804
2346
15735
7351
4809
12809
13318
21017
16251
11746
18547
20809
10902
12817
4047
5686
14949
1076
8224
7154
1115
12825
12299
12827
13617
4075
1751
7116
17980
2176
6562
12835
14978
15964
9774
3502
4302
21656
20810
11910
12844
18644
19707
8495
8780
7805
11445
10475
3745
15319
12854
19209
12856
19260
12858
349
176
4374
10287
9440
5445
12865
15818
21674
11207
2752
16387
8682
6986
12284
7429
19089
121
2675
16909
1507
15806
12881
9308
2020
20655
14071
5891
6065
5637
16000
20952
12891
15696
12893
10927
12895
9769
11897
3562
9879
10167
12901
19998
7872
18785
19003
4662
6632
13347
5572
15102
5264
1579
20393
9369
2267
18831
15223
13638
21148
21499
12584
3962
3140
13585
20373
4914
2829
2950
7003
18201
12543
20494
17073
16291
12935
13923
8943
12938
7301
5981
7956
15370
3494
12723
7028
6565
4827
15015
5037
14527
15402
21103
7183
16117
6018
12956
11165
636
12959
11708
4832
12867
21937
16127
489
6271
13175
7471
8905
4096
12971
3651
4610
12974
13406
10776
15893
10242
11687
12980
383
3003
14021
13544
17961
7944
7776
13606
9981
21972
12991
19492
12993
18441
16775
18550
14729
3101
12999
13715
21094
12408
3331
21184
6767
13985
7775
18597
13009
13180
19163
9815
9740
13981
13015
4245
13982
19656
15117
20017
13021
10699
21110
16058
10358
13026
14655
15838
18010
3361
15677
12137
13622
8129
10705
10644
9050
20557
9628
2750
13041
13042
6619
4370
12415
6119
10881
13048
13049
19038
13051
10951
14610
2044
963
15632
13057
14588
13059
5075
1157
13062
12580
890
7917
2638
1156
13068
11178
9335
13135
13072
15174
13074
11528
10414
5418
12605
19232
117
18329
17899
13294
18046
13006
12693
13087
339
2293
3917
216
21642
10906
13094
8971
20111
2524
18784
19945
454
7478
15898
13103
9905
21638
18033
21260
11015
14561
14435
19115
13112
13113
9900
13115
19890
21498
8230
1655
6372
1324
13122
19197
21029
11721
6036
11477
3623
18715
13867
20055
7261
13133
3641
7488
13136
21487
6106
17467
10376
19517
13142
7683
21995
13145
13146
13147
15185
13149
3792
8351
15634
5433
20268
20984
7535
15366
4315
13159
19994
19626
13162
13872
16917
6070
6892
11363
6245
13165
20799
3976
13172
2925
771
19200
1237
13177
12252
9701
14124
17489
4253
4072
20059
9410
13186
15261
18029
11741
16312
5612
21630
15434
9591
17482
10195
19450
13121
13199
13200
19221
5215
18305
3764
10227
16281
19393
13208
7265
13210
19535
8497
16400
9282
344
13216
410
13218
2732
6184
1010
19038
4979
2118
6412
14293
8390
13228
21066
19188
2623
19626
20346
10960
13235
16192
14805
6474
9618
2755
6897
7403
13243
10698
13245
13246
17871
17033
13249
15044
17362
18346
13253
12274
20975
7165
8522
1383
5315
13750
13261
14636
4582
12576
15842
18762
17065
5646
1081
13019
13271
6593
13273
15004
7984
20621
3116
6510
15102
17050
9477
13282
4384
13284
3213
709
21302
13288
2606
20852
11481
13292
21882
4725
20698
11286
3652
3010
21053
117
9847
13302
13303
13304
5118
13306
6117
13308
13309
21155
13468
13312
3388
13314
6320
12854
13317
21542
13319
10707
3499
18704
12406
2618
13325
7403
10208
21281
17513
8688
6721
337
14616
1992
7235
4357
17252
12503
13339
14092
8807
7547
1007
8269
13033
16069
13347
13348
13349
3667
21489
700
5130
1644
2987
2900
9016
8645
5576
20701
4552
11119
10105
9643
15406
1155
11798
1300
14024
11370
13878
21546
18770
1904
13375
6214
20896
12354
20001
8576
9834
17081
9344
8490
13385
15531
17991
17874
11712
16534
15812
17191
15526
9306
15029
5964
3743
13064
8932
19677
2436
14511
9301
11935
17702
12829
4007
4776
13409
13410
6074
17652
12539
13119
6131
13042
1402
3640
15823
14103
10304
3475
5053
6941
1768
6545
3243
8638
21972
19136
301
15445
541
1786
19196
17527
16809
7138
13876
13440
7022
6809
13443
20613
3232
17427
10290
7148
15174
13450
247
1671
13453
16075
13455
13456
21482
19032
1659
12838
20794
16487
18884
8633
1036
3519
202
17052
5672
770
10247
16725
4965
5378
4474
829
3993
14332
2809
8227
8005
1444
9681
8210
3247
20219
20644
12813
19896
20683
19628
124
11011
20177
12653
16483
989
9503
13499
9229
2688
11325
3783
8711
13505
3631
5910
19722
21651
4473
501
1445
5167
11988
1108
11311
2119
1278
7030
7567
11945
20122
168
17466
3720
2503
7199
19501
13529
10708
16801
9840
11550
19369
1489
21867
13537
314
18474
13540
1060
13542
21324
5517
5044
1799
15434
13548
17746
9488
10307
21461
18284
1132
8282
1949
15032
13558
17195
5625
10484
18999
10302
5514
7787
8271
19519
9511
13569
13059
13571
13572
13573
13574
9156
21952
17371
4863
17832
112
6825
5097
11181
9912
17045
13586
2388
11075
18708
18595
18267
9124
7612
13594
5628
13596
7412
16295
9949
13600
11050
7278
9400
13604
1209
5764
5100
14040
13609
5296
16454
13612
11682
11885
13615
17642
15320
20947
20406
20984
3200
21788
14817
15418
8325
20226
16611
19047
1595
13630
15892
5619
19641
13634
8615
1398
6971
9922
2118
1552
5059
16065
18004
2676
20893
18731
20995
20612
20902
1646
16319
8197
9936
18336
13655
16119
5665
4998
12815
772
9679
4014
3229
11591
13534
13666
13667
5788
3827
19783
12224
13672
11392
602
2155
6140
19829
20094
11380
18777
4648
11754
13683
16516
6815
21752
14232
11296
13689
1404
19228
2754
13693
13694
6417
15256
12981
12136
5370
9395
20083
2905
15698
13704
9248
2084
13582
13708
5368
16334
12832
13712
11600
13714
13715
4183
17012
1149
14472
14812
17847
17068
645
5564
1719
18638
12171
2048
5780
3435
13731
5490
10569
16923
18833
12135
16016
13674
13739
13740
13741
4911
14182
20570
13745
21536
292
21201
13749
5572
20438
16733
14048
2099
12287
7240
14056
9197
20082
5587
17418
13762
1487
21569
1282
4730
15187
15931
8410
20554
7930
10599
14916
4544
1321
1638
19355
17837
5760
20716
16145
5193
14289
13784
3725
9668
4671
13788
17001
13790
19900
21656
17622
5771
19944
7205
17691
4481
7447
13800
13801
20945
2523
17279
6705
13806
13807
9163
13809
17589
9778
13812
10791
13814
20856
5324
5546
13818
10009
21225
1138
8621
12080
8053
115
9044
11960
13828
13829
18800
11136
3127
14409
8238
13835
21367
18348
20063
18045
1678
13841
13842
14271
6053
435
1784
1816
14649
18549
13850
3863
1160
8610
15362
1821
9592
20997
13858
12710
13860
19244
14726
3626
15096
5070
19666
16244
13868
18246
10458
17331
8812
17275
19277
16081
8067
13877
13878
811
13880
18537
13882
10931
9411
17720
18803
2698
13888
2790
13890
5005
21138
19698
15724
11302
20636
13662
13898
7308
9448
16816
15147
950
8569
16922
6434
7996
20527
13909
4290
16701
19865
6242
17462
17297
20735
13917
14453
13919
5676
9934
12995
12936
12493
13925
2433
6928
13928
6650
14689
13931
19261
18369
17160
8527
416
18583
16035
1584
20446
13941
8502
5945
21941
13945
11486
9585
4296
4050
652
10583
10709
17980
5612
6478
8686
765
13653
5959
311
20448
15988
9767
13964
13965
4646
12264
7978
13969
13198
1361
13972
15951
18863
12434
13428
13977
7178
15558
1914
13981
2348
13983
13984
15134
7649
13987
18094
8162
15195
1755
4334
17694
9872
10747
21158
20230
8452
7810
18325
19725
4602
20229
10498
14005
14006
15251
17507
14402
2083
5494
14012
19389
4205
10933
565
11739
11267
16561
16704
15024
13662
3238
16533
8356
18635
14027
8229
11695
14572
2536
3734
14033
14034
1487
17720
8853
14038
14630
12829
10951
7417
20138
2540
8083
10371
3476
21262
14435
7468
14051
14052
19108
14054
17736
10158
14903
14058
14059
14060
15268
12267
7815
15320
4353
14140
11671
7633
8214
7224
14071
19810
17332
7597
3687
20962
14437
11334
13763
12834
14081
13610
20102
14084
11609
14086
14087
14088
2226
3312
17392
2114
10727
14094
8503
7907
8351
13561
14678
2486
1457
12826
7217
21307
17395
7342
10891
14951
3963
14110
17070
10055
14113
17745
14115
9844
14117
4668
8126
580
11671
18025
22000
7811
12211
14126
14127
18232
19137
10325
748
9033
19049
10847
15915
14136
17738
16968
12107
18444
14141
10675
16939
7837
17793
21865
17400
14148
21337
16772
16683
14152
18677
15202
14155
14461
14805
15790
11217
3803
21163
6738
14163
1699
7316
19012
20344
21044
4161
8392
1074
2918
101
5887
14175
14176
13107
14178
13741
16505
8463
14182
20183
4448
10381
14186
505
15070
1347
14190
3437
2840
16108
8350
14195
16938
7756
2100
5855
21566
21463
3596
14545
14204
14205
10279
3705
3222
10919
14210
4356
21367
10318
7796
1937
9600
12458
8931
12036
14220
9392
3155
21513
19356
16688
10506
14227
14228
2352
3131
6550
15485
469
16658
20098
14236
16875
15262
21313
19716
7056
7291
21724
17357
7719
14246
20414
14165
14249
4607
21833
18890
13376
16457
2168
5095
1154
9439
21204
15586
21122
15835
874
2560
955
21122
16277
11235
1140
14273
141
5610
20288
14274
12110
13608
19325
8593
744
17392
20489
14282
287
15540
13324
20285
14287
12203
14289
14290
14291
6371
20099
21078
7678
21392
5390
14298
10436
15623
21518
15532
2192
4139
10315
2259
4600
5170
14705
7346
16191
18713
14716
15682
19236
19795
16958
7114
17558
20051
17704
11907
8670
18784
5879
7426
9725
14328
15272
2855
14331
6540
10623
6127
13349
20816
4772
1466
14339
21661
8486
12226
14803
4373
21055
12371
14347
14348
380
14350
17846
9146
14353
19153
9653
14935
5623
6485
14359
9144
1497
6618
14363
21426
3918
10428
5086
14368
21883
7977
14371
6044
21787
14386
17390
6782
4616
4361
2017
16229
14381
7498
1918
14890
1510
12609
8762
10810
9249
17607
5363
10026
357
3199
507
8355
2511
11466
10028
5131
10873
4422
17911
14404
18982
14832
14407
16205
12229
14410
709
14412
14413
18006
17266
14416
18978
14418
5221
16072
2257
14422
21324
14424
6730
9607
14427
14428
8642
15008
11123
11076
4275
3573
16287
8259
19601
14438
9465
18695
18495
14987
21268
978
14445
341
16167
17576
9140
14450
14451
556
430
8256
1715
8450
6560
14458
1672
6949
20397
19285
1583
4797
3008
21102
17425
14890
768
9462
1290
13719
8623
11094
12885
2157
13289
8376
2210
12776
14481
20360
18723
18802
9739
14313
6716
11600
3288
20701
10474
20503
18149
14494
1605
21387
10037
732
4270
13307
9344
14502
8784
4673
16119
13518
16063
14508
6540
11836
7416
19353
21306
20608
14515
10639
14517
8934
14519
19286
19539
2451
20198
8858
15991
12407
8737
15894
6444
21678
4259
9499
13277
9355
9941
13699
12693
17803
3500
6317
3128
19933
5667
17332
21193
8002
6326
295
16179
14550
20298
5177
14553
16847
1480
5184
5404
14558
11606
12852
6975
18917
17611
13578
11728
6370
4954
20629
14569
2940
12402
6428
1037
2562
6653
14896
3602
14578
4806
2338
658
12354
14583
14584
19671
14586
14587
3975
20654
9610
15988
4760
2986
18197
14595
14627
14597
20031
6942
14600
10901
14602
19231
11824
11162
17213
16770
1303
18105
16578
21621
6978
3769
21365
14615
3074
21505
17629
11385
21123
14621
7684
9745
20200
14625
14626
19450
1212
9470
6091
3052
18711
13442
10431
11377
14636
14637
14765
19707
16741
9880
5085
14081
333
10346
11594
1966
20241
12961
8822
1131
12192
13220
8257
14655
8300
4029
17251
19408
10754
12983
1339
11065
20037
1400
4645
13438
9333
13476
6296
21585
2502
14673
5312
14675
2726
5087
8461
417
12212
8016
11524
19596
11411
18490
11733
18325
6616
11977
4883
20543
17627
2579
14694
7133
16562
14697
7821
282
14700
13539
6183
15889
21298
19578
17612
14720
5761
14709
20492
14711
7845
5467
9446
18517
14716
14717
5440
12325
15095
7603
3025
8195
19454
15209
21450
17141
13340
456
9652
13104
2830
16506
20784
2678
10409
14737
14738
16732
16208
21382
15937
17883
3511
5591
20204
15144
4005
14749
171
14125
14752
14753
16536
7748
7286
20529
12952
13738
7483
8384
1250
4403
17410
14765
14418
6661
2335
6982
12149
3404
1764
5225
12548
5472
4708
14777
16017
14779
17139
2352
21905
21433
7046
7554
4620
12896
16559
14789
17853
4030
14393
16238
20646
17843
14752
7870
14798
14799
19503
14801
21345
20231
21837
9428
15028
11128
4472
20616
9849
20551
6915
16518
5323
13646
17793
10821
8878
14819
2106
14821
11682
7076
7836
20853
17709
6004
4753
9336
11557
8748
14832
477
11182
10153
7703
17783
827
18954
11338
2678
19417
15052
16155
15583
14846
695
14848
15038
1681
20675
11770
11322
7606
14257
21745
14857
14858
4897
14860
4828
2477
13817
10928
14888
17234
7527
14868
6225
19013
19352
13362
13711
15668
9285
903
569
18291
3340
6041
8508
14882
5579
19017
14131
5642
21165
17544
20767
14890
13725
18666
7195
20823
8282
20632
3086
8122
14509
17685
14901
10013
17922
443
21669
14611
4788
5269
10462
21852
19729
9006
15361
7877
5604
16758
21148
12583
14919
5256
17744
14922
14923
8262
7951
14926
10086
13394
634
17173
16052
14932
1801
14096
10087
14936
14307
14938
14939
15630
16690
14942
2823
2858
5824
3773
4125
14948
4770
503
14108
3385
16944
21692
14955
2767
6641
17895
4217
19153
6518
11102
3850
20372
288
6180
1052
1141
1532
16484
13381
20921
18148
7817
13688
2590
11834
3334
3561
5135
6343
6778
10324
10326
15432
985
14987
3552
20966
14990
17011
14145
20769
15905
15612
16585
8599
3603
13315
7556
15001
15336
11051
4960
2784
15006
2347
7584
1166
7760
5073
8736
20578
12143
4545
11255
5602
21778
17388
15957
11835
10466
15023
20595
8041
12900
9387
14806
9707
6722
12121
8292
1163
14229
15035
8192
18483
7741
13400
1035
7115
15042
15043
1030
7390
815
10494
9545
17585
579
15270
9651
8701
19542
19430
12261
12845
20267
15059
10199
6485
9690
363
140
1647
13320
14515
17446
2521
15070
19075
15072
2308
10008
855
12427
13995
9742
15433
15080
21066
15082
21087
20897
6190
3133
7914
12286
8813
2507
15091
13794
16462
10587
13512
15096
13891
1238
4128
5370
19982
15102
10420
21690
15105
3177
4404
17820
15109
15110
7621
5416
4143
10760
10013
15116
14940
6271
15010
4749
18259
15122
5148
16988
3063
6197
17258
20013
11859
15130
7109
15132
12359
369
15135
21592
15137
15138
1838
7164
17852
15142
12596
15144
19440
11198
4026
210
15978
11900
11354
15152
16548
19803
6582
8214
6011
10618
13201
7638
9803
15162
9159
20248
15165
2388
3713
15168
19877
10441
10490
16086
1870
2960
15753
16563
19623
15178
14586
6248
3620
18210
8794
19336
21788
21198
8137
16274
5822
5823
418
15192
8335
638
6408
16300
1324
13318
16152
13357
16289
4453
19232
15204
1402
1411
16444
9404
12933
7428
15211
12983
20588
13029
231
10947
8112
814
13854
13002
17527
3266
13218
15224
15225
8579
7406
12407
14051
2412
18681
21515
13706
10481
6570
13616
20782
15238
9930
20917
1528
15441
15243
12163
10826
2563
17438
15860
14842
14589
5932
16152
15253
14140
15510
14668
2441
17878
7535
2792
15261
15262
18042
11898
21075
6770
9793
2906
19433
8457
208
956
11916
5090
5097
6319
15158
16537
12741
15280
20245
21561
6731
4483
15285
15338
3263
15288
18355
1820
18965
16794
15293
17816
15295
15296
15297
2212
13604
17511
551
17645
13812
772
16734
15306
21758
12687
3309
19834
20266
18914
2126
21927
6546
19745
9849
12582
14152
14805
712
15322
15323
5354
15325
19176
20388
9614
19521
6642
21657
15332
21427
15334
13587
7041
4580
2478
20965
20726
12558
15342
17814
9675
17239
21264
1941
312
5132
4527
10370
1644
18463
19872
2659
15356
12760
19022
15359
19718
7666
15259
6598
2554
2065
11038
15367
935
16293
21362
7277
4618
1357
10131
7631
11671
8492
1669
12874
10599
19503
5451
10520
18116
17602
280
19235
14778
1689
1289
15391
17538
6444
12893
2316
15312
2584
12253
15399
15400
15401
16757
15570
6491
16295
7375
7446
18067
4635
16100
12048
4737
19990
19044
11207
3684
17627
14538
21586
15420
15395
15422
14375
17958
20040
2964
1189
2527
14433
3865
17913
15432
15433
5920
17740
6426
19075
8914
19121
16852
3273
12171
15443
16385
2777
3259
16386
15448
12628
18178
8492
15452
17966
19037
6292
4980
12367
8771
4646
15987
10831
3029
21332
2386
13221
16390
6885
15468
3835
9035
11955
21025
15473
13515
15475
12442
15477
15478
64
12484
15481
9598
15483
7797
11008
8684
2296
15488
14119
1947
15304
429
20947
1869
10814
8591
14230
4008
16331
13865
15501
13584
12100
2408
6969
11177
15507
19308
4272
5029
11531
2271
14278
10731
16083
7854
14444
4427
8573
21691
15521
2615
3473
14930
5695
19515
15527
18180
19737
847
7988
17045
16805
2045
21298
15536
21558
12979
8512
6093
13898
15542
11340
2775
10197
3479
15547
15548
15549
16852
14469
2094
13970
16156
10873
6168
2760
4190
875
13145
15561
10476
2658
8449
10637
10001
2680
10501
4991
8301
11095
16863
1243
15574
12510
15576
9600
5633
6250
10232
15581
10503
15583
6734
15585
5413
10765
148
15589
19471
14249
20246
9054
8037
15736
4952
15597
19168
18023
1433
15601
15602
15603
11064
19025
5645
15607
15608
13198
21588
19364
7280
3868
3641
12423
15250
12533
593
15619
9829
3478
17895
6009
730
9985
15540
2970
9350
6766
20392
15631
8717
18170
10829
10345
2315
21427
20633
15870
13324
14421
14079
1796
6027
9984
16982
10492
1236
14558
10065
6503
3462
15834
13920
9539
13444
8019
14338
15659
15660
4372
11932
5000
12137
5650
15666
1321
15668
11552
20951
15671
12697
12790
16864
15675
15676
15677
10183
7063
235
2382
21135
15683
20930
10874
19495
3954
2642
6192
1043
15691
15692
21396
20740
17246
8332
18742
10138
20008
13050
15701
1925
15703
15704
6578
15476
13392
15708
14280
9212
8542
15712
13000
12490
6580
133
21987
18398
7904
15720
16668
15722
4189
4054
3577
15726
14267
16627
18214
16162
15731
20802
15733
4221
5562
8221
2298
17527
21719
12467
17840
15742
13533
4069
18322
15746
9824
19185
6502
1536
12372
15752
270
4498
15755
15756
5062
15602
15759
21636
19586
10071
15809
8615
422
12032
11966
17757
21076
16861
13985
15772
9304
19336
10635
10857
19906
14944
18350
4859
7605
11544
7541
1510
15785
4150
14513
19580
16910
16073
5852
1039
14976
16724
15795
17763
4610
13191
15799
9048
12619
15802
15087
15804
10161
17971
3750
9293
10920
5344
5284
18549
2745
20060
7504
20575
18564
560
15819
3069
15821
13437
1419
835
15825
8066
15827
15828
20000
20225
4217
5420
11416
17960
5991
3406
2939
3458
17574
6161
15756
4994
16784
7907
11509
15846
561
8427
6812
5956
8729
1794
15853
19028
15782
18683
8603
253
15859
7802
4931
17273
19927
253
15758
1896
15867
17338
12515
1051
153
20327
15873
9364
9563
15200
10036
18405
15879
18927
15061
12378
15883
8555
18192
20650
2916
15888
16859
11724
2569
904
15893
3974
19994
4212
13601
12942
5909
15900
13852
16477
20457
9516
10559
9241
3274
5114
18554
21828
15825
13346
10832
929
7560
1886
15917
5348
3627
11342
12823
2577
15923
6128
14852
12945
1871
12300
11602
1730
20512
9028
15317
7271
2006
15936
19581
20487
5339
15940
7746
7833
15943
17016
3015
18957
9242
15242
11807
1966
18575
3521
6237
15954
3517
15956
21410
17238
15959
9589
5101
2130
20973
12562
6777
4746
20366
3040
18746
6874
14475
15972
12987
15974
9536
20660
15977
5764
9420
15980
12201
13755
15983
3462
20815
6856
6519
8870
6893
17357
8776
7131
6074
13327
15995
15996
16818
20812
411
2826
16224
10314
14406
13731
15464
21732
10467
21031
7049
16010
21945
3600
18021
20677
16744
1677
14078
16018
16019
20289
15485
16589
14264
5030
16025
8563
16583
17679
20107
18506
16031
6311
4836
16034
2311
5848
14493
15272
16039
14793
3739
7071
6012
19584
16045
8339
9430
6159
6558
16050
4526
1574
16053
2093
7962
447
547
9957
5658
11516
16061
18361
8699
12378
11301
14237
8296
21639
21918
17779
16071
4400
10495
4318
16075
10912
164
16078
15002
10923
16081
20631
15040
16084
4048
12136
16087
18938
16089
10909
1261
19934
2257
16094
16095
18563
2618
11661
7353
13070
4445
21187
437
21524
21300
17741
1779
10848
20691
21398
5073
10901
16113
12033
8869
21845
18003
18808
16302
15732
705
1033
13477
857
21934
4736
12964
16128
16129
16733
15450
21850
19428
20980
19086
6174
21302
12591
18591
2515
16141
16142
3890
16144
9804
2115
2056
9290
13157
431
663
16152
7023
10029
8004
16156
5251
4841
16159
17005
20689
6652
4358
2162
21358
8411
493
15753
4612
12007
9487
5512
15907
2028
19917
894
1520
16178
6514
12081
13378
1000
6525
6080
1792
10092
2961
2898
16189
13279
4007
12145
7307
17067
12887
7167
16197
16198
8471
12966
16482
18637
2782
12126
3521
18321
19056
16208
1290
19207
4187
2310
16213
8823
8814
10901
6985
16218
16219
15477
2079
21833
16223
5142
16225
19342
4970
5621
12902
19627
18869
1316
9051
16234
16235
16236
9786
7829
7780
14081
10156
606
15200
5529
13950
16246
15630
16248
21579
16250
4634
19677
14160
11717
21447
16256
14163
13838
14616
2584
21428
13202
16263
7068
15504
21208
11141
15645
16857
17329
4037
10588
19120
19664
4574
7630
13152
4281
4550
18378
11509
790
16283
4452
9151
6803
7411
15967
9818
3912
6930
928
10472
6851
18181
16296
16297
16298
16299
4169
9149
8803
21011
5748
6166
5707
19832
11798
8903
13335
17113
19279
11548
16314
13936
20058
9377
16924
16233
2442
18080
2882
16323
9414
5952
6695
5883
21613
16329
4483
16331
13761
11023
1033
9797
16336
14562
9873
16339
18058
7881
405
18075
3665
18214
13613
17365
16348
16349
16350
1844
4587
11139
16354
2099
15144
18051
3224
8136
15075
15864
19712
16363
14662
3798
16366
3712
17013
645
16370
10662
12874
4987
2915
11068
18127
7783
10158
16379
7523
16381
16382
11750
19101
20322
7495
3311
14406
14843
6732
16391
4558
13820
21704
10453
16396
1739
13891
6819
16400
11621
6605
12560
12093
10288
16878
1505
16105
16409
11256
512
4301
4090
16414
8718
4880
10963
21860
19468
10309
16421
18754
8554
16424
16425
16426
20240
64
19360
7099
5162
19179
10427
6571
16435
9632
10607
20070
98
21382
8669
16442
6854
10306
16411
3463
16447
4270
8793
4165
10418
18645
16456
17686
3052
12825
250
8030
9179
5032
17260
331
11665
1134
17291
13507
16467
1244
8072
6425
1739
4819
5939
13598
7552
1996
18083
9816
3070
4027
16481
16482
21170
16484
15369
8133
16487
13447
3029
3211
15749
16492
16493
4787
15874
16525
1800
4822
15246
6118
11073
20339
16503
15908
11763
15600
3114
18338
2997
9553
3679
2057
6359
4889
1667
4497
16517
16518
16519
20552
10521
1309
121
16524
5678
3742
11879
14567
15657
16530
17317
14570
14387
1488
16535
16536
414
18227
14623
16540
13583
8676
5675
7057
11222
21162
3220
6530
15394
19223
16551
19607
7762
13102
5910
17839
434
6234
1186
12752
6241
21943
16563
1014
11714
9447
16567
21134
1435
8614
17716
7798
11503
17375
19804
20823
16577
19375
16579
7495
13818
16196
455
9622
14686
5990
3331
16588
16589
1139
10116
14779
12570
9957
21433
13591
12940
16598
270
1352
21613
5868
14275
8369
6134
13872
6392
16608
16609
16610
16611
16612
16613
13819
16615
14425
5536
8675
160
13758
6088
21145
8721
9613
16625
7992
16627
8557
10887
12042
396
18313
16406
15538
16635
12567
16637
251
18604
4745
16641
21246
4066
20339
9077
5012
13126
12305
10764
2085
14307
74
16653
16654
10517
1982
9478
8685
13705
8739
3747
18536
20591
15922
20229
12922
10416
16668
11700
9460
10302
20371
13295
16674
20770
9585
13601
16576
15851
14581
13817
9838
5665
11422
16535
5974
16687
2849
8408
16310
5208
16692
16693
16694
16695
8727
11572
19506
4082
8541
17953
16702
13665
12721
16705
15248
19219
12669
16709
7835
3520
7423
11757
20982
10383
16716
19266
16168
2549
16720
18891
16661
7486
16724
4187
18787
16727
10730
8318
8785
16462
11540
20131
10879
8661
8650
19168
3186
8147
17578
180
10006
12167
20439
16745
14065
4835
9910
21437
1784
16751
16752
16753
10444
14514
16756
11730
92
16177
4968
3020
11892
16763
14697
10531
2093
13168
7524
11272
865
4987
16772
6211
18013
16489
3743
8900
17524
12948
5983
4513
8073
1955
14440
13364
15329
5862
14264
16749
10854
16791
18398
17196
9891
16795
16796
12189
18339
6221
7251
6048
16802
11650
3766
4922
15025
11185
9749
11417
6365
17215
3504
13993
5936
3448
7671
18437
21492
9721
3873
17182
8728
20550
20036
8433
1881
16827
10447
7977
17786
2570
9434
3152
6968
3438
16836
16837
12792
8643
4666
16841
16200
15171
20032
9948
2172
16581
11457
1711
6204
16851
1935
20576
12250
2756
18949
3257
19654
8150
6706
18521
16862
14488
2765
11123
16080
9680
9125
16869
15973
19774
16872
14352
17088
9903
16876
906
266
21395
15442
14147
9837
8539
16884
10441
8969
16887
6492
6814
18955
16891
16892
13897
9494
15500
3765
11493
1405
17937
16900
21700
16902
9504
10423
2086
4647
16907
11575
15847
17240
15360
7218
116
9175
17707
6498
14070
14335
16919
9841
3191
8551
20745
10813
12067
16926
13207
13649
16929
16212
4483
14024
4049
16934
3467
5582
17634
261
5077
7463
5156
1482
12362
6525
822
7880
16121
5965
12989
18341
16951
16952
8931
13389
16955
3344
16957
14316
10104
12501
13985
16962
16963
7726
5925
16542
21261
21162
13097
14641
2219
5624
3045
18817
16975
18331
20069
222
7471
14849
13817
18809
16274
6494
13043
7417
12588
21319
16989
5205
19604
8991
1751
4278
11900
2103
19068
8437
11100
17000
4660
9835
9135
4727
7000
16051
20333
12862
3208
15564
12130
20945
21711
17014
6721
16942
7806
17933
310
7500
16420
17022
1544
12274
21407
17026
8532
7693
15746
17030
19088
17032
7962
17034
8558
10267
16909
13227
14718
9944
8488
17042
19322
11656
12782
17876
10142
15154
10429
15042
1541
17052
10350
4497
871
15342
15300
20791
17059
8282
3062
21819
5509
17064
9039
1712
12884
882
14653
7690
12738
6116
2481
17074
7536
9014
902
15870
13128
17080
14123
17082
7259
10172
3580
11996
5695
9194
17089
4698
12446
3146
12031
1894
17095
21156
13735
20245
2721
13863
17101
21259
19034
15133
13637
14695
16480
16195
16097
16050
21702
12635
16101
17114
10703
17116
7019
10311
13927
13545
325
17671
20754
18111
2870
2624
17127
11253
10742
17130
7976
17132
13242
9256
17135
2057
20457
21287
12706
17140
16697
17142
6679
15463
9759
14936
17147
10973
2630
5595
16549
17152
8863
19995
6931
13074
17157
920
17159
17160
7477
14501
21783
907
7744
13125
4078
17168
13717
17170
486
21960
13044
2734
17359
4791
4573
18028
17179
11737
9328
7858
20748
7169
7689
8582
6729
17188
21049
4269
814
13787
3072
3238
5933
21710
1649
2282
16055
17200
17201
7650
4039
14838
2253
6826
3843
17208
17209
16450
12848
17212
14606
8395
19047
12947
3038
11809
17242
4617
5425
7852
17228
15652
6576
20136
8946
597
12207
17438
16059
7690
11711
6025
8689
14162
6202
5606
17124
13773
734
7655
14342
17244
17161
20407
14036
8999
3538
20891
20260
10913
1499
17254
6071
2685
5983
604
888
20387
680
16224
6955
21952
11442
12620
7947
20157
11268
18274
17271
17272
4857
20502
3647
19113
12934
17278
8825
8079
17281
17282
8158
4365
9822
14933
7964
17288
17289
5263
5198
15772
16807
17294
17295
17955
13526
5281
13981
15503
13977
17302
21369
11355
17305
21020
4406
17262
17309
7450
7256
1784
1374
12119
3374
14150
2305
9148
1566
7425
4684
5596
17323
9670
6409
210
7221
11014
387
20902
12195
4992
16919
17152
17335
16306
17337
17338
17339
1441
10951
17342
13643
20796
5697
3756
17347
13034
17349
17855
21354
17352
5046
9255
19494
12358
10169
20858
7850
21921
15198
9138
16788
13260
7263
12221
16096
6641
17369
513
19148
18188
3636
17374
4412
4181
16978
6838
17379
196
5292
3627
7762
2913
9534
17386
3256
15676
6132
14375
2436
2318
17393
13430
16767
18641
16775
12162
21104
18976
16617
8576
21565
5299
575
9460
1471
11283
11103
11461
14594
20262
19974
17414
17555
20005
17417
9304
18365
17420
17421
7467
17423
2124
10418
17162
12966
2372
18458
15880
2154
13006
2513
17434
17435
15352
17437
14546
10745
4718
21433
1688
17443
14161
11831
9684
17447
18791
17449
18819
18982
17452
6528
17522
2996
15186
9641
17222
17459
6376
12941
17462
11182
16320
20695
8361
10353
2827
15291
3372
13356
17472
3661
10501
6471
14926
14903
12942
13398
3524
11222
21654
2692
21770
6132
17486
17487
10468
6502
9313
1979
6206
3644
17494
5276
17496
4372
3290
7038
13095
11385
17502
2833
4567
12091
5603
4945
3643
8655
3804
4501
7617
1158
1873
8376
21493
21836
5432
2603
16428
17521
3633
3593
14460
2770
17473
9194
2677
6702
17530
4186
4770
20487
5765
19914
7027
20029
20276
21437
16010
18919
9996
8195
7574
8287
17546
12751
2206
17549
8426
10493
17552
8200
7204
11906
5640
17557
10588
1638
2082
17561
10952
851
19245
21147
20571
3441
12234
11458
2976
17571
5034
15583
20417
18215
16044
16643
11767
7537
16675
2122
3915
833
10985
19880
1835
18018
5495
17589
18372
7159
11689
9095
5013
1738
3919
15714
11022
2271
17600
10692
12541
21177
18937
4388
11473
17607
17608
17609
10132
6003
18737
4726
13458
11539
2972
17719
17618
21761
322
8121
18507
17623
5673
15622
12515
799
17628
17629
17630
17336
17632
11092
17634
6836
11792
2306
13361
18639
4360
20714
16719
9389
9141
20188
2271
7200
17812
8303
6445
620
17652
14543
12647
15123
20695
17511
4436
2284
14696
20974
17662
6010
18216
18064
17666
2388
17668
14724
21660
21289
6587
9748
12290
17675
17676
17677
17678
5421
18618
16634
19500
8238
7115
13756
16215
3424
13903
12184
13130
823
4583
8139
17694
1096
18932
12054
1518
19848
3826
20317
7604
17703
16407
17705
6810
4662
18356
17709
3464
17711
13607
8613
9315
18921
582
11836
17750
9222
14901
14579
8146
9617
17724
10230
12059
9664
11195
15074
17730
2609
17732
17733
13783
20412
16104
13451
4310
6696
12961
7118
5266
19791
13261
17745
3029
10603
6748
9858
13325
17751
17752
19639
10751
8630
10037
15698
17758
12746
17760
17761
13470
12165
17293
8489
5108
2518
17768
20753
6400
1533
17316
14153
15709
4962
18560
17311
637
11002
17780
7483
17830
9048
19186
1930
6343
3393
19889
17789
11806
4796
17792
10579
17794
502
8261
17797
13871
7374
12996
6775
15233
19444
8439
18317
5863
3620
1078
17809
18625
492
4435
17840
17814
21478
1631
14363
15622
21403
16799
21688
17822
16646
17567
17213
7851
10214
10741
14735
21412
21843
8056
12683
736
8438
16511
1573
19978
6961
20467
20772
16314
17855
20997
17845
6550
3221
14855
5500
3107
5360
15350
3849
70
20029
18969
19104
17858
12235
15905
14705
15761
17863
2650
9497
16065
17887
6017
19576
7873
17871
6212
14400
11113
8951
15895
17877
16365
13663
17880
4201
3138
9071
17111
8128
17886
1041
7269
10080
16737
13911
17892
20916
5132
12108
612
17897
17898
16085
19220
7846
9746
19419
6764
13589
5563
18199
524
1566
1910
18951
21197
7435
17370
17330
17916
17796
17918
20221
870
1440
9662
1928
16488
18683
18486
17927
18978
17949
6050
9962
9698
11841
2986
7240
8248
4808
10523
13393
18823
17941
13287
16006
3456
2962
12703
6174
17372
7307
19802
15064
17952
5292
2600
2895
17956
17957
5570
14323
12931
14066
4611
1496
14380
16433
3455
11492
16696
11991
3901
4192
14584
20064
15572
14279
18982
18232
21124
17979
560
17981
17982
11734
17984
17985
4846
1904
13960
15192
19859
17991
9945
17993
21591
20971
20399
20038
4590
15462
11696
9865
15758
16678
13586
10775
16701
4200
10624
12942
15975
18011
5730
16774
12842
9505
10122
661
20139
2213
20620
525
2661
438
14216
4836
20049
1509
3990
300
18030
13664
1777
1663
15903
5429
16679
12615
2472
11209
5614
18843
16460
16811
4985
13839
12048
15537
13218
18049
12248
13992
10945
19524
13322
5954
6574
3632
350
18059
15503
14804
2470
18063
14175
12590
8775
3269
20868
2976
15592
5336
18072
3905
18074
3479
8994
21225
15048
5886
15803
19382
14671
20625
1722
18085
20619
12279
18088
5723
3182
18091
3149
69
4240
18095
8135
8117
8746
19129
10752
6454
5016
12573
7108
8183
18106
18107
13693
16587
17697
18252
18112
18113
1516
16418
16742
1457
18118
18119
18120
18121
13724
14896
11558
17953
18126
19258
20598
4285
591
9158
15638
12268
18134
14950
18136
13090
13119
15118
6291
6271
10080
4136
738
675
17383
13770
21640
15094
562
18151
3168
292
17066
18155
18156
12175
19885
2339
18160
7857
2463
14589
18164
17159
19463
4994
19986
15062
7286
714
14074
17818
21205
5810
16480
18542
3349
5838
4214
16093
3977
16451
18184
5107
15672
5221
19240
18189
3481
647
10367
21469
2580
18195
491
11923
10100
18199
5634
14962
11237
4955
18204
5235
12661
7628
11124
18838
5705
5547
14411
20812
6937
18468
648
18709
1078
16865
9593
18823
16363
2106
13893
18225
18070
14771
7709
18229
12141
4025
7302
5433
15150
18235
18236
5615
14816
15882
5875
7562
16150
18243
794
4163
417
18247
7206
2393
8088
19489
18252
18253
7067
21796
18256
18257
5149
7180
11154
12735
12067
6930
9067
5232
10271
2234
17264
12482
18270
11374
18272
8691
6935
5788
7316
18277
21546
18279
21726
18938
7175
18283
18284
3770
5476
13143
20993
14587
18290
20446
4809
18293
16990
18295
18296
10782
18648
10680
12196
3114
9357
3484
12910
2456
21724
14143
16647
18309
18310
18311
21394
5892
18314
6304
21493
19108
68
8139
5036
839
12521
12829
10539
3118
14392
1543
18328
9936
20726
3125
7166
10138
18334
21307
11744
18337
3200
16798
3291
4114
1853
21312
17500
1655
12449
6771
6967
7258
18350
18351
20639
13439
9063
15601
17591
18333
21255
18359
10263
5449
13505
20314
3285
14179
11238
529
14357
2585
4868
18371
3910
18373
21929
19452
18376
17018
3489
14950
7164
3514
21373
3937
17680
3197
10419
10556
15638
8392
21878
2947
9348
8487
6832
20271
8052
20664
14492
2752
18400
18448
724
8582
1370
12334
16137
18407
7646
12692
1094
13129
18412
18413
6952
18415
518
8478
9937
6617
18420
3988
10630
18423
18424
1284
4181
9118
15567
6764
6617
6818
3753
13527
7879
15041
11936
18551
2560
901
13423
1365
8711
18443
12540
10944
8030
7705
14691
12970
2836
21666
18452
14872
5289
18926
13694
14828
18458
19564
16665
18461
9533
4926
15503
1913
8456
18467
14529
3110
8323
4540
3832
5023
17831
8619
5384
16432
18478
18479
4146
8313
3373
2195
20447
18118
9096
11709
20108
15778
5615
18218
1355
19885
18045
18495
360
18497
7602
6397
18500
21226
5086
17171
3532
18505
10254
18507
15317
17467
2397
18511
11260
18513
8452
18515
13912
4935
16105
20585
7404
18665
7265
2185
21181
14881
18526
2955
5778
9346
18530
19096
18532
18533
18534
12943
13503
15462
8773
11018
17987
5426
12629
4523
7292
15981
4663
17672
18671
18997
3931
10836
4110
14761
18445
18513
6599
4144
14672
15925
21889
19981
2425
21303
8305
5804
8201
969
1304
5063
19561
13412
14722
20780
6203
9878
18576
1485
18578
6388
9575
3965
18582
6433
18819
4250
19272
8480
4146
15497
18590
2093
3170
8560
19485
20594
2869
3741
6608
2824
1382
6393
9972
18603
21113
10874
8496
21146
13284
18609
5851
20141
18616
12944
3962
6317
616
3820
10130
1593
3892
283
12221
8503
13674
18625
21496
15557
995
15456
16790
18631
10185
20465
18634
7806
18636
9176
4542
19890
18640
7835
3438
18643
14416
2960
15260
18272
15286
20307
13610
13496
12721
20821
4392
3395
6188
14476
8493
14526
18411
11217
18662
18663
1094
4326
12582
5379
8892
11102
4388
15540
12184
12506
7991
14448
15231
1828
2961
9703
13314
18719
20837
420
18136
15244
9864
1651
2172
18043
18690
18691
18692
20066
18694
19137
16052
9882
7130
8949
11012
20626
18702
18555
5278
16469
18706
17974
19057
1050
20463
15133
13336
12581
18714
11680
6785
18717
18613
18653
18720
262
21231
7800
17958
10953
8253
6528
8523
8324
15217
18731
4295
9216
7367
16468
18736
3317
18738
10689
14336
18741
18742
20867
15652
10511
16457
14015
20876
2801
9669
18751
20707
13722
14214
3804
13483
10237
19582
13278
14424
4295
20352
9286
5271
4049
12612
18767
18771
15528
3335
4379
18120
11566
11149
20534
3989
19016
14747
21603
4414
18820
6379
3495
7845
10494
20236
425
924
18098
3668
15592
9594
18793
17637
12346
16683
18797
2187
5710
5168
18529
18802
6080
18116
18805
18806
19150
4655
2702
18303
17339
6667
15041
9391
1501
7001
21905
14641
11857
10354
14917
18833
2272
10238
18825
9205
3806
8051
18829
19551
18831
7031
18833
14305
18835
18836
21402
19021
18839
18287
6076
18842
2637
3895
18559
12872
16571
5882
9705
11870
14732
5618
11725
13575
15172
6333
21637
2926
10619
12415
11394
18862
16745
7871
15127
9172
18800
20024
1740
18870
21039
18872
1861
10670
7307
21391
7876
19635
20536
18880
12285
18986
1511
11218
20199
3868
18887
18888
18889
9105
18891
5302
5764
4661
14082
5997
20274
970
10549
18900
4204
18902
3048
21422
18905
15829
13728
15711
13639
20787
1587
15806
18913
7634
6626
5194
6508
9908
19465
11994
17715
15528
18246
4810
14658
7121
2197
20212
13490
1081
7061
15910
11990
2370
9341
10851
8476
17402
760
6166
18941
8831
18943
8703
969
19461
20094
809
8743
3123
11739
9924
14862
5183
8413
18956
5985
20490
333
14384
11997
6006
11527
4103
16025
12330
13848
17273
1783
18970
9271
16748
3057
5784
19853
6952
1256
13341
14022
7621
18981
2893
483
17990
9818
10022
4208
18988
11019
1113
18991
18992
18772
9859
20538
17685
2236
10757
18864
19000
13449
1841
5292
14769
8231
14794
5410
13529
18991
3765
21808
8865
15499
19014
3536
3058
11100
9795
15518
7190
18417
17419
19023
14840
19536
18694
19027
2360
10403
19541
19757
2250
19209
3195
16011
20307
14743
11057
13905
578
16285
19332
17107
6500
16411
19906
8991
9879
4501
247
16999
9084
18484
14624
20848
16712
2767
14202
19583
7128
16662
12140
9544
1860
11651
18976
5111
6953
11871
20134
17811
19072
12757
19074
4479
7493
4830
8939
3603
14285
774
2777
13270
12790
19085
5403
4365
19088
18812
11251
7658
17574
5125
3115
12713
2281
19097
7436
19304
2944
4334
10463
19103
19741
21214
2624
187
5317
15815
3784
19111
13389
11636
15688
14187
10828
19117
15381
12297
19120
19121
596
8806
19124
21739
4010
4117
9846
21619
4063
13569
7454
2045
20496
6287
18599
18604
9596
944
14646
4582
9474
3618
4519
11610
20081
9481
1729
15007
13884
8424
6829
2645
12356
19155
19156
3281
21603
6202
17864
15151
16041
3815
20651
21063
3380
10706
2414
12924
581
2810
19172
7814
5716
5095
19176
11778
2197
5395
19514
20172
19968
19183
6624
7375
11107
20336
19188
19392
21160
6496
8826
19144
9366
19195
19533
15254
5574
3598
403
18947
20834
947
15775
3102
8686
9231
8426
12097
21412
19297
7437
1604
4428
19215
21308
11639
18716
12218
2381
7479
9182
13959
20237
21567
17693
18803
17264
15208
19230
19938
9752
11825
19234
6266
4124
16700
3023
19239
114
12882
3778
6669
9560
19245
7135
19247
5800
19249
8212
19251
20363
19253
9725
21700
5157
20117
3577
19326
4374
19261
11026
12590
19888
20635
4082
11254
13707
21198
21519
10794
19415
1789
1595
9918
3155
14871
11021
4803
6035
19179
7133
2716
1649
21128
3007
5149
1388
14788
18450
13557
14946
19293
14731
2902
19296
259
19298
3948
10314
779
8762
13883
16125
6379
19042
19307
1607
13876
17275
5997
13516
16559
9332
3528
7860
8974
21786
16537
10648
12256
17714
18195
1199
21327
6356
14361
5057
11120
6914
2381
453
9789
4897
5224
14864
9435
10200
14000
12769
9222
3314
5727
1486
16711
9555
19347
8025
3517
19981
2943
16399
12003
20067
10045
6121
20773
13688
748
633
16700
6723
11592
7693
1241
8806
9042
16660
6964
14054
19371
20831
18838
12181
14610
9227
19377
12460
18305
2844
17851
20181
6059
1214
19385
7609
17191
5590
19665
10413
4345
20367
12014
16887
1712
18894
15702
19398
17355
19400
3191
14012
17005
19404
16386
14090
6177
16483
19409
19410
4083
17780
17926
1198
17007
12351
12311
225
12237
840
19421
8786
19838
793
21403
2600
2438
12797
3219
13114
17898
21458
8876
9682
4347
17564
3041
19438
19439
10736
19810
2418
21791
3084
8810
4439
7752
14874
19742
12260
11330
11501
4721
21814
19455
7902
1109
6428
19459
19460
19540
18398
20233
5857
19271
7100
13100
11629
20215
7160
17038
19472
19473
21061
13396
14540
21073
19478
19479
19480
1698
16743
9036
20456
5943
15878
7921
389
2278
19507
2842
17204
19493
18268
18608
11333
3904
11153
19499
13869
173
17668
19503
5390
18417
14956
4496
2797
11431
4336
13669
7939
21436
21840
15898
19516
19517
13650
13443
4769
19521
19069
13621
3883
9408
20142
19527
10694
19190
20452
15092
21347
289
2180
12000
4966
9134
2357
8585
16882
3252
14541
12151
17391
14608
19546
12983
9967
7281
19550
5244
17900
11248
2743
19555
19556
6319
10301
19970
19560
18874
7275
19563
6272
1773
3355
1464
19568
11711
12940
19571
14647
19573
9052
18518
14673
20600
16558
19579
19580
9092
19412
8769
5533
9180
14620
9930
14522
17447
9646
21012
11625
12793
16806
21567
20729
12215
300
3894
19600
18733
12289
19492
18557
13588
12164
100
19608
19609
14453
7195
4622
21011
4312
17163
8671
11503
19618
1269
18553
19621
19622
19623
19624
7721
19626
10612
17247
19629
6214
14981
2450
10513
1469
4516
20234
13905
19638
13384
12455
1999
5780
21716
19644
20905
18806
21854
17882
19649
7012
19651
1985
12689
16076
12357
17198
1792
12605
5805
20363
14758
6868
6359
19235
7709
2017
3151
13125
4384
12172
14356
11811
18751
10856
3914
3064
784
6965
19679
531
3716
19682
2519
2846
4167
19686
1210
18824
6451
19690
123
21132
3398
10343
4942
19696
11748
4407
17633
19700
8693
19702
17983
16098
18322
3048
13219
19708
3018
406
19711
5543
13618
90
9560
17782
14326
13386
7278
15008
9798
2305
16466
7583
4928
19726
17301
11358
21479
19730
19731
19732
11858
7098
21322
18242
1470
3766
19739
14556
8025
19742
16523
5934
1235
15745
15313
2617
16468
1885
19751
5770
19753
15580
1786
7392
18504
21720
19759
1834
9114
11260
20958
19764
16345
20182
2811
20255
17963
14726
1093
9245
21663
1331
19775
19776
20715
20652
15276
18901
19781
8610
10145
3579
6353
14392
20490
18985
18626
10054
21132
1563
2591
19794
6329
10124
16082
16041
19799
5125
8630
19802
19803
12537
8929
4698
20352
10064
6492
14692
15729
8753
20065
19814
12602
5213
18750
5026
18075
19820
7435
7171
6707
6457
19825
19585
16815
13031
19829
12947
6139
21269
5923
5999
343
17461
16684
7609
11490
18494
20813
8565
11567
735
7633
18318
12069
9457
14391
19850
17027
5530
8200
19854
11000
2119
3245
12169
13912
19860
15423
15197
19863
3522
14966
2122
15150
11222
12752
9847
15986
19872
19873
19874
12814
9939
20096
10543
19879
12494
19881
9358
19883
14102
2815
4249
1728
11351
1782
13577
1413
19892
13564
5788
16939
3545
19897
1915
19899
10529
19901
8018
9531
19648
19905
1046
12224
15970
19909
13210
19911
3317
19913
20649
20548
6530
9780
5441
8439
20730
1231
13248
2879
19924
8067
18750
20010
9339
18324
15513
16155
15624
16132
6800
15139
10865
19497
19938
551
19940
17810
19942
15706
8828
8389
8690
3930
20250
12466
21506
1538
7747
13155
2382
7867
3422
19334
19958
11188
19960
15452
11663
9054
19964
21521
10926
12351
14851
5681
19520
7183
1993
19973
1021
19975
5176
14345
19978
186
3631
9818
7929
19983
19984
2019
15617
10301
4679
17640
15413
5931
15331
11365
9420
19995
19996
19708
10534
19737
8175
15851
20002
8257
9715
3812
16376
11885
21317
20009
18235
767
8012
2337
20014
21090
11668
16469
13092
18232
17817
12343
17072
5012
18868
2934
2355
5724
5534
12193
20030
20031
19247
11853
16521
20035
20036
10671
3673
7824
14920
4432
20042
16991
15833
20045
9076
7865
1383
13462
20050
21402
7455
4034
20054
17027
4576
19240
5608
10075
15588
12347
21003
13799
9555
11368
15688
12869
19177
18845
18519
19775
17460
20073
15193
13814
19987
10233
7447
1278
1200
13619
7825
13701
19856
2504
10486
8986
20088
172
4670
15795
16223
1837
20094
6894
20096
1861
16736
1346
20100
106
18821
256
6024
5349
20106
11827
16591
16656
17310
12414
20112
16076
20860
3137
5722
19574
2802
344
21263
15982
20122
2472
18960
20874
11583
8957
336
4449
19845
7772
6637
13036
19361
20135
4763
20137
20138
1445
17189
18966
7765
21887
2126
21965
20146
9481
9672
12873
19269
20653
6037
20153
20154
19771
21922
15740
12480
7950
15736
709
1403
1013
5071
20382
15275
5197
17297
5322
20170
17872
1573
11831
11080
11059
20176
20177
19974
5254
20180
8036
20182
1020
20184
13963
20186
20187
20188
2466
8511
20191
17294
3547
6000
15268
20706
2405
12770
3148
10674
14632
20202
21007
1688
20205
6162
16714
21326
3786
17320
17748
21767
20213
20214
2227
20216
12777
8782
16562
9771
18340
2583
19909
18351
16967
781
7784
6464
20133
5565
20231
3380
20233
20234
20235
17587
2477
8097
11296
11849
20393
12490
17288
10684
7607
8019
20247
12899
20249
20776
10108
5965
615
9887
492
2662
20257
18813
5066
20260
6384
9381
20634
11640
13127
12040
11777
7654
20269
9659
5608
17657
9210
15009
20275
9906
5508
20278
18316
20280
18147
1556
3199
21217
20285
17102
206
13961
20289
12657
7610
19242
1697
20294
11225
17554
17858
6879
20299
11449
18238
17221
2640
1161
19396
377
9549
20308
11761
9781
13678
15938
20313
20314
19911
13340
7785
9377
19481
19591
19650
3482
8909
4282
748
13270
15584
17485
20322
11687
18082
20332
615
19386
4882
4972
8712
20338
16634
10719
11953
2054
9624
14321
6542
20346
8007
3711
6719
10610
20351
16390
17363
15104
15215
21275
3448
20358
10192
20360
7791
15544
3019
15498
17620
11378
12522
4873
11795
2703
2349
20372
20373
14674
20375
20627
17784
1110
7862
20036
17658
17231
1927
20384
11468
1425
638
17162
3868
20390
21638
1371
7426
2465
5807
19873
11599
11336
8349
16976
20401
19002
13846
19181
20405
13077
20407
20408
20409
7989
1878
13114
20413
19179
16063
7271
4167
21504
9586
9873
2334
10578
10163
20424
20425
13355
21926
5234
10018
20767
6477
2564
18997
13783
21664
17685
16438
7881
6489
20440
20441
20442
6079
19700
10883
8598
935
7883
20449
6554
6962
4268
8609
19067
3286
16852
17943
4330
5532
20460
20461
1618
8144
10757
9909
21250
20467
5448
1309
13757
16477
8915
20473
2102
341
8985
4380
7695
14907
7681
9116
20482
12786
7836
20485
12487
12465
1041
20489
7228
11614
20115
19195
8923
8941
18964
4876
9544
594
6336
20501
2831
5131
19947
15591
5387
20507
15071
5616
20510
17595
18083
9135
7792
19417
21476
1432
7368
7408
12377
20521
20522
20523
7511
21889
6455
13937
7129
13796
12891
7188
19192
14539
10030
2935
12384
20537
3708
15935
14933
7440
7594
488
20828
20545
20546
20319
21543
13988
20550
4558
3411
10055
12957
8913
16243
1637
13195
6560
21492
20561
20562
2720
9378
12367
4890
2688
17889
20569
1311
14058
415
7784
20574
14464
4041
2353
15400
4412
222
1169
8608
11817
10561
86
1699
611
3659
142
21112
10475
20592
7354
3299
11531
10030
13862
4177
18871
18222
8178
20602
3598
19928
10026
6325
15800
17146
21466
13045
14856
8815
104
4742
10113
14786
5531
8311
1271
21032
20258
20622
13209
19129
18724
1320
2561
16819
8666
17238
4969
20156
20633
21944
16717
15959
1708
14400
9225
16242
3329
20872
20643
2421
21408
4108
452
2581
13454
1593
4859
20652
18443
10836
17101
20656
19597
16453
5958
20660
16928
5918
9269
20035
15407
18130
14927
20668
14582
20670
9300
19264
6338
14546
4285
12984
16014
990
12789
17019
13063
18241
7408
246
21821
175
20687
14819
6261
21752
15691
649
16211
5420
8284
1208
9560
15369
15047
20700
703
12310
12409
9566
20705
13625
16121
3118
13828
2265
12683
4202
13652
868
19498
14011
679
20718
5451
13662
8250
19471
21959
17693
7531
5407
15010
6114
15123
14918
20731
13797
15230
10758
2979
9859
5634
18966
20739
18445
19647
13621
20743
13378
274
20746
5227
9494
2285
5135
4039
1079
20753
20342
10295
670
7655
7392
20759
14759
7597
16143
6950
3068
7350
1015
7773
8575
20769
17617
14976
18215
14783
5906
8936
7451
20777
20778
11350
12043
3865
16166
6708
12749
12021
19034
945
1846
11087
10664
3046
16600
4221
20794
16427
18434
17754
8730
1141
14874
2012
15243
977
14260
20805
13660
12131
20808
8593
20178
21306
5545
6792
15928
1175
12102
2203
20818
17769
2684
10049
7339
12479
20824
6545
17886
14085
8508
16981
2794
4000
20716
7325
15046
14683
20836
9060
11638
20839
7270
20841
784
4527
20844
14479
19142
21896
20003
1391
5599
7194
20852
16170
20854
5663
2540
6699
20858
13411
7392
9110
2357
420
4463
10634
2165
595
7011
17540
20128
20871
20872
640
2671
11107
2981
10416
4100
20230
20115
202
19512
20883
17570
9288
20886
6222
9237
8397
6686
20607
6979
4465
20894
20895
9646
11074
20898
3209
13875
4496
12009
16184
20904
20905
12398
20907
17183
17915
2830
15017
4222
14893
20914
20326
4598
20917
8466
3129
10274
10433
17416
18319
13708
20925
9668
20927
11040
9355
4813
20931
20932
12868
3681
15931
11148
20937
20427
20939
6237
14016
3289
20943
20944
10593
2974
21290
20948
427
7045
20951
15952
21826
17334
15981
19959
20957
78
8641
20960
19133
18701
6872
14498
15339
10221
2237
21083
20969
14232
8664
20926
10373
8123
7330
4445
16648
2120
16431
7394
1339
16116
11837
7765
1108
7132
19680
8219
18471
8702
19283
12111
4126
4601
20320
20996
15727
18553
10810
17246
5433
4377
21468
6103
20462
9585
1625
1525
14350
18709
17616
18834
16699
21026
10066
3994
12579
15403
4232
9077
614
182
12420
2484
13480
3940
8423
10040
19889
21263
6753
13240
12439
21034
6220
2462
21037
21038
8991
4084
20516
17168
16506
3572
20874
6655
15615
6542
21049
16008
13002
452
19587
346
3355
11286
8178
683
5687
11551
7087
21245
15084
17959
21255
19977
2556
20677
3663
17336
17852
7943
15663
9131
15490
19306
15388
2079
5703
16417
15605
21082
1879
19533
21085
2995
16109
3396
781
6816
17618
4874
18186
8995
16691
21096
8558
21098
13378
21100
13120
16650
12952
8879
12621
5844
18265
21108
16393
19756
4765
16751
18128
1525
10150
4817
8955
21118
3578
13094
5241
16128
15706
7401
1333
20169
6315
18973
21129
17263
3631
3402
2510
21360
11537
1688
13954
21138
21139
942
17646
20118
19544
8239
6474
21146
5693
10208
21149
6749
3789
4784
21153
21154
13359
13896
10949
21158
21409
16441
9799
9107
13060
13152
6813
2988
7004
5190
16407
703
4186
1778
15379
1166
21175
6302
21177
14011
5833
14633
12013
21182
21183
9160
3495
15995
19669
17642
21189
19853
19465
11690
21193
4811
16259
5862
9443
21235
21141
6071
15836
21202
21203
4656
13643
21673
5534
17545
16171
5448
10015
19817
21213
317
14075
13171
1742
12304
12008
21220
3929
9556
7127
1710
5923
18314
10387
5701
5405
21014
21231
10583
21233
14124
10638
12314
21237
9506
2930
1600
9441
7486
20774
21244
497
15994
5945
5322
11391
7670
12339
12128
8881
8029
21255
4180
1632
424
15090
4988
16701
557
14811
11467
4717
5758
13388
11300
7746
4011
21271
12223
21273
21286
2301
5470
14838
3722
17945
8390
3074
7261
18327
7322
16429
21286
2751
9602
16322
12329
14486
5691
13005
13135
17303
6659
6611
21911
8369
10144
9502
11488
13651
12315
21305
11092
10334
19709
5618
2492
16914
13285
5615
16512
2668
8310
2632
21318
21319
9865
19001
2030
11078
6645
4414
1435
9472
2789
14028
11361
8151
21332
12207
18995
235
21336
16513
21338
11246
21267
9751
1334
8888
15898
12244
5836
10299
9228
12892
21350
4829
14275
21353
1155
5575
4389
21357
10684
21359
21360
6424
5925
21363
7107
11029
10620
4899
21368
18659
892
15005
21372
10452
14139
16878
21717
7247
4437
17852
6766
2699
6504
7388
17308
4601
8216
475
10750
21389
9337
21391
4769
19484
10778
7043
12272
21933
18630
21399
2979
15827
2012
4880
21404
15950
18215
16147
21408
1828
21410
21411
9370
21413
4303
5682
339
21417
9386
8477
17767
4398
5642
10318
6645
21425
19724
15218
7555
21429
20087
19148
15649
18579
21434
15981
21106
1970
11183
4714
10291
19084
6820
13710
17108
16805
1680
18919
9812
20895
4077
21451
12361
18390
12803
9271
518
10929
21458
887
4227
7288
10210
1373
8296
16658
21466
11194
21468
2212
16233
15550
17446
17085
21474
12056
8307
8082
4414
19288
7881
19332
12798
16947
13192
21485
11832
2018
21488
12598
21490
10560
9423
6467
21169
21495
20397
12824
3752
6458
18651
7801
2001
76
1595
12603
7527
1815
1225
5620
6085
17936
2153
9610
17152
20085
21516
2903
3690
15497
11180
5447
13891
18804
9989
16500
2985
1507
21528
19613
6219
5485
19924
11335
21534
19612
3553
4591
13611
1091
20154
15103
14651
20044
7875
16692
13714
5863
21898
10642
21550
21551
21552
10759
14027
21555
13184
21557
585
8490
14458
10372
10976
21563
19997
15653
21144
16031
13807
21569
3890
20803
6259
6120
3858
10524
3033
18459
15610
10192
6312
8697
1921
6312
7490
1095
14048
13230
12986
21589
21590
13426
12127
310
16685
2136
1762
3227
6362
19671
21600
21601
21602
6990
21604
2691
372
17624
7101
21082
1546
12714
110
10704
5281
8505
3821
12259
16662
15041
18809
21621
21718
12819
9687
8347
13766
6403
9816
14219
6059
2906
4824
21633
21634
19619
8090
21637
10591
2881
21640
8793
18774
21643
13364
19397
9433
13285
21496
21649
8919
6171
21286
21653
14851
21655
7043
19436
5057
5244
1599
4158
21615
16873
1305
21665
3362
3770
14135
20637
12502
13351
21672
21673
7166
21675
18201
312
20598
19897
14493
7659
9592
9819
8182
1835
17132
17359
14975
2915
18519
21691
15980
9990
5983
6523
8780
7996
9253
18902
11417
21701
13918
13047
4231
17550
8246
20435
17223
3997
14876
21711
21712
11736
13444
20979
14795
16528
673
4279
2845
11418
16608
15189
2203
7087
18171
20190
21810
13429
7448
18366
21732
9189
6282
14491
15805
17422
16786
3690
9320
21431
13319
9237
1584
21745
21647
1300
21748
2608
2850
11266
1206
7878
19028
21755
9079
15723
768
21759
16648
5290
13748
21763
19725
7303
21766
19322
2349
12539
21770
13153
21772
21686
17097
4417
16595
15710
18038
1184
21780
18858
9555
11643
13711
21785
17381
18729
1159
5411
3637
3891
16253
8670
9990
21795
2834
21518
15434
10112
4066
21801
6038
18158
12878
9604
19409
14973
11453
4976
3587
3587
21812
13854
11375
21815
11911
4218
7455
21819
18520
15142
11844
21823
21824
15738
20047
15789
17311
12971
15825
14442
8308
10668
7015
11411
6191
3511
21838
16442
12603
6812
21842
16552
2532
17090
16906
20940
4795
20999
13039
9883
18442
2032
12482
21855
448
21976
20657
16589
11256
6204
6649
1679
19281
12687
6992
7951
21868
11234
11339
21420
8096
21873
3512
15034
7498
15606
8497
2005
16060
997
18124
17024
21884
17990
5052
17231
11397
6297
21890
2832
3813
15699
21500
10592
15945
19892
21898
9292
15571
5681
8774
21903
21904
4988
9323
16951
3898
792
4150
15189
7420
20330
21914
12333
15002
20730
8226
16301
8949
6386
4982
378
21924
2445
21926
18832
8116
15060
8015
2333
21932
3744
9784
472
11782
7202
8556
5490
1071
15955
7951
249
16605
14157
7062
4909
21948
16007
8461
21951
6791
4994
21954
3516
10932
3089
14519
13267
6449
8244
5946
16062
8273
226
13833
18635
8677
170
10545
21971
9507
21973
19562
21975
3676
15806
20798
13756
15373
21981
13714
7938
14660
7511
11149
21987
8770
21614
21990
21991
17405
21993
10094
2093
21938
21997
4124
21999
19679
20788
6478
8343
67
68
17408
8397
11734
756
19712
14699
4654
4128
17466
78
13411
80
19467
82
12896
21926
85
2444
12862
88
1082
5065
11706
92
17670
365
95
16452
13335
816
12194
19607
8013
8052
5586
10758
12362
13448
11697
17751
19069
16122
18704
10466
6508
10967
1959
15807
17208
21670
20848
8410
20742
122
11966
21763
14091
21206
8627
15731
5580
9296
12026
5050
20311
4781
1925
21590
3662
138
18586
20266
141
9034
10468
10994
505
17086
21800
148
149
14049
17030
14747
153
13948
3193
561
14576
3858
19910
5548
796
15658
10590
15512
10021
2443
167
11547
16987
18265
171
6963
13730
174
18807
12305
177
14556
6964
21144
21310
3361
17884
20549
14779
1219
13666
188
7771
2090
2904
19289
3320
3017
195
5860
2225
13765
199
200
3928
12468
21807
20775
4921
206
9390
9861
8708
210
8804
5575
1686
5020
3342
8827
14611
19165
9961
15276
221
2910
223
224
9750
10313
227
2750
19004
12077
20065
14079
4261
234
6691
19274
18867
238
17091
20352
12540
7077
15340
4947
11205
246
12481
6639
17866
4800
251
1262
253
15855
18035
11913
15027
21752
2594
260
12616
7804
5280
13799
15158
962
17520
15492
269
14857
10763
20292
6380
15230
19840
9329
16111
21794
17907
20295
281
9115
2544
5285
6049
286
15533
9458
21844
3541
14129
307
4756
9661
2089
296
2365
298
8875
20639
15856
6183
2129
5526
17608
9667
14083
17525
309
13039
5894
12713
313
314
15552
6752
19574
14802
17959
320
13370
18952
9655
2307
653
4383
11727
15985
7528
330
331
14243
8026
19683
20476
12618
3399
8913
7763
8438
11790
3171
12601
1584
16106
346
8304
17478
349
20869
11459
11659
3562
18873
217
356
20151
5442
18150
360
15145
3108
363
364
18409
5657
449
5880
16539
370
3163
855
19228
2050
16734
20959
2495
6255
5245
3808
18968
18501
13602
5542
16936
10134
14730
16882
17776
11214
12476
7267
13318
394
21240
1976
10068
398
399
15626
401
975
10740
1294
5047
19710
407
19379
11962
13473
103
18105
5161
7912
19777
6845
9285
9602
419
13563
5749
9802
10855
424
425
18363
1367
2745
10149
430
619
432
11813
16557
11052
12555
4653
5265
439
5458
11218
5320
15436
2663
445
446
21370
16888
11555
12450
8790
10507
19528
454
455
8709
19183
21205
19380
460
12552
16802
9482
8550
11658
6426
21643
12554
469
14337
471
4222
6177
520
21678
476
21962
478
6405
4787
6660
19543
483
5380
12310
17653
16877
5675
80
490
5236
19065
20574
20144
8102
18387
13804
498
6808
2422
17043
16920
12963
1618
8452
19918
507
13840
509
4572
16367
5601
21597
127
21151
20659
8103
14880
3759
12727
18853
522
17924
1399
19397
6366
2416
16653
8917
12727
2866
17234
1936
10123
15991
7635
18338
538
9328
14615
15966
15999
14856
17602
14644
9485
15315
8675
2423
9003
10513
16804
553
393
555
10184
557
10009
1574
13612
9318
17467
644
564
1720
4930
14635
7000
3769
19261
2503
8905
1901
21469
14456
11869
14340
4531
18398
20524
10114
19192
6362
1753
21786
18678
587
18056
13998
11116
13769
17398
302
11088
21394
18013
10459
21754
7297
4584
601
12292
16154
5758
3630
606
12554
608
14810
610
19930
16021
613
5797
11094
322
2826
618
10283
620
16854
622
1305
624
15639
3607
21779
14784
9361
12489
13434
3976
1134
11964
6688
7887
7678
1988
19324
8331
18002
642
643
644
5793
980
14323
16937
649
650
11443
16397
4849
654
20477
20313
11434
19162
19118
18626
661
662
663
13635
665
21727
5281
16965
14559
498
4823
10709
13285
8250
8473
10823
6627
2313
9154
4715
9378
1840
683
14083
685
6290
5143
8331
10788
13642
19792
2853
19735
14266
17428
10556
10524
15132
3409
11837
637
12107
722
3095
705
21236
707
801
9777
3415
17658
712
9419
11498
16364
9888
12432
7379
13170
720
721
722
18355
18402
9027
17508
265
6853
13488
6492
731
15708
10374
19280
18349
20491
645
1703
20633
10126
5861
301
3103
13299
17590
7600
747
10943
6136
750
20458
752
21101
4986
16994
7092
3329
2986
759
423
10439
4581
21218
3055
7830
3440
6949
768
8334
4567
19066
11408
773
18811
775
6377
6651
9700
17481
13881
15595
9012
13250
10157
8213
2918
94
3256
8327
20717
6857
792
18161
13885
795
9116
797
351
7516
16296
17456
802
18438
804
16740
9832
6306
808
8095
15820
19423
1024
911
21878
11279
21939
14708
773
819
21605
821
19135
2294
15294
14346
2837
10159
2368
13134
15918
231
15866
833
9207
835
836
11274
838
184
14894
11426
14426
11633
7591
12514
704
847
13978
5464
12504
197
852
19851
3503
465
15389
16971
7887
9470
11962
16424
862
863
19825
1920
16966
15724
2582
19851
10032
11958
8867
7933
7363
16543
2489
4051
8287
4490
880
19541
1809
1742
2135
151
16826
1582
888
14863
890
6257
892
12681
13327
12377
8668
12058
14154
899
900
901
20043
5812
904
3270
9013
2415
15374
17800
19733
21043
15695
16866
10633
915
4384
12758
20994
919
20821
21572
10011
1785
2161
2730
926
12085
3384
20691
14088
6013
1192
18388
20524
21908
12239
9965
15364
964
940
941
12232
943
8754
16925
21033
947
1016
949
20020
2898
12561
9064
8124
16594
11308
957
761
18289
5248
7795
20337
2928
21328
13283
16161
13678
7628
17293
12678
971
19458
869
974
10043
976
11676
12138
4539
19616
5525
12174
3747
570
9858
13426
14590
10622
989
7620
5633
15014
1830
13082
7242
21105
15432
19849
20050
12895
21348
21111
7958
1004
18034
21511
10827
11907
1009
17400
1979
16750
20163
13992
5699
7096
11563
14408
1019
20183
19332
12686
2374
12418
3228
5222
6118
4385
15007
19011
3729
21902
5258
6394
297
7197
514
15553
4742
593
19900
12821
21595
20612
1045
10399
14253
898
1907
10154
9587
4346
20885
9447
20023
1056
3906
1058
8224
21143
11332
16985
20717
18401
10497
17488
1067
1068
18469
10353
5426
1072
15790
1074
9689
15257
1077
17054
1079
1080
1691
3696
10128
1084
1379
7439
16274
7534
8880
20795
5072
1092
704
12774
9601
7570
1097
16422
14882
3202
21781
7292
1008
21740
21526
11038
6012
18039
11996
5449
21857
1112
1895
21828
20546
18566
15867
11240
3022
1120
5690
17123
12528
1124
1125
15764
1127
19526
9357
3508
20973
17373
17762
16974
6767
3280
7393
13821
21244
4653
1141
16217
8528
3342
19133
2623
18544
1148
1149
14217
20095
14489
1153
8908
16020
6743
1157
4179
10927
17451
17413
13670
6322
1164
6473
14002
2590
13487
9017
1170
3019
558
16212
5833
19294
1176
1177
1178
15234
4284
14354
2601
7934
16647
2822
3098
784
1188
15751
10693
6356
7677
1193
14358
21530
16393
14688
20420
9534
4100
20145
4459
13612
2061
21640
4508
10815
15967
5764
15828
4280
1212
7466
17065
4125
16907
12017
1218
9259
7340
21093
8530
15571
2999
15863
1226
4339
18144
4691
1230
193
2538
17442
7674
17926
271
9376
16418
15684
21777
21916
13151
14197
1244
19914
20966
1247
689
11849
12287
3273
21301
3977
1254
1255
209
5912
3480
16243
8069
1261
12840
11705
10304
1265
15865
2958
1268
17425
2570
16690
5428
6036
20139
3820
1276
9276
20079
2873
9195
6192
17514
19362
5566
4527
20999
1116
2363
1289
14471
11218
18945
16787
13802
1358
5096
1297
16350
1299
4220
1301
17318
239
1304
15460
1306
17551
1308
12120
21074
1060
4003
8113
3800
1315
1387
1317
14450
20247
776
3190
13680
21771
1324
5533
1326
10655
1328
3422
1330
13544
5059
1333
1334
5328
4071
8788
1338
9324
16546
1341
12687
1343
544
9291
887
14003
12636
16362
1350
20822
14134
1353
1775
4683
14251
4145
19999
18592
9451
13971
20163
11134
7607
21478
4076
5131
1368
6006
8459
546
1372
2248
11302
2577
17429
8594
215
15304
6671
15073
13015
6566
3006
18181
1386
5337
8380
2684
13539
11631
11549
18492
16532
21388
1193
11076
15491
19083
5813
21866
11789
1403
311
20380
12617
2319
19904
16867
1410
2537
390
1413
10303
1415
754
20897
16935
1419
18174
14765
18203
7294
1424
1425
1426
6763
10755
21104
15629
18957
19972
19891
13215
16569
14422
19769
12452
7984
17921
20665
1442
10663
4271
11063
12626
17894
7237
1449
9858
5517
1452
12667
9170
642
19954
18975
11267
9324
6732
1461
12294
1463
19567
21296
6213
7261
20492
16110
5362
2969
6965
6318
21897
7692
14234
20353
14523
8963
1480
15815
6381
19666
17448
1485
9893
386
13334
1489
21152
11957
1562
18775
6259
21361
18504
13413
15587
18981
3136
7217
8737
10260
5107
6173
17184
4586
1744
9800
5712
12411
12722
20813
16001
17516
14800
21252
5690
4220
17614
8161
1522
21054
11791
8356
19569
18985
20784
11273
9718
1531
21159
8031
3322
9859
13788
1537
6013
19956
11344
19102
12957
1543
5867
11280
1726
1547
1548
1549
13411
10425
14590
15049
3213
15957
11455
8801
631
6043
20739
16822
13834
12408
3271
14781
10587
1567
1568
1569
1532
12091
10391
1573
12060
2336
2010
1577
17430
15677
12211
9788
19374
1583
4779
20536
18558
20467
14728
5131
9606
10272
12526
18619
21989
7494
14671
20803
13824
1599
9262
20258
15290
1603
4261
14495
20012
1325
8100
10152
21509
1611
1612
6899
1614
10961
682
1617
3477
19669
20302
19844
20871
1623
8288
20667
9346
7589
19077
8141
5732
20474
18523
1633
7291
21544
995
20336
1638
1639
15258
1641
1642
11398
11291
1955
11276
15819
1648
7341
20287
18330
1652
314
2692
11878
1619
1657
14742
9017
2286
19301
224
11949
16528
7850
8567
18750
12009
484
3846
1671
11088
11578
18262
14383
11633
15641
14475
11287
4499
8439
1682
20713
11186
17939
21282
9895
3768
16686
376
4474
1692
1693
14024
8677
21984
9317
1698
17195
7140
3450
14180
16061
1704
4351
3471
1707
1708
20125
9146
5973
5346
1713
13240
7163
21784
1717
1718
1719
17877
1672
3191
18294
19614
5064
3459
4509
13031
18042
2477
1731
994
12336
17164
1735
19393
20968
19085
11267
6543
5812
2919
15126
1744
3720
1746
19184
1748
18618
1750
10430
4606
10696
15121
6590
9403
17423
1758
3939
19188
3160
715
11107
8051
6204
1766
8002
1768
17571
17873
1771
6221
13847
13370
1775
1636
20784
3348
16507
16056
18946
12643
18969
13746
11453
16402
12511
1199
1789
11250
4418
17660
4196
1794
6253
2692
1797
1107
1799
4055
17359
1802
10484
13442
13132
10075
17826
1808
18057
14239
1811
8225
18473
2399
17549
6652
8314
19637
13100
14030
14625
3985
3893
5609
3664
6610
4871
1097
20246
3187
17108
8363
18402
21385
1701
1836
1837
4081
5706
20990
1841
17971
6896
1844
8026
1846
6923
2497
18424
275
12446
7493
4308
1456
4685
12119
395
923
20925
8666
20097
1862
1188
10263
17442
19577
20826
1868
11041
18374
532
14156
8078
5913
1875
11187
1937
3057
20624
13364
3077
17815
12941
4459
14731
10604
7952
8960
6323
1890
6745
17661
5604
10528
19660
10176
1881
20301
9956
7626
1176
5742
8295
19723
1905
6747
1907
19302
13593
13366
12929
840
3184
18280
8297
15247
1917
8589
3193
13637
12281
1922
1923
10553
18501
849
20080
6116
1929
18955
11070
2506
1933
1934
3544
1936
1877
18667
12625
13975
6405
1942
2552
12045
527
10532
3298
20760
12624
8815
18946
3980
7104
1060
17321
20508
1957
9502
5209
1960
6778
20385
1963
4913
1965
21276
9351
18558
1969
4735
13196
17248
20836
11518
1975
8260
1977
1978
1979
6807
1084
14164
21223
6477
11941
15184
16006
18059
11365
14483
13430
13334
11503
8723
7097
5949
19341
13924
8149
3610
13879
2002
12611
9019
2005
9224
8769
17894
2009
5130
3509
13443
9625
2014
2015
3888
12559
6881
16311
6522
13945
2022
13178
13523
101
2026
4788
1400
15509
18460
12641
12010
6132
21586
6970
11502
9720
7445
8656
11264
9777
16465
13373
2567
1597
19942
20239
2048
8552
2050
8737
17911
16909
3426
2055
19011
6973
18001
3522
18743
14741
674
11430
17834
18813
20602
11259
14999
8044
15188
21419
3066
13942
16054
5668
16719
17699
1007
12186
14721
21585
5884
6476
2084
16857
6944
2813
2088
13906
1198
10785
1364
11737
15899
18131
2123
14406
11126
3326
2947
13268
2102
2103
9169
7861
20411
4394
1114
12207
2110
5331
3820
3835
16321
177
2116
3468
16261
21937
15643
13533
6921
4484
4481
12635
11091
20775
2128
6708
18521
2131
2132
2133
5980
2135
7591
13725
17700
123
3625
12704
9653
1490
19522
12126
4391
16775
6401
21484
685
9839
15804
5166
18965
20124
20482
2157
2158
13942
19063
9993
2162
12514
3479
16969
10847
6969
19897
11790
3204
13004
18843
2173
17203
13692
15609
10903
20819
2179
2180
4538
2182
13363
16823
2717
6210
1194
5650
812
16149
7192
5084
14020
16344
4747
16425
5001
1259
2763
14666
8925
10797
17818
12343
20708
4761
2207
9976
11830
13940
8337
10996
2213
9232
16508
9430
9137
14976
10052
13055
8507
9730
2223
19496
16368
7153
2227
13049
20348
20248
13779
12790
2233
19658
20483
20998
2861
17172
21042
5486
6250
5382
12154
13616
5206
15140
13667
16082
15393
16988
19769
12603
6416
16249
19102
2232
15994
18502
12013
21450
13003
8159
7585
11548
20710
2266
7891
4206
4956
2270
2308
2482
13331
11104
2275
7458
9904
12414
14439
18032
834
19495
2984
14051
5925
2959
15220
18807
11305
876
2291
5741
19443
9168
1606
11223
18606
3866
19543
17313
1709
20481
11344
6916
5280
13367
20718
2777
18230
19629
20507
2312
2313
3529
11915
1612
3125
15404
19537
18241
17930
1594
21926
13877
2922
20939
7733
15781
3075
18993
21679
20540
9027
5726
14768
15642
16191
17219
2339
2340
2348
17605
20899
14109
3503
12816
9557
2341
18352
10368
12805
17035
20364
17722
17488
6658
18673
18566
9366
1444
13562
8011
4838
3449
10332
7013
819
18341
12654
15405
19814
18954
1845
12965
9871
17530
13402
18619
11024
12606
15640
19213
18705
264
17249
20593
2387
10895
12304
13071
2391
2392
97
891
10635
1917
5006
9955
12261
18386
2401
10838
7545
2404
16439
5128
9287
21931
1126
2410
5723
372
11556
2414
8336
2416
16150
2418
15142
21986
18601
10133
15200
14886
2425
16136
2427
17077
15342
10948
8057
10910
20946
16607
8239
7762
7391
8551
9710
12896
8155
9693
591
19213
8023
11191
2447
5878
14691
20502
16758
778
2453
2454
18200
12737
11722
2458
7175
2903
1941
1514
5199
345
21692
15222
2467
2179
4157
11093
13809
2472
8373
14678
5267
443
13823
14442
21249
21806
2364
6729
2483
14835
10930
14077
9013
2488
10470
13146
18538
6931
13472
8262
1737
7905
6270
10897
2499
983
16853
8122
14000
3486
9633
8710
6703
19173
15737
17154
2511
14856
21003
19052
5075
6288
20652
6196
14730
16970
2521
7932
4958
19058
7382
102
5320
5054
8800
2530
2531
10763
17810
4278
3292
1460
4545
2538
2518
5584
2541
2542
2543
7833
9921
13028
17184
10688
13624
17997
17042
14869
2553
19717
2846
11095
3552
1394
10605
10998
672
14236
2593
8317
19027
2566
16933
1362
16550
19878
21529
16708
17188
8428
4038
2782
4872
2578
9265
6254
2581
7548
12103
5655
2585
10304
9174
12492
14420
8970
11753
3136
16874
14577
15858
19403
2597
20007
21925
9966
4219
8414
21548
6770
20080
12932
19471
9958
16270
11460
15564
2612
1328
8447
5237
4070
8785
16097
11632
7880
15961
19900
18273
2624
2625
11862
10903
20285
14161
13795
2239
2632
17068
8449
16498
2636
18843
18118
2239
19910
13515
2919
21878
2337
2645
1910
19913
2648
20203
7525
2651
2652
4126
15524
17650
2720
3304
9002
4390
1500
168
3942
2663
2664
18508
14694
10329
18263
6475
3761
14719
3237
15424
4801
4363
19604
19593
1287
20912
1511
15855
13073
201
15485
19822
5859
10062
9413
8268
20477
17048
14063
4421
5834
5397
6994
21182
19651
18228
18594
1103
18809
3676
2704
14993
6727
6269
13739
18923
1477
8298
20284
2713
21727
16408
14347
323
17935
20879
8005
315
11822
7146
929
21968
1224
12542
20166
2729
176
3417
2607
2733
15347
11208
3259
14478
12694
9803
8074
2741
14207
1814
12568
2802
2746
14192
13669
2749
6928
5941
4401
19678
15131
8168
3049
8515
20835
7776
1126
9775
1232
17478
13623
2765
19527
4165
10282
19347
19210
1667
12975
755
12575
2775
2776
21248
5560
17144
9832
384
16502
4189
2784
10887
13641
13379
20643
1118
10235
7109
2998
2793
2794
13556
21431
2797
9686
3305
16676
12924
6117
2803
474
20997
7901
11951
2808
2602
21393
12108
17087
12833
19107
2815
1134
2817
3940
2819
16524
20786
2822
13767
13896
2825
19677
2958
20736
2829
3991
3352
19674
175
21307
20878
20154
4008
21795
2839
11605
2841
7776
20213
2844
21582
731
20211
2848
14308
1605
13077
21794
21320
11636
7310
13153
1090
6302
4481
2860
2861
11012
8210
2864
8175
8755
7589
16382
12644
21902
6596
17929
18734
11248
3696
3477
3478
2878
2879
3046
18900
4103
14212
17821
15552
15581
3506
17274
2889
2177
19079
7613
21836
14522
1046
11612
6467
6837
9894
2900
20534
15351
16092
10137
380
13486
2907
19201
18033
5702
15018
3612
2913
14152
7836
2916
14653
17825
16102
1054
18527
9087
5155
2924
10050
2926
13742
2928
2929
7320
2699
10567
2055
2934
2935
2936
14368
17672
5011
2940
2941
17762
19351
20294
21681
17063
3002
12513
21035
5215
9561
2952
6719
4401
2955
16290
15307
11235
2959
18856
1163
2962
2963
6119
9770
6566
2967
2968
15410
21017
10997
15310
3359
2974
400
11423
2977
8788
10878
15087
2981
1641
2983
6085
1286
2986
18368
12907
16948
16147
2991
1505
963
13701
2995
21840
7278
17878
2999
12677
2597
8574
6844
2558
3005
8621
3007
5098
4548
821
21343
3714
17828
8045
11965
11773
14669
18202
14078
3020
3760
11056
17977
12685
1562
10551
837
3028
20535
7370
20800
16116
21576
13195
107
3036
20311
10179
18346
17993
3399
10337
19551
19769
17068
285
6294
15562
3677
8552
8098
5350
8343
3318
19383
16842
10913
12579
12382
16679
3061
9620
6082
3064
11448
3066
11273
16618
14959
10417
19466
2983
15680
3785
14191
6995
3077
3166
5479
16903
3320
20215
14394
16129
3085
11927
14150
2163
14844
17540
21156
3092
4727
8261
4480
9852
13394
19170
3806
16930
3328
15563
17174
442
3105
6899
3107
8064
3109
19473
529
16480
13182
5057
12142
7822
20782
7676
12172
17643
5231
19388
19689
9375
2859
20670
13203
6422
8187
5807
10890
6971
14765
21721
21992
1014
20099
6329
17193
12923
9821
18340
15759
13732
20148
9699
14281
1170
13619
14508
1536
21846
8922
8931
8151
12766
20189
11803
9750
17524
7254
3162
6855
7530
3165
3078
20758
21632
6997
14525
12200
10802
408
1816
13712
14382
15106
10251
7774
3180
16348
3182
3183
3743
7189
11413
3767
3188
14718
10751
2676
6393
9509
4397
3195
3196
3197
11492
19763
4705
12082
1703
3203
12256
19401
10312
16215
3529
19634
3210
15777
4820
20220
9995
3215
17344
8107
11590
1880
3220
21690
19852
18176
9557
7051
3226
17594
8261
8704
18481
16230
7775
925
13654
6243
20464
1310
11035
20418
11244
3241
6016
15234
14454
3245
10001
8562
3248
16454
1586
1138
5978
17376
9211
13963
20391
6147
16530
15651
9406
13309
3922
6457
2609
3265
15249
14766
3268
3269
20324
2699
9259
19940
4012
12693
1708
6163
3278
12007
6046
7074
2500
15539
11847
17124
13957
7156
3288
19936
19917
20499
8183
18123
21060
5249
3296
7599
17498
17480
8156
20409
18178
13955
18285
14029
8460
148
10290
12704
5358
15901
12969
11136
10118
14853
5994
3317
14638
17008
5735
3321
6413
3323
3324
5154
10792
15256
15431
16973
2794
1690
4322
18291
13644
3335
16706
7935
12294
3339
1526
8852
15750
11982
20506
18919
12144
21941
3348
3349
9529
20605
17005
5680
8265
3355
388
11030
11709
6308
3554
15181
15764
273
21270
4820
3366
3367
3368
7505
3370
20212
14321
3373
2297
5069
5488
4072
8381
18247
19813
5157
1533
12249
8208
6912
3386
1818
3388
21747
3390
6152
19004
10375
12839
14219
2522
9798
16960
5827
14366
3401
10041
3403
16307
19328
3406
10159
21915
19238
904
3411
13247
634
15553
14531
3416
3417
1129
3419
14976
5063
21721
20594
4503
3425
3426
21880
3009
18367
7547
20829
1514
637
5527
10178
1988
12125
8011
3439
232
15243
17543
10925
13040
14803
83
21415
1319
10179
3524
3363
10047
7688
13642
1824
13027
13571
9902
3459
21729
6378
5533
369
5537
20251
7897
15175
11097
4419
11823
3471
12161
19032
16834
3475
2208
8798
7925
3561
2276
2249
16927
3483
5144
18630
16844
3487
2274
19595
21613
14990
14429
3493
21398
13360
6521
11940
13581
8562
16996
4144
20443
2350
20003
4291
3506
9226
3508
1648
10850
11949
20346
14010
18381
7260
8930
16362
1579
13323
11273
17132
11948
9391
14725
3525
18497
10275
3719
2851
14016
7224
6894
3533
14984
3535
21481
3537
18635
10327
9332
16770
6987
337
2180
20119
20144
3547
9733
12129
20488
3551
3552
3519
3554
151
3556
9632
15279
3955
3560
3017
19513
11383
1664
11786
15846
781
18493
8553
369
19163
3572
3573
19317
14913
455
15725
21119
16797
15876
8126
3835
11472
17887
8662
3586
3587
3588
3589
3590
1193
3592
305
14200
11212
3596
18330
3598
16028
16317
6262
3602
6081
3604
17226
2681
14330
10040
12095
19376
18787
3612
18226
11438
6303
3616
11126
15717
7549
19245
3621
3622
9255
3624
18630
11230
12036
21950
3629
4468
12288
11132
16476
20551
18335
12787
3637
17010
11993
6538
19023
7699
15573
11541
1335
14965
17779
3648
15006
19935
12826
3943
2517
516
14260
5685
12802
11133
3982
16279
3661
6536
20814
7382
11440
5606
6698
6397
479
3670
3671
8430
7457
20058
20332
3676
20497
7212
15365
21071
3681
20959
2565
3684
3685
3686
3687
19093
21516
13554
3475
3692
3693
3694
11842
21387
3594
3471
3699
3700
3436
886
10923
8002
4199
1858
8784
3708
2945
21441
678
8885
2636
21221
9863
1729
21051
3718
2604
17890
3721
4674
9252
10496
2956
199
17379
9373
1031
21595
18790
194
11876
3734
16868
714
3737
14781
967
6846
7353
11169
204
14411
5197
13032
3747
3748
17716
1389
9456
10739
18291
13862
3616
17492
17627
3758
21591
3611
15697
3762
3763
20033
21617
10436
172
7112
15388
7360
14207
21294
21545
5700
3775
9130
8762
358
2995
15063
3781
2749
18536
2509
3785
2608
13685
19787
15556
13598
4250
11407
15723
18358
3795
15373
13670
17220
3799
12838
19049
3834
8420
8137
3805
4555
2482
3808
13457
14877
11542
15998
13547
11313
8818
16586
285
10647
3819
20157
13565
3822
19389
3824
13252
15226
3275
20144
10405
3830
5638
10122
13926
4935
11054
181
3837
11670
8813
17252
4453
9968
17976
3844
11786
3875
5243
9203
3293
7135
8537
20686
11184
16785
3855
6500
1337
15163
3859
12442
16829
19943
17876
17375
20781
14778
10578
5726
3869
7841
1048
14725
1916
1283
3563
2971
11785
7423
12230
11450
3672
2926
876
3884
17702
3622
3887
3888
16396
21946
3891
20428
6330
1181
9386
5896
19577
5796
11266
15273
3901
5976
17470
17599
11559
10639
2375
21487
9006
3910
20035
10800
3913
14542
6724
5544
16266
706
3400
3894
3921
7553
17214
9351
3925
12619
18622
11564
20605
20478
510
13689
5032
15057
17917
19021
795
3004
16700
3401
18382
13333
2366
9168
8791
3946
2207
1687
19400
1759
5750
4811
7333
10671
17694
21954
2264
15829
14215
18334
2744
19867
15652
19350
3965
21161
3967
5385
13368
2304
534
11273
1581
17976
19983
7669
13403
3978
8153
1952
1767
19884
16947
16255
1249
15288
13747
3268
10776
3990
12916
3992
3993
1012
3523
17529
1203
20467
10063
15271
19802
12311
12217
16743
1996
9370
4423
5500
7181
8404
2599
3881
1351
10742
16591
4016
14654
4018
2330
10643
15739
19554
4023
2275
7349
5007
7901
8625
4029
13510
2384
7158
11151
12261
12530
12032
4037
14807
5989
612
14749
9123
6638
1045
2626
13173
9809
805
16933
18149
17095
19820
17024
8165
105
21154
19374
19604
21212
4060
9842
21242
19130
16005
15380
4066
4067
17913
4515
12041
1930
5861
11996
10682
4837
4537
11607
4585
21173
4080
3056
17599
20453
18923
19802
2706
6552
18307
16376
4042
5421
20825
2015
13791
1173
5852
1438
5239
20835
17637
20950
4246
13676
15095
4159
15390
2128
17535
18173
1447
7485
4112
9153
4114
402
5922
3218
1273
20613
12506
20973
3781
8121
5981
3811
6100
3421
14185
5841
15080
13313
4132
10956
7864
10225
1366
19547
8717
14304
19064
1663
4142
4647
15461
13754
7898
19453
20818
10115
3381
16585
11617
9166
10782
4155
12937
19130
8555
5697
13983
8294
10830
4394
7729
3888
4166
1555
12450
7957
4640
4171
4172
3808
15580
14440
4176
897
4861
10841
4180
18654
3455
6130
18686
15149
18200
15705
21920
5554
1183
2096
12650
11579
4194
18104
8613
16174
9275
4199
19413
16850
21885
19656
11216
13677
13081
7691
4208
13062
10236
6307
2647
225
16843
4215
7554
9094
8224
7329
20494
13216
13894
4223
9575
8001
10812
20433
14401
3786
2107
13069
780
21707
13464
4235
4950
11967
6054
8344
14208
4774
6448
5921
6624
10617
1246
4627
14255
7053
16898
17458
4252
9593
4254
4931
21907
11489
19604
20365
3485
14426
20395
16739
4264
19000
21213
11439
19116
9357
4419
3090
9234
14381
548
4877
15644
16826
10422
17324
7779
4785
10107
11228
9967
18129
5435
12507
8303
21768
7795
11790
1826
7571
9142
18940
4296
8185
18492
12364
18674
20815
20106
6585
4304
8322
15021
4307
321
9199
11168
4311
5097
6634
21313
5076
13115
19841
6275
1252
10477
4321
7795
21442
10830
15124
7007
12206
16898
468
13895
4331
17248
17554
19960
18377
4336
4337
8993
4389
13511
6188
19766
4343
4344
14326
9547
17538
14939
9348
15938
2104
20956
15423
18652
4355
11826
3848
4358
15331
15126
20533
20131
20542
4364
7378
15491
7516
18273
10438
21571
5097
15608
12514
11860
4375
11760
1436
11328
14618
7725
21808
4382
4366
15871
4385
4386
4387
7511
14155
20789
16023
4392
19716
8826
5237
5601
13887
14120
4399
4400
4401
9171
13492
15016
12989
4406
138
11125
21933
7895
19860
17014
4413
1192
140
17805
14827
3860
4419
4420
2163
14402
126
18106
2709
9832
20044
13865
3600
21716
14382
1963
4488
8096
16130
17253
4437
6703
21396
17353
15873
17209
18049
15850
5714
4446
14648
14816
7470
18957
18849
8566
9768
12926
16550
2177
18084
4458
20218
18726
5223
8097
810
1773
3991
4466
1343
10354
7060
21653
20681
10777
21448
12594
4475
4476
4477
17275
14056
7581
11962
20860
2657
4484
1058
4486
2094
12158
8357
9545
21582
4829
19366
14928
4495
4144
6883
14257
2429
21281
17109
7495
4503
4504
8608
18571
11263
17622
17115
16133
5085
4512
4513
10765
9753
9890
4517
2167
4519
736
4521
18323
5273
16826
3151
5746
4527
16378
17308
1493
20839
8115
4533
11334
2953
4536
19900
4538
4539
14571
21686
18271
5187
18390
17549
4546
4547
10118
4549
5109
14496
16270
13875
7493
1290
15402
4557
10980
4559
4087
10318
4562
5659
10326
15243
8078
20811
6913
3534
4570
4571
1481
4573
14168
885
9979
13491
20885
16436
9698
4581
789
11358
4584
21711
4218
1695
4588
4589
19554
13362
12323
4593
19652
5634
16550
4597
17875
4599
3427
8299
8247
4603
14062
21338
8517
15445
5103
13184
7043
4611
5653
18465
6924
4615
4616
5123
4618
12370
17560
12629
11401
1821
15926
8046
5411
14460
5460
7840
11671
4631
21539
16987
7444
2172
20515
4593
1593
15422
5499
18117
15944
4643
10263
4645
11535
5014
3937
4649
17074
3196
4288
11905
19887
3852
2873
13070
4658
4575
6929
6227
15191
4137
21599
3001
6611
562
4668
15751
8413
9985
7027
20923
19536
2494
12089
5974
11295
3682
4680
18312
10962
4683
4684
10554
4686
20760
17850
10604
7616
4691
987
12820
9906
8158
20212
5889
3483
1219
19548
4701
4695
15920
4704
9611
18343
20977
16895
14899
14114
20411
4712
4713
20953
18290
2829
21648
12668
18567
6551
15868
19727
19602
1825
1920
5034
6327
11801
4729
16187
11907
4732
20418
4734
4824
5042
10262
19835
9209
6569
11360
13667
11991
7300
18637
13262
12473
17667
12518
12651
13978
6959
13924
4754
13367
18189
16900
9181
7921
8281
8557
18964
14886
10036
4765
9214
18874
15177
14855
4770
16099
4772
3334
820
2858
11061
13688
2998
17997
200
6566
1141
4783
15440
15163
4786
12739
14452
7077
9685
4624
4792
6701
4794
21848
4796
3335
6272
4410
11887
3190
21915
4904
6475
4805
4806
4807
12893
12808
4810
12846
11878
4813
3353
4815
11138
17108
4818
10388
15882
4821
12151
11856
13649
4825
11703
4827
3203
8337
17655
10323
16106
9308
6811
17319
1059
4837
1288
4839
7479
4841
4842
11522
17889
8303
2252
19409
17978
4172
2112
20990
510
11731
19598
4855
13970
19532
4858
10808
4860
1926
9997
11064
14251
9164
14860
7890
18160
15760
8966
11026
375
20368
4874
17096
4876
4877
4878
18139
19551
1459
4882
5137
1010
4885
19275
21809
12995
3519
16722
13510
4892
2514
4894
4895
6265
18393
11233
4899
19283
7773
4902
13536
4803
13435
4906
13722
7545
21480
17486
10336
4912
4913
19871
4915
5240
4917
4918
6481
20415
17464
4760
2904
21668
19491
20122
1912
4557
11077
7689
2090
12244
8009
2144
4130
11152
4333
3325
4939
4216
194
21277
16378
5975
10673
6375
4947
3283
4949
4950
5647
5791
7089
15111
17948
4956
8544
13027
6141
6604
19950
20899
829
15552
12634
20429
14148
4968
21299
11855
1503
4185
142
9457
19389
5311
1180
4978
15381
12125
4981
4848
20873
4984
4773
1732
3631
21847
16567
18895
656
16435
6307
7432
1839
13188
13884
202
2243
14799
5001
21224
19967
11683
5005
5006
13190
17559
10443
19943
13626
8678
15201
9861
4198
8644
1066
14682
5019
15186
5021
5022
18947
2551
17181
5026
5027
7383
4709
2068
5031
5106
3104
7808
18646
20161
5037
790
20337
9964
962
5128
5043
14398
6104
5046
6367
3896
4269
10084
9785
7551
19731
3769
5715
4803
20312
10028
18920
2743
5061
5062
12532
2419
11028
12518
19459
10485
15516
13320
7680
5341
7441
5074
7364
16754
15935
16356
18203
2900
3295
9597
12328
7988
18701
4164
14898
17643
20502
6986
17844
16538
3538
5094
19350
1296
11410
5052
12443
3277
14671
5102
982
5104
16640
16180
5023
12122
20562
10873
13395
13979
7316
18595
6231
21228
12708
505
11505
378
5121
790
13573
15633
21512
9363
15824
11518
6546
20674
3076
1102
18031
17188
5135
5136
21742
4850
8067
4052
5141
17463
2974
15162
14166
12468
10363
15615
14968
5150
16663
5152
5153
5649
5155
11792
20510
7688
20878
21876
3488
2842
5163
18908
15453
12411
9426
19765
7600
11212
5171
500
4028
8409
15128
5176
15957
5178
5179
19213
12410
1862
19342
15426
18667
11286
16192
15803
4316
3513
5191
5192
20207
19105
5823
19656
4597
983
4954
15542
1452
2047
8540
9305
12247
13382
3216
16313
10380
17469
19784
12552
8136
17362
11089
5455
20576
6533
18341
10148
8640
1923
5223
13803
4673
21884
6294
4175
5229
5230
5231
19732
5233
6332
1259
16595
16530
5238
8969
18667
9412
19327
12605
7246
4771
15596
8486
11497
20432
5250
16157
8060
9244
5254
5255
5256
9272
17834
11919
5260
2491
4008
6478
9572
21382
10376
17134
10126
19022
5487
5271
14414
987
4523
6017
19510
18632
2079
13112
4689
4862
8554
21680
3131
8093
17508
8639
14263
7812
9397
5291
19435
2536
1345
3182
4718
5297
6559
18822
4051
19471
21030
5303
14008
6524
13806
16659
16073
5304
2513
11305
2656
6388
13965
13054
8294
17131
5318
18246
1972
17125
12761
7486
5324
15592
16897
6927
5328
7705
6334
20036
5332
1914
7295
1687
18345
13753
19419
5339
8613
5341
5342
4233
5344
2982
10905
18699
18522
5349
2894
5351
5267
1478
6218
6162
1103
16513
3311
5359
877
5361
7653
18785
16920
10216
14988
18062
5368
5224
1267
5371
4106
1458
5374
10463
4233
18782
5378
401
14723
5381
12986
16553
17541
5385
9797
10350
13053
3003
19504
5391
17338
5393
13969
13175
5396
21271
3877
5587
19703
9702
12884
1836
17686
8191
12591
13352
2361
21734
20843
3535
6089
14664
18975
15238
8932
519
5418
16588
5420
4995
18894
3183
11190
951
7180
14076
13138
14016
5151
12920
11508
9353
5434
19947
4244
5437
12639
21258
13416
11601
19276
15591
5444
9205
12183
1468
1987
15145
5450
5451
20354
19011
2406
12438
16525
20493
4191
19948
15210
12167
5462
5463
1958
18201
5466
15579
5468
13767
181
5635
5472
11609
5474
14289
21241
9690
6746
20315
4179
12375
4840
5483
14163
6043
14374
6902
5912
16985
6308
7546
15161
13811
481
122
8463
3953
12145
17173
5500
20133
21317
16784
16378
7954
2312
3933
5508
5827
12830
16399
15674
18041
20237
534
2892
13544
8522
7334
15439
5521
10497
5523
433
6163
6110
17418
5528
163
5530
18542
20349
3079
19490
15067
5536
4640
5538
15929
2814
5913
19739
2678
20202
9551
16681
13073
4725
6398
20684
18765
5505
2968
18885
8353
5556
17419
11937
15229
18545
14503
3413
13823
19657
5565
13974
7689
19292
18227
5570
18716
13057
2300
19356
132
5576
5610
984
15730
11877
3986
14642
8749
15900
20032
12574
6486
7966
16724
16549
3548
17216
11437
15580
3569
5596
5597
5598
21808
13978
18152
12335
6675
10135
5605
413
2471
5608
5343
7971
6420
7410
4487
12612
14446
5915
1276
18631
9493
5620
5621
5622
13827
18251
5625
7878
10595
14258
5629
16679
21218
10054
20574
18655
5635
17369
14419
10849
14974
5640
1106
11018
12291
11875
7489
5892
20676
2280
15453
4581
10258
9052
7366
1107
3462
7580
17575
8519
8635
15456
3445
11651
2096
4780
15216
13376
2348
12837
7717
5815
14163
4338
15787
4429
13050
13920
18621
2783
8517
5680
19969
8929
20682
18836
5685
15918
10588
18707
5689
13076
21292
17267
6934
7388
21456
5696
5519
330
5699
5700
4950
6993
5703
16176
11043
16650
894
5708
6503
5710
18851
11155
771
5714
16714
15450
11310
5718
404
5720
15263
12192
17181
14866
5725
15667
11602
10468
5729
5110
5072
8708
16527
2800
4382
5736
9728
780
5739
18800
6200
7190
9953
1791
3539
14209
5747
18458
99
5019
19590
14430
10201
16851
4372
5828
20885
5758
2475
1818
5761
14266
4299
11666
192
5766
6135
5768
2913
2557
21703
21040
9615
12951
2407
6613
11460
9641
601
15234
15920
9440
13072
5784
18416
9742
5787
12524
6348
21464
5791
5792
13450
305
5795
15953
20479
5798
11252
16598
14472
9093
12845
18244
5805
17615
2778
16522
1967
19334
5811
11834
5813
8990
18929
10254
19246
5818
7904
6724
10860
2622
15190
14945
6479
1518
5682
11632
5829
7440
11502
5832
5833
12848
5835
9977
5837
3180
2773
509
14461
5842
2428
9247
6200
5846
18885
16036
15298
9395
6961
5852
13324
4607
3902
21944
11816
20013
5859
1537
12631
7500
20630
9531
7187
2780
21023
17500
9087
10031
17152
9500
21207
10669
5875
5995
5877
21065
17279
17344
8185
8475
15908
12266
5885
3731
13937
4971
8763
11895
10344
13196
9714
13222
21262
13410
12939
21374
16494
6159
4920
14316
12173
4267
5905
15766
5907
6219
10684
16555
12679
5488
16791
5914
5915
7381
8827
11314
20514
2494
5970
7052
19937
13226
7916
7270
5927
6634
5929
10624
5931
2459
17585
13204
21208
20925
14552
21010
5939
13351
18685
2333
15788
7931
144
20901
2866
10988
11928
3343
19760
17365
2805
5667
15081
5956
3027
1890
9589
5367
14107
9856
14843
13675
826
1275
6784
18244
4889
5970
19562
7492
12231
16297
8817
17004
5977
18315
5979
21218
4124
325
20344
11355
3955
16755
4839
8766
9541
18787
8853
5992
5808
12338
21344
5996
4015
5998
12065
8417
21354
2141
6003
15499
7250
10745
6007
14474
6009
6010
6011
21107
2759
6014
2932
21823
13840
1478
717
6020
15419
12940
5451
6024
10474
6026
6027
10694
20720
6030
18975
11703
9461
6034
6035
14831
6037
12087
10328
972
13768
6042
13983
4741
21575
2931
17899
16801
6249
6050
15473
6052
3258
15897
6055
6056
12162
13301
17431
6060
17214
1529
11968
524
14448
20613
6067
16101
17119
18061
2261
716
12144
4975
6568
14590
17929
2689
11451
2028
16535
2223
21597
6084
10469
14796
20280
7998
961
6090
6091
16455
18240
13332
18241
14245
2731
6098
9924
6100
9080
6102
6103
11616
6330
3250
10289
6108
20870
11840
6111
18541
6113
13820
12889
734
592
6118
8396
9095
3794
6122
18514
12467
15647
20710
21217
13421
8867
4183
4686
3711
11640
1646
5767
10680
429
12168
10639
8203
629
1899
17483
10693
20899
5008
15238
17076
16279
17121
6151
834
6153
19691
10829
5339
14233
20634
16048
2914
19630
6162
6671
17176
17341
6166
17200
13164
11679
20957
12191
5612
20281
9023
7650
18469
15300
13769
4236
11428
6181
8224
7294
12946
9373
6186
12070
4658
9729
5894
16434
17734
10338
16769
9899
11480
13795
15625
12763
19612
19895
6164
17291
18079
6205
16501
6207
18191
6209
856
6978
6212
14158
5735
21041
1741
8637
6218
15561
6220
6221
6222
6223
12251
18230
20431
6227
4707
2961
14265
164
3250
6233
2994
3353
6236
1439
6238
8763
21092
21430
8897
15488
6244
9261
11171
16703
15925
6249
6426
8795
14870
697
6254
3722
6256
8028
10110
20186
6260
17689
21975
3271
6264
10673
11449
14973
17657
20147
3948
8277
15024
7701
2061
10007
931
8874
17396
7002
6280
6179
5457
5399
3802
17015
14687
12264
856
6128
11042
7793
5438
2870
6294
7637
14670
17208
4358
7321
863
12645
8048
11663
16805
2205
3839
15053
7186
7252
11521
1346
5776
17011
7123
21033
14343
1280
5379
1844
2715
2733
20830
6323
6960
17795
5213
4727
6328
18068
11868
6331
8243
4531
16671
6031
297
15922
6338
6938
6651
9965
6342
11968
6344
10362
11324
5303
17207
6349
6350
13862
6352
16925
12734
15566
1191
5182
3797
20068
7043
14690
19988
13197
21365
8617
13524
6367
13286
18878
6370
5638
1431
3988
6374
6856
4113
13481
3234
7739
16501
6381
3409
6348
6384
1883
7918
5293
18109
168
362
6391
152
18661
16737
20495
3385
498
5084
18756
6893
7117
723
6223
9945
10582
6406
9096
11013
5332
5780
7454
15708
20705
6092
6415
21012
2098
17981
6419
11186
3889
17012
2517
19819
9235
6963
20008
19458
20222
19765
6769
12698
10658
1401
11415
6436
18632
10479
18942
7256
11352
4277
7134
6444
5622
16796
11750
16420
15502
873
8583
5401
6314
19736
12976
6456
10117
12920
6459
6035
6461
21283
17254
16704
10381
12759
6467
16731
3400
21477
20702
6472
15000
16111
2280
20658
21041
8760
13156
1938
19966
20146
16817
1280
16526
17012
6487
16958
6489
9752
1450
20247
6493
13607
21830
10771
6290
6498
6499
1218
7679
2167
12049
19644
7174
16731
10754
21006
17470
16837
15057
8269
6513
5560
6589
1109
13724
6518
11185
12681
9724
5960
7669
5517
14838
6526
3934
16983
6529
7713
16043
11826
10519
6534
19863
6536
7452
19910
15661
15235
415
11112
17513
15972
20185
17367
16959
3544
6549
17455
6551
6552
9104
14101
10327
8425
12028
18282
6559
9153
8126
7797
6563
14308
6565
8625
15322
7614
17317
14590
5034
18176
21328
11705
6064
9636
9511
6578
905
530
12242
299
15238
8446
2704
3558
2542
1322
20225
21423
1929
6592
20690
17820
6595
16847
16809
18727
1342
6726
924
7592
13868
10218
6605
14182
20382
6608
8932
1931
20401
18139
13526
16251
14445
15111
14594
10088
10240
8791
6621
6622
16761
20960
17646
21316
65
7707
6629
21572
17830
5600
6633
8521
9639
5433
3643
12453
18467
5851
3327
17900
14344
18165
6645
2938
6647
6648
6649
1235
3347
6652
6653
6654
2369
6940
6657
11923
21198
11550
17049
8002
6663
11013
5550
3790
14377
10676
11824
6670
11394
18116
9601
4711
3376
5393
6677
2874
5357
21203
10778
1872
6630
14879
6097
4627
10178
717
15640
6690
3420
16315
21423
2844
6695
1251
6697
1956
6699
6700
1757
1045
7767
11452
4325
1854
18358
1884
6709
3793
17479
21992
4575
2922
6715
20160
952
18744
13175
13764
2130
14989
729
17706
6725
5976
510
11272
13290
12587
3071
2248
9712
19965
4777
17417
6737
19835
10122
14774
16301
1378
21241
18328
6745
10429
19768
8348
8010
670
12498
4739
18404
12275
6755
6756
7932
15662
14097
11116
2316
10652
10248
18641
13984
21325
2257
6768
16370
2834
8618
20039
10272
11166
21599
3104
17554
18335
9435
14272
3620
2621
6783
7789
10851
6786
16358
6788
6789
17453
7344
11193
10844
4851
3688
6796
7579
13567
8439
11782
155
9362
9970
3893
6805
6806
21963
5873
9405
9704
12298
12231
20571
13827
11189
10073
776
7858
12508
10862
11861
13807
6823
20253
1334
3841
9782
6828
18297
3109
2689
1653
11342
1203
15378
1919
9559
19989
19349
611
17417
6842
17696
14854
7302
368
8750
6414
7456
17741
20402
20370
21042
8766
6855
17096
4801
15020
8861
21701
4136
17061
1243
8075
4621
7035
1889
5503
20720
10095
6871
17492
15787
15701
6875
3275
9363
18299
8919
20934
6881
6882
3285
17609
3582
5008
15984
20991
20809
6890
13933
20200
6893
1405
9848
7019
13295
767
7093
9023
19044
21728
6903
1157
20913
383
12237
16840
11521
5375
12594
5834
1763
12729
10679
20300
6917
1070
6919
6920
6921
9912
6923
6924
7488
2631
17987
1774
10129
20671
12381
11007
16047
4748
4103
7632
6937
16024
15385
15181
21434
7153
10379
18485
11090
3673
8441
13208
19530
6950
6951
7504
20438
6848
6955
309
16080
4112
2951
4392
5820
6003
6963
21584
10054
9114
6967
13934
17988
6970
11151
6972
15555
9985
12909
6976
6977
6321
11343
6688
9750
11529
17789
6984
4378
8789
6987
6888
6989
16697
6991
4914
20980
11434
9667
6996
7911
8513
4494
10644
21265
19442
13201
14089
11142
8058
7007
7008
7009
7010
9840
17641
8184
7070
19598
17446
5078
4816
7019
7085
19605
7022
18662
7024
17845
19816
10416
4557
12977
656
7031
15649
17575
9310
4193
7036
7037
13919
1944
11885
1718
1334
12146
989
919
6606
13295
455
3196
16327
7051
7052
7053
3462
13176
9729
9023
1070
1982
6554
17472
19289
16751
10719
6443
7293
20272
14849
16361
20287
5090
18787
20165
3296
7075
7076
10946
2551
7079
17176
9273
1223
17224
18154
1002
20473
1927
17312
9241
18368
7091
6524
707
18762
10541
7850
12346
3251
11433
1201
9103
4062
7103
7104
6423
14173
7107
7108
20336
17072
13855
14144
14061
13541
19348
7116
17932
7681
7119
14425
14471
18621
17320
16232
21247
9552
359
17366
16882
12282
2361
13495
2589
6897
2491
7136
7137
15225
20724
10397
4530
11332
7143
13262
8493
11485
7147
3574
7149
7150
16603
4553
10599
17645
10771
8520
7157
20341
7159
7662
9577
3169
15744
1170
18099
18224
21432
8402
7169
19368
10540
289
3392
16030
424
3924
3928
15371
17427
16328
12694
9329
11956
2793
10872
13091
9770
5246
21649
10128
7119
6293
17400
7687
19309
6320
17192
7198
20023
4509
94
2894
4830
7204
17977
10182
16767
11280
15032
8716
7491
8928
17992
10933
6281
19114
10312
4800
10927
19760
18480
18910
18299
4453
4008
10316
1887
16417
1696
7230
16028
11370
7233
11300
4234
3398
21446
19204
8806
17934
20124
16493
7243
1505
15640
21710
8801
2682
10616
2549
19797
14627
7253
21081
16799
6256
1026
6593
7259
1339
20574
9303
5202
16110
1177
20573
7267
702
7269
7270
6191
18030
20996
11913
19905
11239
5996
21429
7279
19539
2768
4961
4302
7284
14160
17048
11768
7345
16768
19601
7291
2127
12420
7294
7295
6811
13693
7298
11781
5984
19443
355
20160
4225
7305
15517
15778
7308
13509
20891
7311
9933
20219
21135
11148
10445
13084
7318
7319
7489
19699
16329
15603
16447
7938
17511
13882
13655
18952
12872
21232
9744
21436
14686
7335
13567
14245
9298
7339
1286
16907
9193
1412
5307
7345
12255
21669
5263
13380
5230
2043
2220
7353
20356
7355
7356
8693
7358
5738
14381
5143
7362
13836
13353
7365
7366
20529
397
5810
20992
21518
13436
7373
9195
7375
7376
15044
21912
5436
14154
7381
11483
16804
17798
8922
7386
15498
4697
427
7390
10130
21054
19138
6674
15983
7396
758
14780
9645
8367
18456
14214
9151
4637
12346
17792
19270
7408
7409
2403
4746
15901
15514
12807
10934
3580
8034
16465
12301
18446
2764
14065
7326
15992
7425
13023
7427
5551
7429
7430
8143
5984
14964
2500
13016
21503
11577
6610
19569
7440
15244
7442
18326
5236
7445
11337
7447
14739
5286
10011
4258
4713
7453
2062
9163
14084
8114
5658
19058
7460
10992
7812
2652
10569
2953
9907
6977
8543
10904
7470
10688
9881
10966
3092
20007
5290
18275
382
7006
7060
19871
7085
16115
364
7485
7486
5632
13425
1995
11483
20025
5802
16620
12114
20361
8771
18608
18044
5884
9040
1751
9330
18615
2669
7150
17755
21882
239
4374
7510
415
3658
15689
389
7515
2611
3078
3651
17901
6907
6092
7522
14198
19333
11198
373
5943
17525
18261
10994
7110
7532
1764
8360
9892
12471
10601
19925
7914
11168
19442
4275
12975
3368
6968
7546
17536
9143
13358
19557
7551
13465
6283
8446
15743
12942
15307
11830
7644
6081
21016
7562
4547
19265
18773
12928
10931
2799
14618
8689
5293
7572
4536
15398
18700
9175
21036
21246
15968
10982
7581
12697
3704
3944
15945
12898
9348
906
573
19329
4044
9887
629
13726
10732
1614
11343
8556
12862
7600
18163
18498
19927
20083
18017
7475
9210
10572
14159
9935
19870
9056
13315
10578
9224
17798
20882
11911
3022
4427
3255
21311
5232
21118
12482
6975
11332
5095
3584
21215
149
7632
6586
9698
15526
5629
5454
9365
7639
7289
7641
19925
14482
14093
16165
21334
10867
14814
11261
18525
10783
21931
3808
17592
13413
7656
11597
13163
7659
7660
11255
7662
2775
1422
890
16067
7667
8084
7669
7670
10632
19477
19555
7674
7675
21182
5101
1908
4938
19549
1028
17949
7683
20764
19691
4921
20851
21795
7689
4093
18082
2763
6934
8919
16685
11270
21707
7698
7322
3821
20980
1537
21972
1814
15034
7706
6594
7708
6932
7710
655
7712
15522
3002
19295
14883
15614
14815
12667
18044
3601
14142
7723
17707
7725
10545
18613
7728
7729
7730
7481
14175
17998
16873
11101
7694
15732
15666
15771
17979
7741
1621
8394
13498
3445
15895
5196
21713
17931
10732
9825
11830
9941
15762
229
3541
20135
14199
16473
21966
3478
10657
3541
9177
5744
3301
9782
10093
21888
18953
20547
7557
14731
9931
15789
20515
19319
17402
20084
7780
1441
10144
9146
20999
9512
5383
10219
7788
7340
18287
7290
2732
16716
19175
5769
10410
2395
10116
2786
20203
20431
7802
15199
1534
3425
7806
3561
12211
21266
5513
17694
16178
11902
20938
14955
15838
4184
15860
14755
18909
7263
14556
6830
18808
1617
13392
6727
20592
6463
5184
9811
7832
3518
15734
7835
1502
4362
9368
1699
11366
19375
4117
17535
7844
7941
7846
12636
9530
16364
16727
1261
6299
19287
12621
7855
19699
6811
8545
10285
796
5781
20963
738
7159
13055
10276
21397
11817
1788
7870
15962
7872
20313
1713
8274
15613
2660
16408
10040
21160
13690
10846
1610
17247
18786
13473
17305
8825
7889
1621
20532
15411
7893
18345
20920
19991
6363
7898
7899
8592
21399
10252
460
12780
12429
943
13211
16467
1918
2137
17397
4878
7913
3423
4856
3256
15740
7918
7919
1439
5284
14451
9246
7924
15106
2328
13720
7928
12735
5115
6865
19276
19148
7934
11568
16226
18614
9968
12673
20242
2660
10061
881
10351
20286
12851
15847
10589
14815
13706
3734
7952
7953
14416
12117
16675
584
4775
14220
16785
13801
10183
10609
5509
21447
9375
14757
13716
364
7276
12632
12253
8515
12260
532
21713
14135
8010
18580
7980
8531
10767
2804
2324
639
3166
16208
16024
3407
12832
9984
13591
4854
7216
15822
3415
15730
6672
7999
8171
19921
10532
3886
8004
13418
8006
14729
8008
10551
14890
2305
8012
8013
3589
6996
3196
19461
8018
9904
8020
14424
6411
8023
18668
8025
13414
16290
4265
20362
11626
8031
10601
8033
13181
8035
7828
13914
8038
17879
15791
4746
7692
8391
16366
6829
4674
11684
8048
8191
8050
1479
1745
1789
8054
3790
10087
17553
7321
13236
14883
9480
20206
20297
8064
2549
1788
19059
8068
7469
566
18547
15915
3049
16259
16735
7625
9968
1557
6177
10798
20496
8082
20126
18730
11217
15206
6576
10792
9025
19526
5261
8092
10258
12175
8095
14937
8097
11635
20531
20537
8101
1753
14317
20134
15192
211
9284
14359
8109
14680
17814
8112
20797
8114
12202
10453
21818
10222
8358
11163
4588
10538
5664
8124
15818
8126
19748
7528
1484
6966
13916
8132
13879
8134
18096
1628
11653
8138
586
6535
19150
13552
8143
4577
7676
3096
8147
15812
602
8150
8151
1683
19783
13091
21178
10056
2315
2345
2240
9954
157
13300
382
4213
3352
203
21714
12440
9101
1937
11511
10233
21240
16497
19730
9568
18798
15989
15106
248
12549
8182
9510
8184
6969
14480
8370
1415
9920
13552
18858
1655
11200
9805
1144
18484
8197
19046
2768
15396
2541
11258
6552
20207
18282
6908
8207
19816
1050
21530
9509
13617
7411
11758
10957
1856
12095
3225
4058
3423
5790
1897
9453
1441
7415
8226
12663
8228
18753
1596
5820
18140
21362
12279
20107
3591
2287
21172
3426
8240
8241
8242
17493
14835
5825
6677
8247
13727
1627
15328
16621
5589
3984
17013
5024
13518
3043
10028
19395
11490
18259
5443
8263
9474
1594
12390
20528
16388
16346
18615
7736
17199
10992
10917
186
8276
5261
8278
1249
3481
6010
16707
20293
1073
16732
8286
21797
11590
8289
8290
8291
185
10294
8294
8295
11506
13852
11607
4922
436
8047
8302
13221
18865
8305
8306
7458
737
11533
4430
21817
9905
2219
8314
10115
8316
3387
6062
15348
12077
6487
7873
185
10957
4555
16332
14060
9828
17167
7148
18901
19589
8641
9117
12644
17445
18587
8338
8339
13956
14539
8342
16244
3291
13001
19329
17864
11341
8349
5089
17277
8352
5555
5300
10659
8356
11775
14100
10456
16037
20124
3489
19136
630
19023
8366
14551
19224
21458
596
8371
811
13999
752
11702
10004
21985
15575
18423
10990
8381
8382
7141
7522
8385
19553
1724
6073
2289
2503
11718
8710
9364
11975
3362
8396
10494
7804
16487
3510
21626
17719
20379
12063
8405
6784
8407
11648
8409
21298
19094
4969
21095
14286
1211
17600
1497
8418
10055
4415
7098
8422
20227
13345
14978
21493
5296
17049
19668
20662
9809
18383
1180
10862
9188
8842
21628
20510
4887
611
8441
20586
20409
7035
14499
18249
20283
8448
14412
8450
9975
9974
19212
5826
17816
19119
15270
2727
14176
18254
16164
5577
8463
14240
9677
2413
2266
8468
5473
8633
11331
18133
12552
8474
16276
11231
15224
8478
7588
21862
8481
8482
2658
10299
10257
8486
3209
3827
8489
3008
15326
8492
7171
16642
1665
4177
17011
12478
18900
15614
7201
8502
8503
3100
14206
4973
8507
21687
14105
20559
11706
5033
2198
8514
6147
6755
9484
20887
8519
13269
16702
17322
17358
6441
8525
21864
9347
14235
4255
13407
14392
12270
8533
15104
8535
155
14864
18667
8539
9047
6772
8542
490
13772
8545
15659
9276
6743
21329
1360
16230
16135
813
8554
7614
13816
9927
16967
5705
19343
8561
18003
9836
12083
20809
13914
2306
10614
3658
18796
6747
13620
13017
20661
219
19690
21637
2809
8579
14580
701
2924
6732
8584
6830
21999
14057
11095
17471
7594
19363
7914
11726
19817
20741
9869
8597
15319
8599
15085
8601
14215
1620
5619
19267
9952
6901
7587
8609
10029
8611
4094
17655
20414
8615
10449
1527
10076
8619
11082
2842
1381
16457
13562
13507
3976
15195
2210
10931
7639
13841
8469
796
2425
1741
4220
8094
5896
5287
10058
18339
10434
15930
3920
3310
12244
16135
8648
1136
5884
5924
8652
8653
8654
9720
4999
11351
11291
5842
3037
6224
19319
18900
2439
17287
4470
6777
8668
14811
20269
6853
12244
14208
8674
21553
11692
17429
16943
8679
8680
21948
3780
5362
4523
8945
8686
18237
13531
762
4380
2796
19939
3189
8694
11806
3450
3803
13532
9060
13697
3214
16967
20851
13179
6052
12087
11854
6051
7210
21110
9288
11589
11444
8714
15741
18922
15305
20363
5979
8720
4490
21484
3987
8724
1911
10977
12916
11073
8729
10930
8486
2455
2562
9178
8735
5311
9400
8738
12109
8740
1036
12708
8743
804
9371
14020
4740
565
9880
8750
12555
8592
16398
8024
8755
14580
12633
16688
8759
19411
8761
4259
7024
4396
21780
21901
8767
892
4324
16599
20614
21536
11857
10659
9295
8776
15738
7892
8779
2335
20019
18852
10294
10243
6526
8786
9223
16152
7385
12717
10811
13321
10730
1475
12228
3474
4181
8798
3505
6720
20594
2298
10489
19813
21072
17767
20973
12674
17868
8810
18250
17006
5494
20730
4529
8816
8817
17815
7868
7126
8821
7730
8823
4436
20096
9195
5917
14909
21411
7199
12447
11522
19988
12547
21341
8836
10942
10965
5000
6414
6564
9855
8843
19744
8845
12300
18187
5199
7385
8850
1437
18364
8853
2781
16167
1764
11667
4128
89
4040
20845
4562
1892
20231
9868
506
1669
6632
16115
17722
1674
8872
4570
6176
20006
9026
8877
13719
21656
11064
6374
8882
10078
14884
12363
8886
14462
9470
4910
8890
8891
17565
10106
3544
8895
2654
8897
3255
16265
4340
15848
12550
1971
12088
3263
8906
16544
11616
8156
21960
8911
20545
8913
4460
12428
6145
9621
21676
9177
8920
7246
19034
2630
838
8925
16694
8416
8928
20602
8930
9789
13782
7041
21216
595
15082
21938
17242
5721
10634
17234
8942
13076
19880
234
21816
8947
20269
1983
12910
8951
16301
6773
6357
17228
21894
19839
3247
15587
12682
17365
18328
15250
19847
17654
3564
9840
8968
7601
12613
12630
17785
21679
15544
19908
4914
12772
18147
8979
8980
8981
8982
8983
12445
21752
8986
13654
5579
8033
1957
15273
10186
3969
386
2282
17933
3785
14007
8379
9000
1906
9002
864
20444
14433
15516
10845
4911
9009
917
3284
20788
8017
4754
8266
10509
9017
11806
14505
9020
3044
14629
6308
10298
2771
21555
8310
9028
21539
19265
18026
6358
5255
355
2912
5227
20917
6909
10759
15201
3642
16903
21818
14623
7723
12616
9302
20100
10012
20530
8157
6259
18144
7581
8695
16518
17813
14308
4135
8616
11177
11772
3579
953
14324
11720
9067
6476
15591
9070
19647
13349
21520
5895
4154
9076
16739
2941
11443
11937
338
1586
14478
13094
18178
8782
7890
11155
10738
10035
9091
17439
18460
1279
21398
7030
9053
1069
8706
9100
16240
18190
9103
9104
10183
9106
19446
12531
15770
18250
20591
9112
16548
19761
10406
4898
12852
16067
1885
18440
14583
9122
12206
5030
13749
9126
12706
17713
12725
16405
14172
2244
17361
13155
20340
12255
9137
13085
21740
14247
19221
14550
12027
9144
9145
18355
5184
17318
10310
112
13250
19651
9153
3171
10687
11410
19039
10299
10765
9160
19287
13478
11580
1977
20746
11526
9167
2612
17758
9170
9171
14981
5802
11906
5235
3361
18899
6046
18805
21527
17122
15844
6969
9184
1829
17289
21635
21074
6270
19986
15524
9192
5400
11593
5663
17403
9197
9198
16856
19024
3838
5067
17426
13075
1369
16317
7086
2382
19273
20193
18191
11455
5960
11878
5917
17023
884
9218
1523
5507
9221
6364
16867
13751
5018
12535
8102
7065
2772
16895
12851
11840
17032
7299
9235
11582
14662
9238
16860
18791
5883
2734
9243
17547
9245
4856
19861
9576
9249
9250
3836
9252
15867
13088
13128
1627
10266
21059
8364
8821
11998
10391
10102
465
17490
14358
4697
5485
7754
4664
6663
15972
21027
19074
5868
17333
9277
13671
7843
8751
11260
509
3231
5073
5679
9286
1257
3026
10564
9290
3235
20762
10508
9294
9295
4226
13063
9298
6776
21932
1523
8552
7249
1946
9531
9306
19320
19043
6047
21921
4562
20964
9313
16691
21910
14770
9317
12204
19537
9320
10136
10877
16742
11920
2512
15355
826
20798
9329
6049
9331
3956
10784
19055
9335
9336
9583
10898
14419
2248
8226
10919
19297
15946
11366
2043
19686
6601
5484
7389
9351
12701
13117
12691
9355
8109
8600
11440
19407
10005
1609
18827
5172
18228
8065
11715
21057
11699
18464
10358
21992
9372
2670
17097
18795
9376
733
4834
9379
1796
9602
3967
9705
12904
8461
12575
7174
16250
21199
207
7959
12972
14688
16849
9395
11961
505
19175
10536
13603
20287
8455
3579
4270
16033
16422
10119
9408
9409
14434
21649
10289
12269
9966
12415
5189
12696
10727
9419
10414
19169
19806
7718
14559
8310
237
1811
9428
9429
20497
8396
5862
16110
9434
9774
9436
18686
7957
14718
9440
8046
13068
9443
6748
9445
17968
486
12063
7697
16642
16209
5694
19216
14542
21432
19980
8034
12688
19754
4312
9461
6182
19084
10725
17186
12331
1229
19746
21954
21867
5526
20709
3914
9500
10451
15573
6940
20507
17950
16541
6269
10374
17841
1287
6689
9486
17389
15246
7932
328
19880
8146
9493
11634
15443
9496
7463
19149
21378
19635
4607
3144
9503
20952
9505
21238
1204
2049
20609
9510
10889
15884
9513
9514
1391
17987
9517
10159
16731
9520
12448
21782
20842
9524
9525
12783
6796
12841
11247
12751
14693
9390
150
11615
19481
1916
6037
13762
8654
17658
4282
9542
1975
9544
20356
1674
12205
19381
20897
1107
9551
17841
9553
21685
13289
9556
12778
17340
12766
21277
9561
11531
480
10094
14413
9756
6777
19559
9569
1824
3427
21022
11206
1823
13033
6603
11634
9578
13092
9580
13549
9582
17087
2146
21409
9586
13452
10108
11821
12326
15948
3296
11138
9594
19966
17102
10451
8113
12883
854
7575
9373
9603
19297
990
14652
20329
14544
9609
18434
15871
19203
16624
4088
9435
7796
2446
4350
11157
10185
12425
9622
12364
19998
11051
9626
21397
19945
9629
5835
9631
3516
6597
7940
20090
19927
7739
13820
1685
4525
18142
6955
9643
18434
5911
10376
547
19993
16342
15830
18207
18120
9038
5706
14462
15336
6293
18535
5469
6299
9029
12921
18273
19130
3193
9666
5151
8140
5904
4102
3388
20669
13334
6731
13940
3378
4603
9678
16217
10975
9456
3174
9683
13870
8875
9686
17981
19568
15845
6114
19214
9692
4146
6239
13756
15308
5437
1034
12956
5681
9701
10331
3308
7657
18849
21410
9814
5808
11542
3613
5052
72
14774
1990
9479
1656
11181
10752
13027
12718
9367
3148
19738
19733
2224
14666
2471
9728
10638
737
6399
8342
12234
11971
9735
17088
9737
209
20567
8266
16738
7041
2439
2835
17164
21657
9747
9748
8073
12948
7378
16221
18810
4849
9755
9939
20016
20404
3946
3195
9761
8576
1829
19223
8965
13448
18619
4978
6990
9770
9771
1130
10430
9774
20782
9776
6548
6854
10037
3338
9781
17621
9783
15958
9051
3017
12955
9788
13446
7718
15401
15546
11956
21086
803
15009
10195
8948
2456
17320
17962
3131
11323
21622
6819
19952
9917
11091
3090
5219
3824
11163
4755
5186
11866
20622
9817
16207
13180
11567
19434
7844
7232
9824
8434
9826
21800
21473
5297
9830
18137
295
17263
9834
8742
10957
9402
21339
9839
4037
13758
4381
8454
10464
8205
7888
19418
12394
14128
12684
11039
10373
16747
15255
3392
16990
18225
10909
9859
9468
15598
2641
17243
15292
8962
18811
19694
18048
1052
19252
8898
9872
5982
8910
9875
13448
8443
9878
4203
9711
3219
2906
21851
12447
18311
9886
2066
102
9889
10503
9891
20452
7563
10377
17029
7036
11382
10082
5327
11781
21434
3286
12205
17545
10395
16822
3155
7248
18929
14103
14693
632
20377
14579
15975
9916
10660
19689
18062
9920
11801
5120
9923
9924
16664
6790
3446
16894
2279
85
9931
9932
1956
13921
5376
20867
9937
20937
9939
9978
13787
16553
9943
10486
5242
5684
9947
9948
9949
9950
18276
17755
19785
19217
19134
20380
14847
8181
9959
3507
7965
18710
1046
404
14423
2526
6418
5887
10527
8907
1849
4361
21064
13091
7998
9976
4901
1330
21399
14125
9981
16503
3913
21049
11094
3332
1087
12549
14798
9336
7556
20137
17151
9994
15237
20350
1358
9998
16100
6535
11543
19699
16884
13265
7926
7016
14080
4962
8980
21209
2698
11656
9213
15052
10015
18619
10017
16485
2890
10020
8989
21108
16523
19690
3635
10026
4472
8061
20232
12138
8170
10032
11831
20670
18448
312
17292
10038
2567
3608
3402
15446
3189
21802
11668
3717
10047
9394
18224
20029
19552
21170
15271
19636
9277
6069
623
3844
825
17814
6956
18930
12574
10064
11059
216
6564
10993
10069
16017
10071
5818
10073
1245
10075
18845
14397
12959
10079
552
8618
12423
10083
6974
10085
10086
14935
550
1479
2628
1323
14334
4475
14233
10095
15796
11382
10502
8359
7242
21471
17962
7496
17773
21592
19285
10107
20518
9425
9399
18675
13767
5561
10114
13409
8361
6512
13953
10119
12152
308
20769
2553
13992
10125
21579
10127
19027
7567
5205
21671
10132
6066
12059
14919
20767
7380
8809
10139
6914
10141
10457
564
14415
18788
5158
14313
5220
9173
3977
7631
1609
2745
18285
9731
8931
757
18585
2016
19541
18768
887
18475
10164
14512
10429
17649
12569
10169
3485
4426
10210
4702
10365
14228
21554
3081
11032
4799
12643
13915
332
17455
7694
11760
13116
5282
2772
2786
14468
4881
10192
4431
9121
4905
2362
17667
8557
20181
10200
7235
19756
10203
10204
11131
11575
8204
10824
8241
7330
21800
8817
10213
10214
1828
13436
10217
5202
20707
10220
14130
11740
7134
12701
16262
8024
7679
3290
1527
15486
6625
10739
14830
725
16828
8003
8054
10794
8603
18963
14777
10536
11488
9912
10553
5604
6372
3642
11771
10250
9385
15633
17828
20649
13433
10256
6381
3936
21404
6771
13445
10262
4816
624
5305
10266
10267
14372
19161
13106
21906
16412
8076
268
17928
17951
7237
14074
16345
12308
85
9760
303
15744
2862
11033
10287
8584
6199
3144
6529
1002
18622
20858
6528
2244
18443
10298
1183
17286
20370
15398
8916
20993
10305
8308
21852
10308
18154
9207
8280
7217
10313
16002
17337
21068
3241
21423
14136
12760
19607
5957
5197
3727
15476
4992
20976
980
13585
10330
10331
7986
6217
8965
11763
15044
10337
66
20801
1845
9835
5760
10343
17368
1408
10346
10347
7263
5942
16081
16107
15824
6875
2110
8844
2540
4351
15456
21816
21722
15222
10362
10363
13150
18437
19496
21993
13886
13679
2064
10371
15123
5066
14787
2424
9833
18485
10378
12461
1874
5953
12025
11731
10384
18815
18307
136
10388
10389
10390
88
7783
12134
10394
8312
18574
19652
10398
7007
21928
19502
946
10403
10404
2421
19738
9559
14688
10409
10944
10411
7058
11058
12700
21092
20877
19004
8122
20347
10309
19440
2012
10423
10424
10427
13887
18239
20310
15857
21235
20620
10432
10952
10434
10435
17435
13938
3920
12397
16995
5227
10442
16137
6939
6827
9899
21389
10448
19432
11078
10451
6135
17205
7664
3194
9749
18109
15997
20637
1297
12191
16969
5489
11883
8071
20627
10467
21772
1437
12342
10781
4346
10899
10260
2211
14080
2303
20193
16252
12986
12769
10482
457
6549
10485
18514
21150
10488
10786
10490
9316
18851
11134
21527
3925
14701
15562
423
5730
7914
10501
9448
17485
9583
18353
10506
12038
10508
18025
17645
10511
10512
2044
18920
1709
20370
8288
10518
15275
6740
8408
12128
6867
21819
14560
10526
21544
16610
8726
8751
10729
10532
5819
15557
11254
3812
14746
18550
1540
20636
189
12597
9925
16620
6791
10546
12909
18213
2369
10550
13405
17077
17959
17571
4528
2727
708
15069
5221
15087
7503
10562
11317
4669
2715
16185
17029
21139
1800
10570
8408
7264
18555
17967
10575
2982
10577
556
7918
16955
17505
927
18560
7693
10585
10586
2233
14243
13675
3683
10591
10592
5125
1160
12533
17787
12858
2791
15380
3576
10125
4615
17747
21416
178
5276
9544
17216
19649
11756
8762
547
15945
14535
12739
4729
7020
10618
19369
1172
13830
10622
144
4256
7981
7303
10627
11852
17835
9532
3135
4905
3333
10634
14797
12011
3424
12752
21297
3864
8063
9098
1962
15065
7551
10646
2919
16493
13024
9069
1124
17512
11209
18698
10390
3839
2570
15765
11347
15054
9671
10662
10663
4160
10665
8266
6660
8998
15393
18874
14912
10672
6265
7804
14358
10676
3405
11321
9429
7894
10840
13030
21609
10319
10685
10686
10473
10688
14656
10690
12464
17601
6144
19528
21957
4859
21836
2143
10699
13246
17475
16187
9802
18631
15531
10244
7448
8937
15885
11171
5851
12428
1467
14648
18572
14786
5394
10718
1656
21971
10721
7863
16689
21347
10725
14130
15029
17221
19080
10995
10731
10278
2710
17189
10854
10736
11843
17244
13286
10740
17828
17148
9141
10744
10577
8080
10747
1470
10099
21265
3385
18100
10753
18564
17492
10056
4198
8827
18905
16386
7872
2528
11722
6638
12749
10766
14430
4823
19661
10770
10771
5793
4585
11749
6239
15399
9747
10223
10357
13760
10781
15713
11594
10784
10785
20603
12340
16529
1756
3826
18438
20847
4812
17964
14009
5811
11192
2882
7027
6385
11040
15051
10803
6071
6026
3336
11558
16655
7317
6663
7863
10812
13942
16492
15598
18375
8263
3009
5364
5728
15617
10549
2743
5560
21135
5186
10827
11704
6155
7046
2971
10832
10833
21740
17252
10836
6968
14315
10839
11520
2941
15954
18814
13213
10845
19466
10806
11399
6496
13503
18936
2755
19614
3953
2872
19086
10857
16806
19812
3434
7674
18737
10863
21619
19354
7894
8566
2622
10869
5104
8959
10872
3988
8465
3430
15588
10877
2756
7796
17165
21295
12617
12933
10884
18185
4119
10887
2097
10103
20434
4461
21093
6195
6871
19217
8226
17151
10871
8047
19620
7585
19886
8592
10904
10905
11456
21658
2347
4778
995
1142
3735
2364
11434
3551
10079
8212
11201
19079
2272
14783
4367
10923
19279
14832
13383
10927
20220
6640
10930
10280
16728
13721
10360
11167
7165
12170
16957
10939
10940
1855
17079
4514
9872
6506
9978
2462
352
6928
2471
14256
10952
9590
18477
2870
2718
20916
9449
18785
18588
1199
13356
11089
20333
10580
12268
6878
18234
3760
17210
10971
12455
5758
10974
12653
6787
20224
10219
21579
5479
15593
1719
15424
7654
10207
8691
10987
1406
5150
11884
10991
9654
10993
3407
7943
8795
15436
10998
11941
13659
11001
21868
5333
13327
20542
11337
20816
18687
609
11010
17431
6061
5521
14252
13262
16906
12944
8781
19263
11020
2752
11022
12953
2942
5228
16229
19431
1097
8458
11030
15247
13058
20917
9508
2924
10072
550
6107
19290
12604
11041
6028
1064
11044
1757
21510
4055
21901
15227
18643
10022
21584
4583
6875
5050
16302
11317
11058
11059
9263
12510
10790
13407
11064
11918
858
15880
968
11403
8787
1496
15883
13097
8082
5078
14992
7569
11078
3377
11080
214
12958
9928
15464
18497
2115
2576
19228
15186
11090
6104
16253
4174
11094
1038
9706
3468
990
21002
17073
193
17869
4428
3435
17624
11106
4684
11108
17806
5213
21635
11087
10097
11726
14467
12309
15020
11118
9671
1113
11121
8810
7080
20754
9673
11126
11127
945
11431
9715
21959
21895
11596
4221
4046
4117
15077
4145
18857
8363
114
8682
11143
18771
5053
4235
9398
1405
19042
11150
2757
3309
11153
10974
3142
21579
9866
20185
19888
11160
17834
10692
15135
3979
3804
4669
5956
12762
17357
11170
3210
11911
96
11174
19383
10795
8098
11178
14868
14566
5058
4937
2337
3341
11769
5087
14167
8799
16139
11190
19790
19773
11193
11194
21556
9983
11197
9834
5406
11400
12178
20521
5779
21977
15079
986
14962
20495
3728
922
1805
2454
11213
7347
4871
4427
11217
846
9250
21276
11451
18248
18147
17516
11225
6547
3994
9412
8624
3262
15067
4560
20781
13967
5789
17515
2947
5855
17306
8407
11241
18568
5029
18905
2975
749
18354
253
17237
8779
11251
16517
12719
10725
17391
21996
4797
6212
4141
16772
11307
9397
5986
3405
21400
11266
21513
5505
2992
6790
9373
7970
15758
11761
18796
11276
1922
17944
21585
5678
11281
11282
8632
20341
19345
18332
5108
11288
11289
12964
13939
12800
187
14064
14941
1178
11297
11847
19550
1428
14184
10129
5512
5960
8125
13715
20224
12154
11309
11310
7890
8027
20572
12670
2674
19449
13003
18939
18489
7852
11321
13860
1062
21381
6665
19918
4019
16455
13976
8199
16734
7627
11333
5595
9436
12242
9692
11613
6798
4599
20954
3004
11343
21480
18871
16507
3169
6657
11349
7923
17690
6775
83
5008
2297
20893
11357
5740
11359
15355
7289
2280
13363
18879
21945
11366
17171
11096
12785
14076
9535
10523
9465
18558
3121
18187
11377
9817
16282
20244
7756
11382
3507
2257
1175
15670
11387
21196
11389
19030
11391
9608
4346
7210
19484
9381
15822
20678
11399
8210
16206
20968
13994
3280
11405
8947
10875
1164
570
6015
6111
14519
11413
3736
9130
1809
6677
16407
6420
3846
11421
13665
11423
4592
276
6731
11427
9621
9051
17537
624
18597
17893
2127
11795
15941
6612
18106
17803
7396
11441
6683
19364
16687
17512
8761
11447
16022
14855
14244
13819
9952
15647
20950
12402
16404
6201
19787
1121
10183
17410
11462
523
11464
8832
5220
948
7252
6024
10157
11471
16535
11473
4179
11475
16257
17058
16797
11479
11480
20205
13452
14841
14820
11485
7405
11487
8189
6998
1370
2752
11492
1434
5759
14672
11496
11497
11752
11499
13491
17596
2896
2975
11504
14001
18756
7432
11508
4612
7837
16209
8913
11513
7484
11515
11516
4334
11518
9745
13568
845
3304
20178
1145
11525
11812
8498
14554
2806
18743
6261
18107
20041
12684
5165
6122
8640
10352
4505
17284
2563
10816
11543
511
7367
11546
9941
16853
6269
11550
11551
11552
9142
6937
16944
6730
12245
6300
9755
8839
3639
15358
11380
3928
3652
12034
10729
11568
5664
3523
11674
20629
15685
21229
8259
17635
17936
21663
9986
5085
11581
11582
11583
13391
11010
11586
11587
16288
13689
12202
12831
11592
19599
18266
20511
11596
16316
16838
20660
11075
7820
15348
8128
5901
5270
21908
4077
12797
4502
3122
11611
21601
16654
11614
9534
21514
11617
12029
17586
13447
21642
11622
11867
10218
16939
69
11570
10048
13600
1926
3164
20589
843
14652
14669
4747
2453
10038
18610
14787
11641
10900
8023
11644
21228
7828
10633
10042
11649
2481
15058
429
2756
2049
11655
1047
15912
8414
11659
11660
13957
12755
1381
1714
13686
7502
17759
7337
9341
15719
3513
11672
19314
13798
3701
11676
21130
1739
17393
4588
14642
11682
11159
11684
17334
11197
10278
15392
1332
4794
11691
11966
17777
828
11695
19645
8027
6842
17905
6771
6803
8290
1144
17004
5559
10268
11650
7458
17819
933
19609
20565
9545
11935
8433
21242
3376
14815
4678
21907
20256
1847
13083
5638
1660
11726
1842
20780
11729
15310
13765
11153
9997
21098
11349
3323
1891
11738
15260
5430
10564
6288
5311
4469
20210
11746
7750
15064
11061
11750
11751
10629
12953
18382
18430
20764
18411
8328
15793
19300
11761
16604
6247
10348
6777
17918
14902
7231
8234
4793
17471
15395
20320
16381
19482
4066
16583
2126
11779
18640
11781
3111
3323
11784
13726
11119
19119
9084
7235
15543
21911
17636
8442
17407
15457
7949
3608
3458
4478
13791
9392
2228
21537
550
11805
2380
10191
20802
242
7300
19672
9828
20011
9472
11815
15339
20668
11818
2939
11878
11821
11822
21420
1031
5771
6532
18302
11828
21684
21978
1411
2362
7313
13999
11040
11836
8844
15466
11839
17278
17249
21032
7831
10756
17314
7801
7520
11848
17137
11850
4812
15078
11853
11854
8267
21898
10251
19344
9465
10967
11899
11597
11863
11864
14564
8613
15556
21953
7686
9552
20655
11872
11873
11846
16118
8952
8444
18133
448
8382
6378
13350
21935
5210
11989
19786
11887
13656
8940
10310
14047
16762
10147
21555
11894
6920
10444
13586
1949
3446
11901
2701
2334
20373
8557
14500
12131
18280
11909
21757
20989
7693
1454
17486
951
11916
567
11918
8791
4949
15543
5498
6633
4522
19704
19811
11927
16612
2898
11930
11046
3224
13211
18818
16875
21660
21674
11938
5140
11510
21242
11942
11943
4319
11945
11946
12097
11948
17060
16777
10886
6818
13259
1442
11955
11956
15541
2616
11959
9401
7114
860
5145
8782
11965
17141
5714
8598
11969
10456
16892
17808
14726
18883
10462
11976
7816
286
6924
11277
9669
6573
3559
11984
18538
19676
11987
2586
5422
20749
2914
7123
3019
9901
4788
21851
591
7054
11999
3481
3463
12002
14907
12955
12005
21794
21704
12008
21498
2032
7147
621
12013
15994
1954
15379
5091
15718
12019
14384
12021
20532
12023
12024
12025
15141
2326
21848
17115
3350
16833
6324
4424
15854
745
12036
7097
3557
12039
8582
19385
12042
21766
21133
18684
19059
21183
9254
6503
15608
12051
3689
17943
7233
11128
19041
8430
3120
8536
1163
14348
13139
2320
12064
12065
14570
12067
20064
17536
21532
11677
16596
18539
16334
21750
16574
8320
12078
12079
9113
13183
21243
12083
2008
7196
12086
8010
4275
11604
6386
413
12092
14442
700
7800
4886
5788
12098
12197
10989
19203
12102
20222
12968
1267
12106
10745
8393
12109
17810
12111
13686
20451
11676
12115
4782
19406
20933
17314
19563
10006
2927
12123
12124
5100
20110
14443
12128
7277
12130
11307
18924
12133
10393
13736
21046
13032
242
12776
9827
14698
4264
16237
10865
1911
19990
19572
12148
13777
1582
15751
17813
19002
21854
17743
17582
2073
7004
3104
11802
12161
4940
12163
13273
21558
5971
5461
12168
9264
17310
5861
15989
21890
8935
5129
11649
6265
2192
7948
12180
9823
7232
12183
12184
15953
5891
2455
8993
17618
12190
12147
15543
7526
4351
12195
5991
3273
13488
8326
15315
17833
1156
12493
20947
12205
4526
5531
2446
12209
12210
11158
1246
12213
667
5710
8431
12217
8951
15684
12220
8754
5220
3502
14162
21019
617
5669
11569
5297
21272
12231
13377
21985
7006
7972
9031
5180
12238
14010
9003
12241
1798
6639
8203
19998
10826
10189
9177
6926
12250
12251
18817
7536
985
20161
12256
12257
18705
16667
12260
6300
19189
17481
11908
9227
13975
16810
732
12269
17371
6925
10011
7667
12274
6661
12276
15302
12379
1747
8934
18188
12282
895
4079
3429
12286
20681
21651
18565
13751
4434
12292
13695
1276
19896
12296
12297
14792
12299
18163
5233
21281
10369
10630
280
20888
10000
2975
11027
6512
19446
12312
18893
12314
12315
14367
7220
5303
11898
14900
12321
12322
12323
12324
12816
8776
11548
10661
2735
983
17819
7034
18525
9592
7437
2329
252
14768
12339
20061
11613
21751
2887
17820
12345
3166
12347
9321
17098
12004
9521
13345
4431
1790
15441
6520
12357
7379
12359
10978
21452
12362
19154
13580
10526
2069
9059
14714
19922
15939
14676
12372
12373
18338
11723
6205
10585
9534
548
12380
7868
18860
6562
13775
15159
17923
18095
16776
12389
3818
5554
14144
15847
9018
16691
21098
17330
15887
17579
17270
2921
12402
5817
9938
11630
9312
12407
12436
5667
9917
16244
18413
8726
13384
12415
10005
7330
2639
13021
3646
13890
8726
17410
16242
17462
6862
5164
8731
12429
772
18664
19735
9421
21829
6649
10769
12437
7116
8831
10151
1853
302
21229
12444
14366
12446
4331
3708
13425
2432
12451
12633
907
12454
6623
3502
13638
11031
20361
11852
12461
9020
12840
18221
10787
5880
12467
17439
11842
4089
17531
12472
21452
12657
12475
12476
12477
6142
2671
18157
4285
19689
12483
20230
7564
18878
1197
18998
13895
5645
17201
586
12302
16084
12495
18923
14700
13866
1352
18757
12487
12049
2604
13403
2546
6733
4360
10919
12509
9654
7985
5646
12513
3382
7876
4489
6170
20044
4750
12520
17379
1343
3277
771
10857
17944
12527
19807
6600
6719
12022
3495
8605
9038
21875
12536
7331
12538
12539
12540
7536
19351
12836
12544
15771
12546
15360
1984
6853
2041
12551
7149
9090
15946
1023
12556
1346
3470
3532
12262
14099
6083
12563
6060
21596
14515
19468
4073
18193
1517
8871
14783
12918
20910
4633
9768
12577
12578
12579
12580
17274
4934
12583
3249
21621
311
2936
7720
14774
12590
7381
12592
10914
4766
19692
140
12597
12598
19115
8583
10849
21723
2584
12604
16169
18495
14282
4375
12622
12610
17111
18766
11381
19121
14036
13260
4655
5851
11454
12620
1852
4198
12623
7320
1280
12987
13972
353
18253
21910
1252
579
15438
3248
7405
14325
8587
1958
726
21984
940
6134
18023
18009
3531
10681
3134
12648
18420
13214
13659
1694
7200
5537
12655
12656
10724
5377
10485
12660
19932
14711
16569
12664
9286
14408
18946
14140
15673
14138
19782
12672
12673
16821
9943
9693
21814
17708
9645
17520
21683
12682
12683
7721
18712
2985
5277
12930
5666
20140
3185
18744
5581
15121
14005
10868
8766
12698
1850
2145
19515
12714
14348
8812
1740
19849
2009
8742
14337
12710
13964
12712
6597
15392
12715
347
12717
10996
16463
3801
12401
3689
12723
16275
693
7322
12727
9224
19330
11653
17795
6367
12733
2793
21942
3611
10609
13601
8946
9927
6153
12742
6148
10597
20335
8789
15756
21809
12749
21503
14787
6954
3546
16203
14390
11673
5872
12057
2156
19751
2072
14948
11071
12313
15035
11460
18306
3813
190
18729
14946
19743
12773
4577
407
7636
12777
14041
504
15719
16682
6226
12783
17500
607
9680
12787
15792
17412
12866
12791
17433
4256
2598
12795
19298
10160
7358
12799
3640
12801
5683
2169
16630
19854
3840
18375
18387
18758
17105
12811
7757
10177
13089
15057
506
10509
17460
12819
12820
1042
2499
14341
17284
20414
14403
10857
18941
9364
10204
9869
20663
12833
14360
3117
14770
9741
18342
6860
3622
9078
17069
19714
12844
12062
12846
4187
19429
12849
4719
17373
5217
1025
18340
10248
21062
12857
12858
8194
12860
9661
12862
12863
12724
13668
12866
16262
13107
18691
12870
18987
20171
20630
16540
17542
15419
12471
17603
9058
986
6510
14362
11554
12884
7717
12886
6545
12888
21560
7158
14084
19339
2556
5727
12158
21205
12897
4517
14789
3014
12901
3572
12903
13907
10228
19720
12907
8057
15649
6295
12911
15622
1047
21207
11792
15011
7149
17057
4150
21136
11580
9800
11229
11591
6154
6579
17577
15195
8447
1018
12931
4237
1622
13709
11589
21128
4287
16896
4343
13931
12941
6734
932
12944
1736
549
9072
5929
14487
12513
11469
6753
12953
19685
8104
18492
16446
10804
20365
14704
2131
7997
3472
11290
7531
17427
17860
12968
15107
3181
13901
6668
8874
12892
7543
21764
7456
7901
18694
1762
12981
19558
3050
1026
1400
11033
6793
6559
15059
13302
21091
559
15618
5241
13921
14088
12997
2434
13738
12251
19330
13316
3985
20584
16573
12448
17054
13008
13009
4291
13011
17109
13013
5030
16406
10397
5104
4148
12990
13020
1854
17635
7341
9574
18505
13026
19533
12502
10101
16884
4680
16166
13033
17411
19218
2039
14643
12215
17676
6126
15214
21221
16413
13044
12518
13020
8628
17397
2573
15700
8631
13052
17428
13054
20172
7690
10834
15755
9069
14791
5342
17493
19101
17176
13287
20804
12453
13068
13069
4484
17025
1127
17788
13074
13075
18422
13077
8785
13079
20927
21730
545
14383
6746
4637
2670
21785
9601
5352
3540
12175
13092
13093
10465
17236
9228
13299
13098
416
13852
4118
476
13103
16381
2801
1352
20650
12091
13109
18743
13242
10956
13113
2183
13115
14906
10019
8120
20294
13120
9394
12518
13123
2711
2108
5949
3278
2294
1147
16917
7062
5613
10079
721
6256
19445
1069
13138
739
9817
11114
17584
6479
17374
13145
160
13147
17700
646
13911
13401
3161
15741
12268
5170
8243
3991
7968
20751
722
3745
10631
13163
16111
15628
13166
13167
15436
10721
19515
13171
6762
7615
9929
11812
661
9875
21488
20892
20453
8961
13182
20222
20837
18370
12516
8210
8962
2524
15996
9438
2655
13193
17670
13889
17693
20316
7860
9456
7419
12000
1622
21090
8959
12816
11214
2107
13208
17331
15832
6433
3310
2916
70
12009
13216
18798
9540
18426
5766
17882
7741
21930
16064
20925
4289
10726
11411
6293
6215
17141
17919
11646
20737
10833
14801
13237
19805
17534
10181
13241
13242
13243
18366
10387
18302
15918
19922
8515
17869
12291
7384
21467
12879
21793
13256
13257
16135
13259
19431
18468
3877
5657
11723
20325
19110
16257
3547
15800
801
10665
19588
18771
13274
13275
2890
15359
5227
16190
13280
21684
7789
3240
13284
10975
8783
17509
12156
7183
15071
18627
9503
6269
19831
19676
11075
8240
11711
5532
9578
2171
7869
13303
21137
1486
10156
15638
2537
19750
13310
13348
15696
13313
15210
8645
9923
18396
6618
8553
10317
15575
13322
4252
7451
18369
19151
12028
15241
1883
14820
14876
13332
11717
2190
16053
14224
19599
8208
3854
6025
13341
8362
3139
6066
13345
6943
19641
12649
21604
8626
18301
2587
20234
6300
13355
16868
9773
17604
13359
3517
1379
19862
5973
5899
7677
18993
15034
9106
15415
9665
16455
6815
5027
14968
9325
2981
13377
9648
17419
14106
20704
13590
13383
16680
7443
5876
2832
10899
17380
17221
5578
7863
3161
3097
8473
4522
605
11089
7915
13400
19166
1393
17850
13404
9713
4047
12569
8746
10896
19009
13232
7312
13861
15946
9659
17712
2004
2153
15454
2368
19842
14175
21797
5467
21753
14829
17946
6713
1687
14365
15840
13432
8006
13434
13519
10800
5129
861
7927
11544
19721
1083
2363
13444
13743
8505
938
20101
11886
19156
13700
7154
10819
4307
6424
19539
13457
21070
15063
13460
19710
5463
21203
5459
11293
14304
13391
1070
12039
17425
14772
7706
5475
8740
14186
8062
13477
9041
13479
16740
14563
2269
8351
9401
13485
8063
12887
13609
19875
8778
12978
13881
13493
841
18996
571
13131
16819
13499
305
21400
16516
19065
18994
13505
1888
10936
7142
13509
18716
17941
13512
17219
5415
5263
13516
6116
8998
12455
16266
4353
9979
10994
16352
5690
1929
14009
8059
18264
3693
10166
3195
15743
13534
17307
3389
17750
13538
4853
10583
20740
8105
1422
12984
7085
19692
9258
20394
16913
11506
9189
13552
11109
8595
19048
13556
5805
15667
13559
20044
13908
18172
3787
13564
6173
10695
7566
10371
596
13570
13571
8545
307
831
9080
13301
4469
7320
10267
21881
13581
17577
13583
10974
7029
11529
13851
9714
6310
10690
19091
13592
14465
18891
13595
3906
12613
13438
1946
10888
16374
6370
18633
21487
5258
15823
4678
13530
21139
18117
14238
18944
12632
12422
7438
16572
9716
13052
11379
2746
1503
7363
13225
18757
2730
1307
1394
5544
17037
4306
2501
13632
14015
13634
4233
16606
811
14790
4807
21347
13641
1972
6518
3610
21083
1426
11099
2295
13649
6747
13651
11557
13653
13654
14829
13382
21136
13658
16210
21460
8103
9961
791
20360
13665
12045
12233
15624
13669
19741
16265
13672
13673
14043
4853
3728
13677
17683
1943
535
13681
13682
20688
5707
13847
183
8327
16996
10160
13186
508
10774
21249
20331
10293
9213
8805
18500
20733
13700
14225
19858
12217
1100
2573
17766
16813
13239
12449
14454
9015
13712
2141
6313
4390
20451
504
8507
10348
5350
17212
6144
11507
19806
7039
15628
11024
9126
13729
13730
17659
10627
7668
13734
15692
20315
19867
5291
7125
13740
17630
13742
9491
13744
13745
10870
6817
12950
18112
1959
6730
3527
18221
8362
7057
15172
21622
5835
13759
6852
13761
6643
17125
6720
2779
9439
716
13859
4234
13770
1076
3498
6569
13891
2867
4833
1820
469
10575
21850
17932
13782
2375
13784
18140
19924
11033
21631
9436
4625
13791
6903
7839
5771
11465
19046
6678
10072
9792
13800
7759
20450
13803
1336
16073
9139
8996
11925
13809
11009
2001
13812
16638
13607
13860
6636
21646
7182
13819
5372
5407
15164
1843
19007
17434
13826
20755
8805
21135
9143
1019
15978
13017
9499
15484
19515
13837
14954
898
3736
13841
13842
15357
17138
20889
7378
14415
13848
12416
13850
16876
11598
13853
16216
11544
11949
13857
19667
13859
17951
14857
20597
13863
19390
19932
21884
20332
3480
13869
13870
81
13872
2040
13874
13875
20597
5826
13878
19337
16824
13881
4929
2327
19414
8017
14239
10426
19517
18089
15272
8011
17700
12374
16188
2314
5454
17660
2109
13899
17197
7128
10100
4587
13904
13905
12972
20286
17843
13909
13386
14127
11900
13913
14629
9898
16116
4238
10412
20501
13920
20661
5586
14007
2530
6884
15475
15745
14494
19280
4231
6163
13932
1443
18883
4745
960
291
1850
20485
5319
4191
13942
13943
20483
15338
8135
1204
5326
4936
10877
12702
3263
7432
13954
8705
12927
3153
18555
2160
11424
1953
20529
10150
15700
17996
2387
19695
6575
5767
10913
688
13627
13973
14155
13975
15782
20417
4751
11046
14737
13014
8744
21620
10780
11938
1542
236
19131
8854
11039
20749
11280
4802
239
1714
13139
13997
16564
18762
5963
14001
21188
18807
12025
20624
1879
3542
14008
15332
8591
1197
9446
12812
14116
21441
18637
14827
2394
14019
14020
7530
14272
14023
7207
20835
14026
19313
15403
14029
7974
8804
4766
16537
20828
2215
14859
12180
21202
3799
14040
17555
1560
4280
20066
20852
4517
17766
5769
9428
14050
4858
14052
14053
20333
21189
18510
14057
20982
19611
14060
12392
9905
20259
14876
16746
17961
19717
9019
14069
13435
14071
2497
15923
7138
9352
2315
14077
17867
12734
16363
14081
9113
13076
162
6217
17207
1654
8658
14898
14090
3345
3928
10145
14094
3420
9442
14097
18747
2378
15397
9958
7558
5621
8755
13799
17286
12207
19731
9264
14110
20683
15103
7755
8402
9681
14116
14117
14118
16045
12979
893
9989
21057
14124
2391
16709
16220
14442
16941
8670
13390
21495
14133
18549
791
19444
2211
15314
9792
13040
18082
20999
14143
3400
20439
14146
7184
14148
16759
13893
1010
6644
15627
1767
14155
1919
19441
2077
12453
19534
7854
10554
7926
18773
3085
66
5477
19307
19745
14170
14171
21559
1121
4708
10533
7648
14667
15446
17088
2111
10836
2498
19653
7586
14185
5003
10772
18066
3461
16927
17950
14792
1906
17748
14195
4706
21610
12248
17129
7969
186
14202
6948
21596
16228
11220
8115
8709
14964
16725
4229
21965
1655
2832
4247
8318
4862
15408
3751
13450
14221
14222
14223
15284
19943
1317
14227
14228
21856
13011
4308
13687
15459
19146
5625
19876
11681
7464
17604
14240
14241
19670
4159
3582
5740
20133
18978
1331
20059
5774
10015
5770
528
14254
10874
13052
20373
14258
12037
19020
14261
8246
14263
14264
5225
15839
13470
9158
8075
1980
5791
2333
14270
3386
18033
17087
7769
21147
2847
17516
4129
15479
1374
17523
13797
14286
3094
7096
13606
5864
8601
19260
14619
14294
20324
14296
17227
14298
9473
14300
5406
16637
9053
19256
14305
5304
14307
19542
14309
14310
8865
10783
5576
11599
9574
11388
11245
8149
20597
16854
17030
5838
11456
4681
524
14326
12506
1027
4062
1333
13445
15372
11042
14334
4919
15939
4081
12630
6877
5042
20939
14655
1375
15084
1772
19474
20761
173
20288
15086
2724
19147
19062
7303
11508
8790
14357
14485
6981
8336
10099
19241
11675
16108
5430
21765
13156
16254
14369
6340
16200
14372
14373
11065
16891
16857
2123
14378
14379
817
5185
17784
2176
20204
16279
14386
1442
12885
21164
15619
8858
15285
10090
10919
19625
15060
14745
13337
14399
20638
4228
12394
10406
916
12596
757
14407
21891
11842
14410
12946
14412
6547
19127
10098
2082
6992
14418
20938
3240
3801
7539
15595
15565
14425
8509
14427
6846
1032
3277
5436
13494
9554
17352
14435
14436
2184
14438
2279
19077
16319
6653
670
7306
2737
779
16324
15427
14449
14669
14451
13157
9088
18540
21570
17053
1883
14458
14459
9644
6619
13594
6335
14464
21309
8631
2076
18099
14469
6096
19344
10209
14473
10194
1066
18919
17885
12784
15474
8186
4565
21192
14483
14484
9580
10008
14487
17306
14489
14490
19463
7660
19753
5611
6703
6630
4840
11055
20804
20395
14501
20560
14503
5315
5930
10225
20282
21730
4227
14510
12389
14512
1152
19908
14515
14516
12541
2702
340
20815
21998
19588
12002
5590
21964
12105
21095
14528
18468
14530
19286
7044
13161
14534
14535
18620
9086
13660
10255
502
2229
14922
14543
10572
10295
20243
14547
13514
9524
14550
13629
245
7537
1597
14760
20290
14557
19413
651
8512
11853
2455
17942
6198
5375
6440
11747
15116
9795
10455
21113
20057
14573
11077
18690
12869
14577
758
16898
11711
8142
9549
11787
17972
17997
186
14587
2051
15861
9075
15357
7342
12574
8099
9907
4459
14503
4848
14599
14600
14601
1489
952
19941
14605
13025
5704
10366
15943
19039
14611
273
14436
14614
2225
5461
6468
11904
17555
5845
6388
17051
11316
9662
5637
3590
5383
14628
800
4065
14631
14632
4791
14456
15489
14636
7751
3177
12262
14640
20613
9216
1858
21191
9189
10265
7133
13367
13108
12298
14651
3142
20864
14654
15285
14656
17633
14658
6047
7067
14661
14662
14663
16068
14665
5484
9407
6897
4993
21868
18949
5950
14673
16405
2261
7013
14677
3642
15324
1024
8490
10672
5632
15240
14685
12849
16568
16293
8976
6184
18257
14692
15406
4383
11390
10039
8453
14434
21922
14700
9579
566
17673
12146
11325
7064
14707
16327
14709
17130
11910
15940
14399
12544
19526
20457
10529
131
10335
19529
14721
20471
14723
11733
16263
4225
15823
6287
19429
9278
5404
14732
14733
12040
6110
8655
11338
12846
11921
3809
14741
13634
15805
14744
7050
3365
6415
10389
21694
10712
14751
6906
2433
13207
17363
16707
2273
16096
13716
14760
10646
21385
147
9495
10397
6613
8501
14768
5038
16450
132
2324
9695
12285
14775
7056
14099
15388
7798
12409
13068
12898
17762
10286
14785
330
9496
14961
11437
21618
21275
4335
13623
14734
13900
14796
2402
7969
3501
11915
14801
4389
1571
1734
7532
216
4879
7160
12128
10155
21010
16491
17480
19070
15569
11359
14817
19645
19085
1104
14821
2182
14823
10210
7144
14826
11681
5808
4893
18669
528
11528
19133
12342
13793
18217
12830
9433
20407
14840
19168
11085
14843
4652
8620
2404
19349
10791
8646
16833
10985
1943
20648
14854
10276
543
3039
15635
1538
20061
12639
2971
15665
14864
749
14866
14867
1596
7054
14870
10785
4115
19331
14874
10349
19091
3060
7542
20168
12104
14881
14882
19434
13191
2871
5137
19799
14888
7014
15693
17454
18740
14893
13119
12662
20267
17603
13419
391
5968
4927
11920
20427
18640
15246
4899
11326
20265
14887
16801
14911
11982
19041
129
17575
8948
13497
11639
14919
4525
11967
5061
14923
10870
3148
4298
14470
2694
14929
17912
12815
14932
2798
3965
14356
16672
7281
6984
4348
3335
14941
1925
17598
10656
4207
19474
16508
8168
21894
4070
19424
14952
7084
14954
19361
7026
14957
13205
7462
14960
13802
17186
4042
5106
8129
4286
12680
20783
16060
14970
15202
1664
17918
12500
19298
19373
14977
10319
14979
1824
6150
20102
6772
18097
14985
3943
5426
7783
6170
9040
14991
15739
10853
4295
17728
2018
13206
1889
14999
6885
11556
15269
12946
7695
11783
3649
16040
20633
6101
1365
12876
17453
19436
15014
5562
15016
13093
5028
13998
1038
6550
9738
15023
19663
234
3671
15027
6442
15029
15030
10778
18848
15033
21251
15507
1231
1974
7373
15039
14721
4217
15042
16636
20884
11216
15046
15890
11860
21185
15050
5623
5585
17910
15054
9099
15056
4648
15058
20558
4147
14391
4625
15421
4716
18430
2345
19350
19504
13699
15070
2719
6436
15073
20759
17105
15076
17048
1923
3686
18703
9062
15082
17196
9156
11358
8164
11972
20368
8549
1227
4929
19457
20926
15023
5944
95
2932
15098
19787
10878
14630
15560
14112
14449
16552
18428
19308
12584
13369
3112
15111
21607
9597
6182
10728
17705
2179
20914
606
14083
1754
15122
1987
8666
15125
15126
6198
21626
15129
21134
7081
7449
20641
13225
7668
1001
5081
18980
4311
10083
15141
15142
2534
20450
16057
6683
16015
16622
21196
954
15151
15152
15153
21524
15155
15156
5831
20302
6675
5535
12472
1940
11044
4530
4134
18864
20538
9152
19860
1148
6231
2479
11311
18668
615
4090
20936
19273
15179
18574
19327
12842
15183
15184
15185
11742
7003
21997
20101
15190
2226
6881
20074
4912
15195
5240
5187
16159
11390
9511
15201
8155
9057
16277
15707
11893
15207
15208
875
6010
15324
2666
18323
6075
2848
11825
18738
20511
4639
17494
15981
15222
9370
15023
16509
20306
15817
954
3823
10020
18810
16012
639
3694
15235
15236
15369
3696
14962
15240
6475
15948
1570
16600
16336
15246
18596
13380
12919
3178
14211
16692
16465
15153
11398
3500
3170
7490
15259
15260
5485
456
2290
15264
14389
10994
16521
7113
15269
17721
13458
15272
19135
9297
812
15276
21009
2897
16670
15068
16464
4248
15283
15579
8056
15286
13622
20369
9765
15290
15291
9561
19491
11690
7502
1227
9856
15298
1472
19407
15301
15302
15303
19642
12249
21173
15307
16731
15249
4251
10901
3276
19284
19694
10493
12157
17572
15318
17988
14568
17563
19437
15323
14679
21645
18546
21871
15328
5254
13322
15331
9404
18480
9623
18031
12318
15337
9719
3514
295
6272
9871
10269
21112
3798
12913
1203
14003
6159
4122
15696
13553
1563
6781
2989
10552
9956
20962
5169
12725
11657
14069
2679
20192
15365
11872
3341
15368
15237
19843
15371
19845
14364
15374
15375
642
17917
14598
15797
15380
7606
7560
20132
18353
3918
19999
4141
17491
194
12528
4723
16969
7837
6572
1377
15897
8242
15398
3417
13637
15401
15402
15403
16003
15405
16753
18008
11324
18590
8561
18183
18104
15231
8222
13095
15416
1706
13321
17409
9987
15421
17956
5654
7029
2097
18174
5067
12868
5078
15430
14769
1957
16632
14430
15435
16219
6452
3413
122
20472
8634
15442
5076
6841
2255
15266
15447
13233
19718
3364
19020
5216
15453
495
19824
2461
18381
9891
15459
5168
14974
1541
15463
15464
8524
20861
3656
19889
4032
13737
16288
15472
8086
2596
16795
18318
17830
15478
5160
1965
3821
6186
17872
15484
21646
6980
15487
2349
10303
15181
14122
20466
10720
21084
667
3811
16280
2837
17689
16893
3477
17337
10215
15504
18481
15506
18238
1128
5631
10938
15511
11799
13951
10742
5918
9539
8803
14963
15516
18684
20902
21400
967
13705
10700
15526
3762
13217
20257
6424
12220
9727
21513
16151
16976
669
15537
21725
3046
15540
5392
15212
20447
15544
20777
8298
15547
1111
11832
19839
17204
6353
13750
14879
13205
21978
14000
4594
5341
6934
5105
11209
15563
12695
15565
15566
4744
15568
8987
5544
18347
17691
10759
15574
10531
15576
15577
15578
19953
8764
15765
17863
21790
14405
15585
7981
15587
21064
3988
7768
11396
15872
15593
14045
10825
264
18046
13299
2874
1319
15892
21199
15603
18655
18115
8374
17580
7144
14171
15610
15611
15612
15613
9364
14702
5435
15617
12045
15619
15620
21097
12912
13224
12462
1410
14464
15627
15628
12254
2937
21824
17378
20221
664
12724
8856
5503
15107
11783
14600
16783
16267
9558
4495
8353
12814
15647
10573
9669
4365
15156
15652
5632
589
11676
15656
16766
15813
19973
8746
15275
2800
20746
15664
17316
1417
6812
2621
15669
8494
21827
2630
9810
15674
242
20070
18412
3837
3929
5418
14677
2155
5760
15684
1051
13647
7646
17342
15689
12080
138
12225
2728
15694
15485
7333
1003
15698
15807
4534
4467
16505
15703
18206
20473
16660
19892
19378
3916
1931
18048
6030
15713
17123
11855
4293
6285
8177
15719
8562
2722
13799
19643
20935
15725
8046
3728
15728
14443
14773
3879
20355
11992
21358
20127
5337
15737
15738
18256
3563
3739
4284
7826
19437
8227
15746
19740
18624
4711
7279
16529
19819
5836
5754
9766
20114
351
15758
867
15760
4365
1232
15648
6834
12930
8089
9618
3394
5074
21887
11107
16151
21191
4454
17562
11640
13348
7238
6809
16912
13081
13976
8869
15784
2588
2662
15787
17523
14607
17089
6101
10594
4792
15794
10611
6571
8978
17946
13679
3183
15771
15802
2523
10935
13538
15806
15807
8533
16604
16829
15811
21538
15813
10266
13020
4564
16175
6510
8684
15820
7523
21032
8890
10139
9365
537
15827
13646
15829
15830
19540
7111
15833
15834
11374
8628
15837
12610
14266
20156
181
15842
3382
1583
11977
1075
12980
19509
3081
21962
1607
11278
4137
18687
17137
15856
2656
15670
350
1303
14038
3150
1728
15594
3625
3296
18254
18678
7550
8118
18727
4285
9388
11533
1274
2562
9200
15878
4257
21949
12149
15764
15883
7309
1701
9198
1562
19181
2269
21946
15891
8350
21364
3947
2078
7699
7583
16538
14160
1932
3428
1528
6685
8393
17004
1137
15907
13838
4438
18783
8575
9057
15599
14204
19393
18481
15100
15366
5456
20196
21597
8795
9304
15924
9507
20336
5729
15928
10625
13879
15931
21117
15993
8107
16227
15936
17801
15938
13509
12703
14062
8828
19174
15944
8721
18725
7452
15948
15949
15950
19341
1994
10950
8445
9129
15956
374
18780
17415
12733
1308
7353
582
4495
13813
15966
21962
20111
3723
7338
10817
14672
15973
15974
11396
14710
15977
13435
5223
1872
9645
12333
15983
17316
3660
4357
13939
20249
7131
8870
8071
10978
198
12375
8518
3002
4480
18666
11427
20148
13371
16002
10359
20848
12811
2851
15397
21534
7839
14436
14319
5431
16013
16014
16879
21447
4662
6776
16019
5443
17847
14869
15117
16024
3330
18012
2614
4148
6735
2550
2712
11846
16033
14104
7373
9780
6227
16038
16039
16040
10318
5251
14254
14154
21298
5121
7244
1700
21432
16264
6766
3332
1406
16054
21609
13452
16057
16653
12180
17861
5483
20900
18558
16064
17866
16066
16067
2119
406
20076
14294
19095
478
13476
9112
11271
10083
21394
18737
6688
15736
2962
12184
12565
11610
4719
11286
15302
16089
15458
21586
12637
436
4180
18671
3414
1071
648
9102
15874
10581
14025
16103
8824
2749
20454
16107
20256
18396
8229
15960
16112
16113
3609
7170
9269
20309
3265
20672
16120
5289
4489
1184
3945
9058
16126
16127
21785
16129
19384
10236
16132
728
16134
3655
17037
10278
13454
19194
5519
16141
21377
16143
6484
12555
14302
9132
13294
19797
4627
19437
9682
16153
13800
9472
21748
16157
14444
15678
3337
17548
10044
16163
9388
6149
16166
3354
6172
16169
11958
12459
9147
9132
15481
10481
14884
17047
14995
6047
4335
16619
1760
2243
4279
358
7644
12110
7570
10625
8901
561
18711
2871
16194
20363
4303
18223
18672
2365
20294
16201
16494
16203
15650
16205
16206
9537
15345
10986
6222
5394
10805
8728
3087
16454
8147
16217
4237
3099
17640
16221
19462
14244
14204
16225
16226
1564
19324
1576
11602
7708
15803
16430
16234
277
21798
7322
1486
20219
9452
4524
13055
13329
2623
392
16246
18639
16248
20457
1433
21767
14822
16253
18256
8156
2551
8563
10522
19506
16260
2197
15780
12786
21841
6864
16266
19107
1836
4925
17415
306
16272
16273
767
20975
8955
5748
4657
1508
18967
16281
16282
17082
4163
3819
16286
3905
16288
12923
16290
16291
3599
3897
16294
10623
5548
10388
15317
6355
10032
5400
4097
10678
12989
18757
20541
2181
3783
3363
15711
2573
9049
1306
17806
16315
17186
17384
16862
6694
16320
20245
7765
15564
7990
14793
2625
1008
5146
19195
1386
21199
12833
13427
4190
7983
13676
156
12769
10441
16340
9173
12467
2373
17597
16345
13482
10758
11834
16349
14417
12200
7234
17570
16354
5957
16855
16357
3236
3437
16690
7069
4383
16363
2577
10541
17778
3527
20240
9243
12801
12635
15281
2140
3178
15245
17764
13752
3150
13749
16380
10672
5590
17136
16126
15556
15826
16387
15791
6739
14391
15114
16392
5336
9492
16395
7393
21682
20768
16399
11041
4636
12691
12978
15156
16405
17285
16407
9437
16409
16410
5950
11803
4120
21128
20208
16134
4541
13655
1369
16420
9578
16422
18158
11285
16425
4816
16754
3393
16429
16993
14537
7542
14625
5908
5521
21636
7700
20887
20254
13775
1596
7808
6107
16444
20709
6727
7467
2593
16449
9759
18143
1418
19874
4911
7684
16453
16457
18277
11265
8684
4654
3156
14525
20863
20247
9999
12625
18433
7609
11922
16471
16351
14133
9879
16475
21038
4963
13309
185
16480
395
7919
15287
7568
17745
18134
16487
19779
21583
16490
15726
8968
10648
1055
14866
5572
16486
12143
16499
17611
6876
6435
657
12682
17802
6755
13301
8427
19487
16200
7991
11888
5470
12951
12463
4158
8420
8674
6409
11642
5050
18360
20228
16221
2595
4722
11358
17197
3397
3604
13283
17019
17897
9218
4316
1550
5592
13681
16539
16383
16541
19750
9113
7122
21816
17034
8476
1023
10461
4852
10532
12913
10534
16027
16464
11269
14240
6460
5239
2433
20470
4548
8482
14304
16565
20337
340
19422
7993
16570
16571
7552
13475
5977
16575
16576
16782
19475
16566
6831
7233
16582
6919
16945
19171
19467
17556
17505
18148
20253
1651
13810
3239
7642
16595
3446
3739
18255
16599
19594
7803
4660
17409
2419
5351
2134
16607
15025
18888
10653
13929
18348
7424
2354
15425
16616
7213
20261
19219
981
4790
15672
1847
281
12636
3604
21494
14580
11863
12182
2230
16337
20763
10469
3118
20377
13720
16638
16639
13276
19953
8696
17860
18117
16645
9026
1737
21760
16649
17522
15496
6495
11601
6064
16655
12609
15069
8290
16659
7174
16427
1657
21048
16664
10593
6849
14666
8866
16669
18672
16671
15616
11562
461
16675
16676
18194
1986
16474
16680
4778
8770
16683
16684
16347
13746
4439
12661
12957
6438
16691
14321
21726
16694
21045
20471
17839
3209
16699
1902
1969
5279
4525
13388
16705
21445
3903
12508
4203
16710
10568
5269
4036
10620
16715
16716
9179
13792
2076
16878
21919
7851
12675
8252
16725
14171
4808
16728
3559
11318
15308
14739
2598
16734
165
16736
14998
6627
15455
889
16741
18804
21877
19335
19403
5779
6083
16748
7437
16750
11977
18903
14850
5076
2157
1815
15402
2401
16759
3731
8605
4681
10649
10875
3356
4558
21937
11139
14859
10631
13980
5469
4832
1974
21869
15423
16777
3360
16779
6453
11471
14988
5844
18543
3974
11990
358
10092
5903
10665
545
14121
11395
16794
12004
19619
18580
12967
16799
16091
19874
5389
8777
10507
6213
2322
19226
18055
8337
17934
16811
16812
12914
16015
17803
17729
15887
16177
17025
16820
9327
1561
6934
19470
4406
4153
2759
19061
16817
12495
7044
20388
20327
1846
6833
16836
9165
5652
11565
16840
18895
463
19847
3034
4956
3404
11356
16400
11228
14648
3880
17458
20503
16854
16855
18647
11872
16858
14220
17357
16861
16862
16203
16864
1392
16866
16984
9746
11106
16307
20054
16872
21663
10942
8550
14349
16877
6861
16879
16880
19701
18943
16883
2359
16885
9586
12225
4409
515
4134
15493
2782
21771
10350
2492
16896
2092
16898
15637
16830
12082
8199
7438
13777
19603
16906
21451
5746
15498
20470
5867
15917
14288
16914
16915
8742
7818
16918
18464
18062
5831
1451
17018
11229
18508
20658
4604
15749
16929
12592
2386
8583
2567
5096
17501
3741
16937
16938
8608
14338
12484
15984
1337
9796
157
16946
17715
9196
16949
11453
16951
8162
16953
9070
20077
3950
19985
11891
16959
10104
14459
2372
16963
14659
1561
13135
4101
16968
19581
7867
844
6493
7002
13275
20120
21496
2351
20424
5807
2367
12927
9962
11099
20145
11345
16986
16987
2287
4469
16990
4937
16992
16993
16994
8118
19703
4399
10732
9548
6147
16303
15642
19704
13161
69
16266
11201
5316
17009
17199
15839
3360
16572
1913
1659
17692
17192
13295
2456
3831
19785
13117
3036
278
15990
17837
20369
13903
2644
19766
14584
2554
5462
15627
17035
1989
6625
2027
21340
18616
7913
3505
10883
21083
5743
12863
20103
20931
18938
7641
21472
9157
3262
13430
4291
14174
14370
1947
1568
17060
7331
1924
17063
18650
6909
17818
17067
6268
6000
17308
20556
7404
13645
17074
17075
17076
11843
3267
984
4123
7571
16849
15672
18538
17085
7051
4605
19229
749
9162
17091
21849
1271
11848
13120
5744
10045
7126
10655
18906
9469
17102
5508
2223
16087
16932
21594
17040
19257
16680
2931
1181
1888
18857
19344
4773
18556
8522
3424
15786
17121
19123
17123
7462
16325
17126
6263
18688
17129
6306
14327
4954
12803
17134
6632
12958
12060
15458
7754
483
11873
17142
15128
11974
17145
4591
12730
2041
367
16835
9436
21425
15705
11996
17155
21645
19559
5083
17168
4694
15903
11989
19548
3413
10835
16735
17167
1944
20334
21798
6803
14789
6889
10512
10842
12932
13085
17178
14840
17180
1253
8351
1711
5048
14036
8026
17187
18421
17189
8820
2411
11598
3753
8886
14100
13131
3143
17198
21079
8577
12491
17202
183
20755
13494
1205
12935
12036
539
15052
6567
13235
17213
3474
17215
1536
12090
17218
13565
10168
283
7477
12504
15212
8093
2281
6586
11043
1608
20608
16416
6997
21798
9381
13750
12707
1773
21316
15578
18622
18470
10215
7356
4816
12685
9174
13276
3245
16652
8953
16753
17252
17253
2588
782
9753
775
21743
7842
8514
17261
15440
10261
12962
17399
13648
12391
13417
5961
3557
7942
10377
7344
19513
1994
1093
3338
17499
11869
12732
2843
17490
17283
7925
2650
522
5488
9851
18677
14956
13037
10404
5588
20205
17295
17296
20735
4879
2296
19927
17301
18962
2989
719
19818
11062
13609
16079
10813
2944
19937
18745
5066
17314
13148
21020
8590
5704
7733
7841
21040
17322
12666
19100
11034
2138
8843
7434
17329
4900
20713
6988
15770
16183
8410
15625
16261
5239
17339
11646
4381
2060
6124
7508
17345
17346
16176
17348
1216
10111
5856
15748
12025
17769
12317
19093
13779
13266
2800
19899
4905
13251
978
8790
4235
17366
17367
21694
11602
10102
19830
6196
9462
17507
4940
15935
10358
17378
6437
20347
13271
17382
18959
17891
17385
17386
20704
17388
21892
15759
10997
17392
12943
21938
9326
13733
14675
10085
9828
19617
4400
320
17403
21991
13096
2770
17407
21282
14656
11055
17411
10426
16310
13532
12257
12614
4752
2362
8374
20513
21696
19868
17423
12469
2331
14424
10004
9015
18268
5272
2690
19296
5126
11920
2906
1219
13336
3060
1059
13058
17441
8138
3936
17444
17445
2647
17447
4433
7370
18995
14183
3815
17453
17454
16570
1856
1634
18248
8806
21661
20563
20909
9094
20859
17062
17466
9912
13333
19302
9185
4281
7642
11692
3018
17774
6712
671
17478
2504
14727
16681
9773
11518
21961
7533
4451
1045
13721
10107
16301
12677
1780
13256
391
18698
17496
6629
12242
6357
17500
17501
7153
11478
2083
21210
10170
1205
11697
7673
10909
7423
16869
10959
17514
20437
11224
7786
3957
7117
15257
10356
2331
3027
2692
13255
17526
17527
5360
8504
17530
17531
678
20863
2201
8023
14618
1737
12665
5837
1763
11585
5352
12267
2330
17663
6383
17547
10537
14873
21705
3843
17552
17394
6978
2082
18638
2523
18229
21505
804
4052
6866
19783
2481
5824
4908
18946
19188
13024
11055
19143
13236
20671
6478
1156
12046
11488
8722
6440
11764
12431
343
15969
13169
21587
21375
17587
5070
7492
17590
19809
7753
20252
7089
12387
2186
4014
17598
20201
9850
11083
15385
7508
817
4310
8199
14390
1380
365
17610
3375
14706
9342
94
17615
1563
8531
17618
4959
5382
6966
9831
12376
7244
14994
7069
636
15550
3291
18428
18761
1032
17633
6296
3860
15263
4100
21631
21605
3859
8727
6801
16961
20381
7154
3030
12857
17300
20489
20419
12900
7954
17653
10631
5901
15004
14369
9540
4642
10153
7295
8026
11963
12153
5164
16306
7527
17668
17669
1705
13815
4292
20397
9731
17675
16807
17677
329
20277
18926
19836
6410
12774
17684
6966
4763
17843
17688
19190
16573
3782
17692
6304
3509
10621
8719
12905
9216
4121
5936
1984
4399
20308
15018
17705
2462
1569
3839
17709
16858
18105
14004
6513
3051
16947
15658
7844
16730
17719
3282
20233
11796
12348
11316
446
12309
12451
3503
3572
3103
17731
17732
16906
4786
17697
1939
6012
17738
20603
19193
21708
19754
19747
16470
8061
7226
8778
17748
17749
390
15643
17752
9175
17754
12200
17756
594
8924
16285
11631
3912
1133
21289
9767
17768
17766
10786
17768
2514
14344
12934
6017
915
916
510
7254
17777
19202
19185
5739
17781
18584
3347
17784
18491
17786
1336
11616
14627
17790
17791
15896
2751
6180
6481
3079
21950
17798
21457
12686
17801
17802
2585
17804
21282
6813
379
21665
11420
9934
21401
9408
4260
17740
20573
17816
16953
4707
7656
17820
2545
17822
2507
6710
11541
16990
9658
946
16475
13423
5671
1313
11424
2148
10283
17055
7734
14683
12014
3218
3923
18140
11929
5091
10142
18622
15109
12936
17849
1708
20571
15162
353
18343
9339
6177
6350
19157
17859
2070
17861
8468
6620
17864
5240
14179
17867
21318
17869
8131
3648
1684
11233
18776
17875
15092
16889
9389
2021
17880
17881
7338
20086
12366
1598
17886
15352
17888
18273
19789
15906
8840
770
232
10285
4266
17047
7961
6215
17900
673
10543
7405
16726
13265
8705
8553
12529
17677
12179
2052
20343
5317
20853
9955
17916
17917
11498
17919
21970
17921
15993
13196
4040
12046
16822
14695
10529
3279
12236
14953
11877
4434
10565
4618
17293
21063
14265
17939
17940
10851
20751
17836
12526
2115
20768
11338
2485
19390
17621
14116
20279
14986
13950
3435
9414
17957
5240
14692
6074
11785
11389
4179
15838
17965
17966
20442
9267
17969
2354
300
19903
17973
1325
11918
6697
11606
7557
7740
13983
2531
9505
1844
13737
1928
10769
15754
4849
8202
13412
1348
6331
836
5790
14359
16414
11700
19508
18219
18000
18001
18733
18003
14633
3453
9279
425
6130
4089
10076
12695
18652
14253
3013
9670
18016
6895
18080
6737
6371
21776
15572
11376
20937
13674
18026
10615
7698
743
21440
5133
8735
16022
14472
5415
17865
16803
7049
4260
18467
14710
17390
18043
17121
18045
18046
19523
6615
7677
16178
21122
17503
18148
10770
2623
17688
18755
18058
6466
549
9923
11738
12507
17114
6982
19224
10668
7756
8740
10835
19369
5830
14644
19761
14319
18076
21169
18078
2242
16321
11814
7766
3035
11455
10830
9919
21314
4724
16960
18090
18091
1729
18941
9425
10340
10092
5978
14440
16035
18100
6274
2515
3426
1249
7059
20943
19498
18108
17493
10794
18111
9522
18113
3525
4355
12832
540
20440
5185
1398
8816
6444
18123
16434
18125
18126
7380
11842
21457
3907
4995
18132
633
18134
14212
5483
8698
8985
11410
9734
13128
6494
16451
19920
18145
21819
8464
9297
7555
7350
18151
16820
18153
2059
17126
18156
12924
8324
18159
19976
2212
14956
8596
18651
18165
18166
4361
7699
6322
4861
14344
17683
5021
9992
18175
13588
10393
6763
2000
15104
15405
18182
20784
7130
9818
5815
5689
4606
18189
2472
16254
20655
12119
5156
2956
7819
20725
20861
13442
5843
10264
18202
17836
17496
9097
18206
17157
2283
17405
10802
18211
16699
12070
19358
19660
15336
20390
17760
5435
20174
2238
13486
20556
2153
7937
17081
6797
2201
17355
18230
18231
1813
18233
15670
18235
15022
18800
9145
19572
14037
2209
20216
21738
8163
8248
17341
3379
18248
15618
16365
12228
1299
17163
18254
18255
8255
18257
16313
20790
5977
8649
21602
10559
1595
3082
5493
14059
20634
20599
7533
4868
17139
17239
12331
16441
7269
18277
18278
21784
12316
15229
82
20248
9987
13463
14637
18840
18383
12589
14911
14761
7395
13535
5242
7124
6887
6891
11232
4565
9053
15190
20515
18303
15050
13203
18432
18305
17175
19517
18310
3908
18312
17333
4849
13940
9044
18317
18226
18319
6407
18321
9316
4865
12379
21360
10958
13383
14747
12236
15232
12343
13865
12173
21711
6172
21979
220
21040
19413
1535
18885
21043
21692
14952
19544
3146
18347
20191
21775
7753
18351
2853
4467
20816
10171
18356
2672
19673
18359
19312
17186
13984
16352
8852
10253
21731
21100
21015
15936
18370
10654
2090
18373
15245
20385
8715
3162
16280
18379
10017
14396
20180
175
15409
19046
16685
18387
4017
19692
12081
18391
1591
12203
18394
11637
18396
14996
2753
1220
16587
13710
19632
21390
10714
782
18812
19388
3365
18409
3407
3806
19908
16721
11776
8117
8270
18417
21473
1869
19603
21396
15801
10954
19194
3984
18426
7875
2188
5953
18109
16042
18432
1757
4984
10483
1619
13396
21578
18439
5771
15609
12741
16512
18444
16922
9278
18846
6325
5080
5114
18451
19681
14193
18454
18270
10481
10290
16392
2588
10991
739
18462
18463
10425
18465
924
15737
11209
21980
13415
16534
283
1813
18934
8614
11568
7274
18478
18479
12032
15320
3201
21384
6463
18485
18486
18487
14213
14831
4589
12700
6285
18493
6676
14441
2996
16511
17212
4534
21276
20059
21184
8833
19757
8562
394
5256
18508
15877
4378
1940
3721
4645
10519
16650
19241
18517
18518
19642
14818
18961
10735
1146
18524
7044
13569
5265
1159
17979
18530
7054
2272
4538
21037
1132
7249
17380
17324
8920
5750
12050
9658
18543
18544
3510
12894
21238
14624
2253
17043
2584
1144
18553
12556
3958
12860
9418
6435
1673
793
18140
18828
19509
7731
16549
12020
19879
18568
1726
11089
15706
9610
6629
13433
18575
12147
18577
11855
18579
15581
2329
18582
18583
8319
18585
10889
18587
2306
11568
14782
14075
7489
18593
14750
20810
17391
17845
4107
18872
21667
873
8758
1109
3545
19211
18606
21702
18394
12107
21560
8804
12808
1052
18703
818
2161
8237
17487
18653
2625
13693
13684
18623
18624
20742
18626
14684
19225
18230
20123
18631
19601
15500
8529
13314
18636
13576
21742
15810
18769
4845
18308
4907
5249
18645
19371
20022
9136
3291
13639
18204
3489
9766
3249
18655
16900
12065
18658
21287
11773
21490
17360
2067
9913
12767
15341
11166
4946
8265
17158
9691
8888
18673
21395
18675
18676
16099
4715
14324
20618
8865
18682
18683
7947
628
867
2511
18688
21352
18690
13775
11500
18693
14707
18695
5580
7414
4487
593
21070
374
696
19383
21793
12281
20807
14243
18708
2242
13117
18676
20120
21348
9457
21627
2189
18652
13489
6986
18720
5452
8159
11047
18724
143
4985
2894
1477
7817
909
21459
20447
18733
879
20918
3309
5387
18738
1340
16542
18741
16450
20316
3252
7088
8534
13504
10818
21037
8249
19673
16309
12524
6336
18755
15111
17061
11562
17177
18760
7175
10440
1413
18991
3999
5288
2618
20659
6246
9422
3823
20418
16483
4328
21250
21970
13680
10608
18779
18780
18781
14149
539
18784
18163
20015
15065
5737
9798
13712
18862
6811
14302
20799
17801
4675
15744
3660
9739
8027
13215
2717
3925
17795
14831
10428
14685
9628
8513
961
13051
18812
3657
15551
21253
9008
4457
5753
9591
271
18821
19902
18823
18824
7415
9479
18528
20242
21141
12235
2728
6761
12892
10807
7016
1063
18028
4238
18473
18840
18841
18842
3488
17385
17863
3138
3880
20480
4814
11243
11754
783
15932
8506
18855
15476
10099
9217
5194
16405
18519
18862
18863
4344
7046
13585
3389
18868
19103
2782
5173
12517
5417
1235
1958
17424
18877
5372
18879
6101
12679
18882
18883
16888
11814
21294
641
14334
18889
15657
3431
15810
8379
19631
18250
2123
18897
6858
3184
9963
13781
3421
16871
5985
4620
21322
6079
17507
20628
512
2017
18912
12630
18914
18915
18916
7179
10996
1192
8900
19591
8457
20866
20971
6096
11528
18927
19003
6974
18930
17325
9034
3549
13597
7532
18936
1792
16088
14536
3530
21068
11371
18943
1312
1044
8724
19720
14047
16856
11160
18071
18952
12569
4327
9497
6018
19631
1268
741
14596
18961
12788
12187
18945
13330
7860
19697
8254
14836
11404
2301
3820
13232
15879
6539
15154
16788
18611
11020
17519
16133
18982
11522
552
18985
7618
4924
11546
20790
19979
5979
18992
14682
251
5743
10232
18997
18998
19134
19000
1266
3915
10735
7876
19457
2375
10727
21607
4087
19010
2321
19012
18135
13833
10041
7613
18934
10969
1682
6429
14434
20938
2801
14234
7449
3271
11025
10463
4322
11686
13151
19032
19033
3259
15332
16047
4255
17828
19039
21383
5202
16067
19672
13973
9735
16291
10594
5618
14133
19050
6282
1129
19053
6258
13923
18388
366
20557
2807
9673
14711
14433
19063
17664
14900
19066
9820
18238
11858
9260
2024
17375
19073
16107
4422
19076
19077
13916
8436
1319
8458
9665
5804
13971
12053
9115
19087
17588
19089
19995
7179
319
15385
19047
17414
7822
19079
3764
3331
19100
18628
12160
947
18935
6878
19979
15906
19215
6838
14872
2062
21858
20030
13431
4694
20129
14837
19118
1872
18454
2464
2973
11674
13043
13229
7077
547
5114
19129
13056
17859
5502
4277
2214
14868
4351
494
3304
10666
7153
19141
12640
16226
14162
3914
19146
3408
11584
12352
5732
19151
19152
19153
6289
12791
20757
3531
15157
426
16443
19206
13169
9788
11111
2485
19166
17349
6363
9781
15645
10614
18621
2508
18215
2539
7720
10022
18843
21758
18887
6529
8435
18848
11979
18838
16146
5961
6445
16403
14178
14492
21283
20045
7874
10824
19196
5007
19198
14620
20150
7958
19202
19203
7238
20932
4915
21386
7685
11967
18061
15290
19212
6122
3160
2340
19216
21455
3488
7428
19220
4194
19222
1598
14188
8538
6915
19227
12671
1392
19230
9226
6575
15169
12202
21481
19236
19237
235
19239
17384
3703
18446
19243
16953
8840
18533
13358
17483
3128
3428
1416
19252
12699
19254
14862
3517
16252
5527
5959
8159
18188
18511
19561
20981
14965
10796
10988
19268
12896
17933
13069
3780
21916
1858
7155
760
21219
1527
17455
13929
16922
11182
13917
9591
12691
15873
20239
20820
5765
7434
19291
9252
19888
18580
15899
18464
2105
19298
19299
13034
4507
10921
12226
19304
19305
19306
19307
12824
12145
13854
13880
12595
19495
18699
15599
997
13323
10329
19319
7856
11796
7444
15063
9286
13331
19326
10121
21087
19329
9466
19916
19332
19333
19957
2307
17259
3258
17232
19339
1523
6740
18934
18734
18459
18666
8007
8679
19197
4639
19350
17376
21395
17636
16156
19355
7841
10407
939
19476
5172
12130
336
7745
8581
17343
736
10635
20789
923
19370
17763
19372
16763
5356
15697
10018
4301
16800
11793
21749
3024
6289
19383
1717
19267
16521
15340
522
3145
17054
19392
10420
9409
16359
8193
19396
19397
19398
3024
19952
613
19402
19403
8690
6868
19735
19407
15165
18167
8564
10702
20163
4041
19414
6751
2166
7356
412
18691
13462
7504
9482
21957
19424
19425
19426
12061
19661
12633
21061
2519
21207
3607
7071
19435
21774
14544
4906
11451
11891
17653
20681
19443
11615
19445
8196
17144
19448
604
3387
21350
19257
16095
19850
1182
19456
18661
4659
6547
1752
4675
14772
11507
15244
11623
18367
10552
18452
20137
13110
598
10647
2495
3338
2287
8794
19123
4625
19479
19480
3395
12006
20770
19484
1615
2195
16583
666
418
8163
15293
16780
8711
3257
14086
20301
19308
13993
17370
829
10091
3247
884
19504
19505
1038
6907
8014
2297
14480
8444
21467
10401
19514
15255
13947
15623
19518
5688
9608
2069
1735
11202
16011
14645
5373
12419
12988
19529
21176
17827
19532
19196
852
21648
13417
4806
9880
9064
15831
17983
15054
482
12048
2537
17850
18854
3585
1085
7608
9464
11958
19019
1447
12136
14920
6885
19558
11677
10739
19782
19562
14384
2670
20760
15819
15510
686
18093
15253
5762
7056
17251
16872
2999
2991
19577
21877
19579
19580
10946
7473
19583
15849
19585
4460
1024
9687
5924
20579
21424
19592
19225
13528
13614
15196
16463
270
19599
11271
1359
4462
9097
11394
19605
19606
1397
8568
19609
16273
19611
12504
21554
20186
13511
1919
10606
15496
13848
12794
21683
18031
6170
19437
11565
21720
4729
14711
19629
10189
6651
18584
21548
19634
19323
2105
420
19638
15242
19640
18204
18150
18955
19242
20509
15647
11059
19131
6321
741
10886
19652
7484
2325
18492
9196
3362
11963
16158
4703
12716
19662
18414
15312
9237
10714
16674
8856
3368
769
19671
16036
19046
16964
11707
10506
16337
19678
326
19680
4787
1302
19683
16936
19685
879
16949
241
7250
9737
13580
10058
19693
5216
6198
19696
9319
4528
17942
17945
9055
19595
19134
19704
13855
19706
18035
7702
2073
2611
3825
19712
19713
1397
19715
2590
17180
9803
19719
18947
21129
3429
18659
19724
9971
19726
10006
996
6594
19730
569
19732
8278
6224
6142
19736
2722
19086
19739
19740
7403
15040
19743
19744
2167
5719
20263
11751
8911
12658
18799
18549
13713
9474
188
17619
957
13353
15447
20254
19761
13990
19763
17719
6618
8022
20623
6043
6393
17125
354
19772
577
8582
5007
14166
21616
12137
2957
10130
2599
4570
11196
17426
4556
5553
18229
3730
19789
3898
15840
19792
13442
13124
1545
16313
11612
10632
19799
9656
15904
21387
10750
8249
19805
19247
19807
3463
4561
9356
1048
19812
1618
19814
12716
20441
19817
3610
19905
20933
9910
7105
15216
3408
13262
11870
19827
8399
19829
11487
17047
10149
3171
2258
5703
13406
11679
18905
3415
18348
15303
15242
8920
10454
21661
18196
13907
8527
2739
11093
11055
2203
10527
6898
19855
12730
19857
1056
20244
4483
7314
7334
19863
19864
19865
1220
15611
19868
462
21376
19871
7167
6690
2815
1187
4297
21473
3262
21712
9405
3726
19303
3571
18531
2929
5476
17031
9390
7513
10452
9876
21897
19893
5622
7063
20290
13666
1570
1730
10995
19901
7101
20516
19904
5270
223
2080
269
459
18048
19911
5501
8731
5112
19915
19916
19620
4057
11620
20063
1774
18981
1529
2885
971
11780
19842
18939
10547
8727
19931
14907
3396
19896
19935
19208
11475
9489
16370
19940
10698
17255
1064
9338
9030
18071
11881
17502
2198
5937
18359
21914
19953
16472
19955
5800
15799
15537
5371
6841
19961
15171
8723
14148
7129
3504
9016
1402
18328
19970
6768
284
20867
17970
20460
6289
1162
6817
19979
17359
12140
7724
6706
107
17394
15140
20061
16251
13020
13014
617
19992
2421
19673
20355
19996
10809
15114
5149
6002
12640
3570
20003
20004
3893
18231
7668
18917
18020
16913
20996
20012
964
5035
13856
14192
20017
7509
1071
20020
7219
20022
3733
6345
10187
17236
14950
4131
17535
5328
8225
5585
3824
10394
9430
475
20037
3175
20039
20040
10026
20042
20043
4715
20045
6446
9874
6493
17438
13093
18352
11420
14592
3583
20055
4076
17029
14718
6465
11692
786
7190
16445
5745
526
13275
1497
20068
9581
382
20071
12392
9886
7575
6516
11995
13917
20078
15908
18329
925
20082
19432
8619
20085
4224
14769
11187
10399
20828
20091
10478
9033
21605
13709
8285
20097
20098
5257
4470
9954
9841
14922
3774
8045
3066
13344
2286
21175
6888
6461
20112
20113
15361
7595
4656
10171
4118
15530
18489
8989
14675
10883
4317
16925
1456
7968
20128
5688
17811
13936
9132
798
5649
18380
20136
16481
9187
14970
20140
15307
18364
20940
6414
20145
12640
4967
21052
18395
19200
18641
20152
13225
13137
9090
20840
537
10846
19976
12352
8653
12626
6608
17108
5330
8632
21803
1325
16845
18515
10365
16742
6270
20174
9563
6335
14750
4333
21977
17654
7999
17006
6338
17344
10939
19082
8692
15596
5428
20190
12451
20192
12795
20194
20195
20055
7713
1175
4151
15239
7631
5718
2886
10641
20920
15748
9000
19294
19382
8106
5121
19030
11116
9647
7368
7150
10864
20607
11862
1194
690
19465
16892
16774
17157
6572
19406
8616
19363
16789
20231
20232
1789
5488
21523
20236
20237
10703
18944
20240
11712
20242
10428
2643
18872
8085
18493
18852
11929
4290
9328
16464
17464
6783
20255
17189
1201
17966
5698
17142
20381
20262
8656
20264
19044
19209
3480
10787
4688
20270
20271
2672
16804
1856
16814
17127
20277
12836
14720
18195
14447
6698
12822
15610
21659
12963
16688
2274
14518
20290
5552
8053
9347
5911
20832
10984
4986
13325
20824
21747
20301
16410
20303
20304
7115
16330
20307
14291
20309
6626
15044
20166
17870
3208
20645
272
20317
16451
13737
6116
17735
16704
20323
6675
7216
17166
15872
1641
8581
7941
20331
2061
2007
17169
18041
14887
21168
2797
20098
20340
15097
8141
2626
10789
20345
798
6195
9951
7509
14567
14851
20352
981
20108
17071
8283
12983
14301
4795
21983
20335
20000
4987
9536
267
20366
8326
12676
13073
20370
20371
7398
966
471
12445
9751
14537
3737
21643
2807
19453
20382
19237
16533
7738
11744
1354
18642
5759
20390
5054
16247
12929
11002
7127
20396
4180
17143
8494
11465
15300
2254
4313
13845
18267
18578
17550
9315
9059
20410
10025
20412
4832
7968
6939
10696
20417
13466
4717
20420
3571
20422
4921
15817
20425
16041
9270
11904
4789
18470
10070
7704
17765
13365
10510
4968
20437
14595
14841
20440
11536
5607
18575
15105
11560
5674
20447
2908
8350
13900
8214
5817
4083
15127
4241
13916
6280
9032
6846
9857
18024
1414
1660
21237
4050
13036
17717
4241
3421
12419
11603
20472
5661
21330
7965
6360
17861
7361
4548
16308
11417
21747
13944
18361
19890
20486
19328
14010
6206
16452
21764
3126
12481
3092
3117
13179
17226
9029
20178
20500
20501
2857
6995
9604
14941
9282
2520
7223
18648
18110
12766
7925
20635
9056
5180
3204
14694
7582
13305
21302
20521
20522
11067
21538
20525
20526
20527
20631
20529
20530
21017
5487
21439
20976
15606
7846
20537
13513
394
6460
20541
4363
5362
20544
13445
5965
6284
13766
20549
10340
3634
1845
20553
20554
20555
6234
7890
12044
10809
20560
20561
4323
16759
6807
9204
3023
16520
20568
7431
10990
4885
19428
6039
18715
20575
15599
9848
18221
5893
14455
16934
20582
15308
6025
3443
16840
15518
16781
11748
20590
14862
12054
21460
8015
7794
20596
13921
17039
5814
17292
20601
3922
13402
11215
20099
460
8072
21274
14612
2233
9779
5639
2128
20338
20496
2755
20617
10062
21071
20620
9596
7768
12588
9822
15757
20626
5480
20364
9371
11501
3192
12811
7950
3620
6208
14717
13113
18304
10825
20640
16328
20642
623
13250
20645
1057
15122
17832
20649
20650
4448
21809
16160
9713
5049
12026
16982
5755
6830
17137
21825
19977
20581
7467
5409
9657
18741
19239
20669
17596
20671
14267
17217
3788
19393
16225
20677
11493
13215
828
3336
16941
6896
20684
20685
769
17200
6958
8941
9605
14333
14082
21186
20694
15428
1327
8702
21190
13261
20700
19800
10996
3912
20704
6358
1376
4288
9278
16342
9193
21316
7546
3979
3454
14321
21729
13269
417
8864
6869
14241
8532
14650
8680
3430
18713
20505
1456
3748
7348
6061
7128
418
7755
20735
20736
213
13663
9666
20740
13372
14034
20304
664
21321
11810
20773
14446
340
2392
14167
13079
21131
4376
544
17323
8406
4027
20759
11354
12468
5987
9759
839
18635
14277
8753
2133
11202
21386
7955
20974
14593
6895
16077
20776
13030
20778
12336
10205
20781
3117
8303
1126
8206
5192
20787
17577
7012
11129
10340
21015
5864
20794
20795
20796
8792
2071
21569
8411
20801
19176
14219
20804
21458
6542
20807
20808
6317
701
9441
10818
3815
14180
20815
9411
13341
19689
846
19662
2966
16193
5381
4624
3668
11435
13772
10797
1049
9320
7314
1153
4868
17245
9279
20586
20837
20838
3657
4377
7814
13550
10613
17647
20845
14046
10007
14050
20849
14075
7113
16644
2880
7123
9942
9515
18164
19756
17821
8075
6420
7545
20863
14265
129
8049
19994
12028
718
7586
14792
19186
5195
11151
19722
1326
12709
2359
16507
19180
9152
20918
20883
3670
16014
20708
13016
15194
16837
1336
15425
4275
8523
2761
1427
8489
2458
12994
2658
20900
20901
17849
20903
2666
14867
20906
20907
20908
20909
1123
2039
10197
4218
16341
20915
5377
13946
11190
16651
7895
7521
9516
2024
13029
2936
3772
20927
711
20929
20930
14429
4567
10798
21589
744
3982
20201
11057
15648
20143
14000
21125
20943
12216
20945
20946
9906
20948
17809
759
6750
21179
8733
3295
17093
20956
9207
6551
3560
13485
21562
1279
14929
4010
21403
20966
20967
4671
6997
8819
2722
19419
18865
21061
5644
11155
20977
11303
20979
16318
9136
13932
7219
16022
7455
20986
2348
11800
15979
15236
6201
118
16044
20994
16096
12558
14914
18805
20665
10297
21001
3016
7724
969
21121
21006
21007
18761
21009
8799
21011
1082
5284
5659
21015
21016
21017
2164
12889
13372
6994
20255
13220
18566
1840
1452
1801
938
10899
1164
13889
4909
21331
21905
10961
17893
8285
4943
16034
6386
8051
3453
20100
7665
2879
13225
1130
1371
20270
10205
20796
5457
10228
18876
9809
21056
14507
21058
19724
20676
21061
4789
5757
9220
8201
21310
20301
21068
21069
21416
21071
21072
15368
21074
11037
2764
4158
7209
20439
21080
19525
8286
21707
472
21085
4758
15313
5301
4298
3127
5346
17927
20439
19148
383
9334
17701
14740
20667
17739
14828
21102
15504
21104
8704
8064
3380
3293
7616
5238
15037
5801
866
21114
2213
7919
21117
7624
12278
11176
17002
20103
9123
21326
18231
17392
6876
6130
3206
8231
10242
21799
21133
21134
15682
21136
7838
21138
2686
2386
2642
9067
8638
21855
6892
11807
6440
13671
7214
17504
4854
12019
2285
6354
15271
3886
2039
15123
3746
21160
14403
3718
17706
19226
10279
7512
5692
347
10533
15321
7352
11102
21173
1306
15309
21293
4045
3250
21882
5228
19407
8145
21183
21184
3789
9159
11419
4211
21189
11697
9423
21192
18871
1449
1171
5627
1803
10720
12849
21200
11880
2940
21203
6226
16563
15970
11585
10321
18102
21210
21211
1029
12454
21214
17412
12579
9466
10664
21219
2425
8141
15901
20692
19678
5287
552
7245
3939
6839
1875
18948
12840
21233
17101
8474
9653
15403
18847
18205
12861
17015
11736
21243
1139
2381
2552
13982
4204
5651
2414
18303
13323
4132
2534
21255
5975
13758
7908
10342
7899
2542
21108
8530
8923
21265
13259
15673
21942
19832
21270
8639
14018
13014
513
15429
21276
3876
1041
21279
3447
4405
21080
9075
14299
21285
13238
18659
21591
21289
15739
11687
419
1921
15360
21295
21826
9134
1363
8202
21300
6160
19061
21144
5747
11579
14916
10782
13436
16196
16527
21311
9523
16671
8896
21315
11096
145
21318
17639
13265
20745
10909
9427
9581
14899
11218
14297
6453
15970
21330
20048
18132
12132
21334
18714
9109
21337
16718
512
19470
11393
17406
2637
3970
8181
21346
21347
18155
21488
8665
21351
7848
19127
289
14910
21356
21357
17253
3422
1475
2697
9615
5831
9801
9463
6780
21367
19850
8221
21378
4883
20665
21373
8149
369
14093
6108
9722
21379
9042
17532
21382
1460
774
13004
21386
20131
13945
21389
9343
14213
14396
13629
21394
10398
1089
5412
1112
4027
16668
19365
11103
133
10259
6884
16486
21407
21408
21409
11295
10146
6449
15844
21414
21415
16613
16634
16186
4732
1713
21194
3698
21423
14506
20191
21426
2195
8651
21429
1835
21431
15198
6576
5041
21435
11710
21338
6495
506
21440
17516
21442
18261
21444
21670
1968
2069
19352
21449
4799
2473
17753
19341
21454
10832
21456
17110
5283
2958
16340
18573
14631
14957
12843
4597
19312
746
21468
6806
21470
21471
1905
15572
21474
20875
13501
2377
17364
21479
11204
3101
21482
8934
8241
21485
19128
13696
16068
249
7194
16375
11976
17785
16003
526
9908
8511
5898
21499
21500
6544
21502
8506
20569
13600
6071
2519
21508
14549
17906
6822
21512
13095
21514
13389
21516
21179
5478
10226
21520
18204
21695
8878
13359
18899
6466
21527
8404
5251
21530
21531
12004
9222
14351
21535
12904
16352
8188
14238
1096
20890
21542
16515
5697
13057
19835
14634
21548
8800
21550
5924
9042
15413
21554
21555
487
11215
21558
21559
6851
15282
2682
21563
5163
3767
1132
11772
4661
16810
6481
4031
20854
13441
6014
2339
18448
5530
564
14373
2294
16500
9143
12488
17730
16883
2034
17939
7587
11972
8254
19009
10105
13379
18064
6883
19395
13925
1513
15992
11801
3583
8212
6327
4380
10007
16617
6966
15675
21609
21706
6515
943
11910
10074
13821
21616
16730
20193
18927
15679
16858
4500
21623
8899
10283
1088
12839
14806
21629
21630
10264
19005
20164
8758
9211
21636
9853
5691
354
11763
21641
221
18792
6774
18179
9001
20342
7290
21220
3127
19701
21652
3154
21654
11239
12527
12010
18909
21659
3548
7722
12278
12949
15335
7673
18451
21667
4873
6570
9762
10393
21672
19639
6972
5335
7937
20442
13025
4515
4528
21681
17010
21674
3826
18892
3513
17610
8406
20115
1037
15520
6097
6072
21694
20310
21796
21952
21698
15793
21700
13555
21702
21703
11378
21705
21706
3316
3059
21709
16997
257
21712
17680
8167
8312
21716
7246
6581
13056
3803
3134
1747
16904
4979
21725
2457
8777
17757
13597
13083
3185
2830
21733
17671
21735
17036
21737
15753
21739
10560
14138
6330
7882
20072
21745
19776
20401
19623
20332
20251
21013
9085
20901
21602
10155
19073
21757
19590
3970
14213
7927
17807
11494
8485
19721
11699
18710
21768
4941
4061
16838
17759
5918
21774
11148
21776
21777
6075
21779
8960
803
12295
419
757
13993
18983
1573
3307
8145
14247
21553
13085
18040
21225
10084
9540
4200
20859
21799
13645
10092
20358
3140
12723
13573
6647
16090
1195
3243
14046
8705
21812
5923
21412
21815
10359
17583
3169
21369
21820
12240
7409
15860
19984
3983
5179
18416
12290
21829
1928
21831
21832
5333
19894
21835
546
15620
11297
5315
17103
21841
20995
21843
1927
3950
4064
2283
11219
12360
11662
14380
4717
21853
9698
12156
7921
8750
13056
3833
10656
16265
7732
3591
15396
5193
19577
19378
8585
21523
21369
20122
21838
21873
10605
6200
21876
16743
21453
21879
10841
8789
11099
7229
1385
13482
20254
449
2144
2013
21890
21891
14814
21893
19412
12495
14841
21897
21304
13644
21871
21384
17867
16308
7811
21905
20266
8566
4209
5509
21060
14764
20104
17544
5197
2393
166
6439
21918
16923
4188
17965
12602
17705
3040
21925
10584
1805
12614
1367
20590
14968
18281
8602
21934
8548
21936
13517
16584
15373
3371
16773
18428
2044
21944
21945
21946
3998
5489
9499
9139
21951
13513
4568
14216
11143
13979
528
21958
9819
7617
21961
763
1843
13870
11960
1241
17150
21968
11246
21970
21971
12867
4376
18332
4000
13913
21977
2525
1062
1954
2942
17434
13650
10403
16240
21986
21987
7287
14776
19558
21250
13974
3489
13922
13904
21996
15662
21998
8586
22000
64
-1
